#usda 1.0
(
    customLayerData = {
        string creator = "URDF USD Converter v0.1.3"
    }
    defaultPrim = "vlp16_mount"
    doc = """Generated from Composed Stage of root layer /tmp/tmpthlk6pkw/vlp16_mount.usdc


Generated from Composed Stage of root layer /tmp/urdf_import_vlp16_mount_zamea_8l/usdex_vlp16_mount/vlp16_mount.usdc


Generated from Composed Stage of root layer /tmp/urdf_import_vlp16_mount_zamea_8l/temp_vlp16_mount/vlp16_mount.usd


Generated from Composed Stage of root layer /home/dlab27/Desktop/3DOG/sim/assets/vlp16/usd/vlp16_mount.usd/vlp16_mount/payloads/base.usd


Generated from Composed Stage of root layer /home/dlab27/Desktop/3DOG/sim/assets/vlp16/usd/vlp16_mount.usd/vlp16_mount/vlp16_mount.usda
"""
    kilogramsPerUnit = 1
    metersPerUnit = 1
    upAxis = "Z"
)

def Xform "vlp16_mount" (
    apiSchemas = ["GeomModelAPI"]
    assetInfo = {
        string name = "vlp16_mount"
    }
    kind = "component"
)
{
    float3[] extentsHint = [(-0.064007975, -0.05181433, -0.023), (0.051814318, 0.05181433, 0.069850005)]
    custom rel isaac:physics:robotJoints
    custom rel isaac:physics:robotLinks
    custom token isaac:robotType = "Default"

    def Scope "Geometry" (
        apiSchemas = None
    )
    {
        def Xform "vlp16_mount" (
            apiSchemas = None
        )
        {
            def Cube "box" (
                apiSchemas = ["MaterialBindingAPI"]
            )
            {
                float3[] extent = [(-0.5, -0.5, -0.5), (0.5, 0.5, 0.5)]
                rel material:binding = </vlp16_mount/Materials/mount_grey>
                double size = 1
                quatf xformOp:orient = (1, 0, 0, 0)
                float3 xformOp:scale = (0.1, 0.1, 0.023)
                double3 xformOp:translate = (0, 0, -0.0115)
                uniform token[] xformOpOrder = ["xformOp:translate", "xformOp:orient", "xformOp:scale"]
            }

            def Xform "VLP16_base_1" (
                instanceable = false
            )
            {
                quatd xformOp:orient = (1, 0, 0, 0)
                double3 xformOp:scale = (1, 1, 1)
                double3 xformOp:translate = (0, 0, 0)
                uniform token[] xformOpOrder = ["xformOp:translate", "xformOp:orient", "xformOp:scale"]

                def Mesh "VLP16_base_1" (
                    apiSchemas = ["MaterialBindingAPI"]
                )
                {
                    float3[] extent = [(-0.064007975, -0.05181433, -4.9377125e-9), (0.051814318, 0.05181433, 0.015748005)]
                    int[] faceVertexCounts = [3, 3, 3, 3, 3, 3, 3, 3, 3, 3, 3, 3, 3, 3, 3, 3, 3, 3, 3, 3, 3, 3, 3, 3, 3, 3, 3, 3, 3, 3, 3, 3, 3, 3, 3, 3, 3, 3, 3, 3, 3, 3, 3, 3, 3, 3, 3, 3, 3, 3, 3, 3, 3, 3, 3, 3, 3, 3, 3, 3, 3, 3, 3, 3, 3, 3, 3, 3, 3, 3, 3, 3, 3, 3, 3, 3, 3, 3, 3, 3, 3, 3, 3, 3, 3, 3, 3, 3, 3, 3, 3, 3, 3, 3, 3, 3, 3, 3, 3, 3, 3, 3, 3, 3, 3, 3, 3, 3, 3, 3, 3, 3, 3, 3, 3, 3, 3, 3, 3, 3, 3, 3, 3, 3, 3, 3, 3, 3, 3, 3, 3, 3, 3, 3, 3, 3, 3, 3, 3, 3, 3, 3, 3, 3, 3, 3, 3, 3, 3, 3, 3, 3, 3, 3, 3, 3, 3, 3, 3, 3, 3, 3, 3, 3, 3, 3, 3, 3, 3, 3, 3, 3, 3, 3, 3, 3, 3, 3, 3, 3, 3, 3, 3, 3, 3, 3, 3, 3, 3, 3, 3, 3, 3, 3, 3, 3, 3, 3, 3, 3, 3, 3, 3, 3, 3, 3, 3, 3, 3, 3, 3, 3, 3, 3, 3, 3, 3, 3, 3, 3, 3, 3, 3, 3, 3, 3, 3, 3, 3, 3, 3, 3, 3, 3, 3, 3, 3, 3, 3, 3, 3, 3, 3, 3, 3, 3, 3, 3, 3, 3, 3, 3, 3, 3, 3, 3, 3, 3, 3, 3, 3, 3, 3, 3, 3, 3, 3, 3, 3, 3, 3, 3, 3, 3, 3, 3, 3, 3, 3, 3, 3, 3, 3, 3, 3, 3, 3, 3, 3, 3, 3, 3, 3, 3, 3, 3, 3, 3, 3, 3, 3, 3, 3, 3, 3, 3, 3, 3, 3, 3, 3, 3, 3, 3, 3, 3, 3, 3, 3, 3, 3, 3, 3, 3, 3, 3, 3, 3, 3, 3, 3, 3, 3, 3, 3, 3, 3, 3, 3, 3, 3, 3, 3, 3, 3, 3, 3, 3, 3, 3, 3, 3, 3, 3, 3, 3, 3, 3, 3, 3, 3, 3, 3, 3, 3, 3, 3, 3, 3, 3, 3, 3, 3, 3, 3, 3, 3, 3, 3, 3, 3, 3, 3, 3, 3, 3, 3, 3, 3, 3, 3, 3, 3, 3, 3, 3, 3, 3, 3, 3, 3, 3, 3, 3, 3, 3, 3, 3, 3, 3, 3, 3, 3, 3, 3, 3, 3, 3, 3, 3, 3, 3, 3, 3, 3, 3, 3, 3, 3, 3, 3, 3, 3, 3, 3, 3, 3, 3, 3, 3, 3, 3, 3, 3, 3, 3, 3, 3, 3, 3, 3, 3, 3, 3, 3, 3, 3, 3, 3, 3, 3, 3, 3, 3, 3, 3, 3, 3, 3, 3, 3, 3, 3, 3, 3, 3, 3, 3, 3, 3, 3, 3, 3, 3, 3, 3, 3, 3, 3, 3, 3, 3, 3, 3, 3, 3, 3, 3, 3, 3, 3, 3, 3, 3, 3, 3, 3, 3, 3, 3, 3, 3, 3, 3, 3, 3, 3, 3, 3, 3, 3, 3, 3, 3, 3, 3, 3, 3, 3, 3, 3, 3, 3, 3, 3, 3, 3, 3, 3, 3, 3, 3, 3, 3, 3, 3, 3, 3, 3, 3, 3, 3, 3, 3, 3, 3, 3, 3, 3, 3, 3, 3, 3, 3, 3, 3, 3, 3, 3, 3, 3, 3, 3, 3, 3, 3, 3, 3, 3, 3, 3, 3, 3, 3, 3, 3, 3, 3, 3, 3, 3, 3, 3, 3, 3, 3, 3, 3, 3, 3, 3, 3, 3, 3, 3, 3, 3, 3, 3, 3, 3, 3, 3, 3, 3, 3, 3, 3, 3, 3, 3, 3, 3, 3, 3, 3, 3, 3, 3, 3, 3, 3, 3, 3, 3, 3, 3, 3, 3, 3, 3, 3, 3, 3, 3, 3, 3, 3, 3, 3, 3, 3, 3, 3, 3, 3, 3, 3, 3, 3, 3, 3, 3, 3, 3, 3, 3, 3, 3, 3, 3, 3, 3, 3, 3, 3, 3, 3, 3, 3, 3, 3, 3, 3, 3, 3, 3, 3, 3, 3, 3, 3, 3, 3, 3, 3, 3, 3, 3, 3, 3, 3, 3, 3, 3, 3, 3, 3, 3, 3, 3, 3, 3, 3, 3, 3, 3, 3, 3, 3, 3, 3, 3, 3, 3, 3, 3, 3, 3, 3, 3, 3, 3, 3, 3, 3, 3, 3, 3, 3, 3, 3, 3, 3, 3, 3, 3, 3, 3, 3, 3, 3, 3, 3, 3, 3, 3, 3, 3, 3, 3, 3, 3, 3, 3, 3, 3, 3, 3, 3, 3, 3, 3, 3, 3, 3, 3, 3, 3, 3, 3, 3, 3, 3, 3, 3, 3, 3, 3, 3, 3, 3, 3, 3, 3, 3, 3, 3, 3, 3, 3, 3, 3, 3, 3, 3, 3, 3, 3, 3, 3, 3, 3, 3, 3, 3, 3, 3, 3, 3, 3, 3, 3, 3, 3, 3, 3, 3, 3, 3, 3, 3, 3, 3, 3, 3, 3, 3, 3, 3, 3, 3, 3, 3, 3, 3, 3, 3, 3, 3, 3, 3, 3, 3, 3, 3, 3, 3, 3, 3, 3, 3, 3, 3, 3, 3, 3, 3, 3, 3, 3, 3, 3, 3, 3, 3, 3, 3, 3, 3, 3, 3, 3, 3, 3, 3, 3, 3, 3, 3, 3, 3, 3, 3, 3, 3, 3, 3, 3, 3, 3, 3, 3, 3, 3, 3, 3, 3, 3, 3, 3, 3, 3, 3, 3, 3, 3, 3, 3, 3, 3, 3, 3, 3, 3, 3, 3, 3, 3, 3, 3, 3, 3, 3, 3, 3, 3, 3, 3, 3, 3, 3, 3, 3, 3, 3, 3, 3, 3, 3, 3, 3, 3, 3, 3, 3, 3, 3, 3, 3, 3, 3, 3, 3, 3, 3, 3, 3, 3, 3, 3, 3, 3, 3, 3, 3, 3, 3, 3, 3, 3, 3, 3, 3, 3, 3, 3, 3, 3, 3, 3, 3, 3, 3, 3, 3, 3, 3, 3, 3, 3, 3, 3, 3, 3, 3, 3, 3, 3, 3, 3, 3, 3, 3, 3, 3, 3, 3, 3, 3, 3, 3, 3, 3, 3, 3, 3, 3, 3, 3, 3, 3, 3, 3, 3, 3, 3, 3, 3, 3, 3, 3, 3, 3, 3, 3, 3, 3, 3, 3, 3, 3, 3, 3, 3, 3, 3, 3, 3, 3, 3, 3, 3, 3, 3, 3, 3, 3, 3, 3, 3, 3, 3, 3, 3, 3, 3, 3, 3, 3, 3, 3, 3, 3, 3, 3, 3, 3, 3, 3, 3, 3, 3, 3, 3, 3, 3, 3, 3, 3, 3, 3, 3, 3, 3, 3, 3, 3, 3, 3, 3, 3, 3, 3, 3, 3, 3, 3, 3, 3, 3, 3, 3, 3, 3, 3, 3, 3, 3, 3, 3, 3, 3, 3, 3, 3, 3, 3, 3, 3, 3, 3, 3, 3, 3, 3, 3, 3, 3, 3, 3, 3, 3, 3, 3, 3, 3, 3, 3, 3, 3, 3, 3, 3, 3, 3, 3, 3, 3, 3, 3, 3, 3, 3, 3, 3, 3, 3, 3, 3, 3, 3, 3, 3, 3, 3, 3, 3, 3, 3, 3, 3, 3, 3, 3, 3, 3, 3, 3, 3, 3, 3, 3, 3, 3, 3, 3, 3, 3, 3, 3, 3, 3, 3, 3, 3, 3, 3, 3, 3, 3, 3, 3, 3, 3, 3, 3, 3, 3, 3, 3, 3, 3, 3, 3, 3, 3, 3, 3, 3, 3, 3, 3, 3, 3, 3, 3, 3, 3, 3, 3, 3, 3, 3, 3, 3, 3, 3, 3, 3, 3, 3, 3, 3, 3, 3, 3, 3, 3, 3, 3, 3, 3, 3, 3, 3, 3, 3, 3, 3, 3, 3, 3, 3, 3, 3, 3, 3, 3, 3, 3, 3, 3, 3, 3, 3, 3, 3, 3, 3, 3, 3, 3, 3, 3, 3, 3, 3, 3, 3, 3, 3, 3, 3, 3, 3, 3, 3, 3, 3, 3, 3, 3, 3, 3, 3, 3, 3, 3, 3, 3, 3, 3, 3, 3, 3, 3, 3, 3, 3, 3, 3, 3, 3, 3, 3, 3, 3, 3, 3, 3, 3, 3, 3, 3, 3, 3, 3, 3, 3, 3, 3, 3, 3, 3, 3, 3, 3, 3, 3, 3, 3, 3, 3, 3, 3, 3, 3, 3, 3, 3, 3, 3, 3, 3, 3, 3, 3, 3, 3, 3, 3, 3, 3, 3, 3, 3, 3, 3, 3, 3, 3, 3, 3, 3, 3, 3, 3, 3, 3, 3, 3, 3, 3, 3, 3, 3, 3, 3, 3, 3, 3, 3, 3, 3, 3, 3, 3, 3, 3, 3, 3, 3, 3, 3, 3, 3, 3, 3, 3, 3, 3, 3, 3, 3, 3, 3, 3, 3, 3, 3, 3, 3, 3, 3, 3, 3, 3, 3, 3, 3, 3, 3, 3, 3, 3, 3, 3, 3, 3, 3, 3, 3, 3, 3, 3, 3, 3, 3, 3, 3, 3, 3, 3, 3, 3, 3, 3, 3, 3, 3, 3, 3, 3, 3, 3, 3, 3, 3, 3, 3, 3, 3, 3, 3, 3, 3, 3, 3, 3, 3, 3, 3, 3, 3, 3, 3, 3, 3, 3, 3, 3, 3, 3, 3, 3, 3, 3, 3, 3, 3, 3, 3, 3, 3, 3, 3, 3, 3, 3, 3, 3, 3, 3, 3, 3, 3, 3, 3, 3, 3, 3, 3, 3, 3, 3, 3, 3, 3, 3, 3, 3, 3, 3, 3, 3, 3, 3, 3, 3, 3, 3, 3, 3, 3, 3, 3, 3, 3, 3, 3, 3, 3, 3, 3, 3, 3, 3, 3, 3, 3, 3, 3, 3, 3, 3, 3, 3, 3, 3, 3, 3, 3, 3, 3, 3, 3, 3, 3, 3, 3, 3, 3, 3, 3, 3, 3, 3, 3, 3, 3, 3, 3, 3, 3, 3, 3, 3, 3, 3, 3, 3, 3, 3, 3, 3, 3, 3, 3, 3, 3, 3, 3, 3, 3, 3, 3, 3, 3, 3, 3, 3, 3, 3, 3, 3, 3, 3, 3, 3, 3, 3, 3, 3, 3, 3, 3, 3, 3, 3, 3, 3, 3, 3, 3, 3, 3, 3, 3, 3, 3, 3, 3, 3, 3, 3, 3, 3, 3, 3, 3, 3, 3, 3, 3, 3, 3, 3, 3, 3, 3, 3, 3, 3, 3, 3, 3, 3, 3, 3, 3, 3, 3, 3, 3, 3, 3, 3, 3, 3, 3, 3, 3, 3, 3, 3, 3, 3, 3, 3, 3, 3, 3, 3, 3, 3, 3, 3, 3, 3, 3, 3, 3, 3, 3, 3, 3, 3, 3, 3, 3, 3, 3, 3, 3, 3, 3, 3, 3, 3, 3, 3, 3, 3, 3, 3, 3, 3, 3, 3, 3, 3, 3, 3, 3, 3, 3, 3, 3, 3, 3, 3, 3, 3, 3, 3, 3, 3, 3, 3, 3, 3, 3, 3, 3, 3, 3, 3, 3, 3, 3, 3, 3, 3, 3, 3, 3, 3, 3, 3, 3, 3, 3, 3, 3, 3, 3, 3, 3, 3, 3, 3, 3, 3, 3, 3, 3, 3, 3, 3, 3, 3, 3, 3, 3, 3, 3, 3, 3, 3, 3, 3, 3, 3, 3, 3, 3, 3, 3, 3, 3, 3, 3, 3, 3, 3, 3, 3, 3, 3, 3, 3, 3, 3, 3, 3, 3, 3, 3, 3, 3, 3, 3, 3, 3, 3, 3, 3, 3, 3, 3, 3, 3, 3, 3, 3, 3, 3, 3, 3, 3, 3, 3, 3, 3, 3, 3, 3, 3, 3, 3, 3, 3, 3, 3, 3, 3, 3, 3, 3, 3, 3]
                    int[] faceVertexIndices = [0, 1, 2, 0, 2, 3, 4, 5, 2, 2, 5, 6, 2, 6, 3, 7, 8, 2, 2, 8, 9, 2, 9, 4, 10, 11, 2, 2, 11, 12, 2, 12, 7, 13, 14, 2, 2, 14, 15, 2, 15, 10, 16, 17, 2, 2, 17, 18, 2, 18, 13, 19, 20, 2, 2, 20, 21, 2, 21, 16, 22, 23, 2, 2, 23, 24, 2, 24, 19, 25, 26, 2, 2, 26, 27, 2, 27, 22, 28, 29, 2, 2, 29, 30, 2, 30, 25, 31, 32, 2, 2, 32, 33, 2, 33, 28, 1, 34, 2, 2, 34, 35, 2, 35, 31, 36, 3, 37, 37, 3, 6, 37, 6, 38, 38, 6, 5, 38, 5, 39, 39, 5, 4, 39, 4, 40, 40, 4, 9, 40, 9, 41, 41, 9, 8, 41, 8, 42, 42, 8, 7, 42, 7, 43, 43, 7, 12, 43, 12, 44, 44, 12, 11, 44, 11, 45, 45, 11, 10, 45, 10, 46, 46, 10, 15, 46, 15, 47, 47, 15, 14, 47, 14, 48, 48, 14, 13, 48, 13, 49, 49, 13, 18, 49, 18, 50, 50, 18, 17, 50, 17, 51, 51, 17, 16, 51, 16, 52, 52, 16, 21, 52, 21, 53, 53, 21, 20, 53, 20, 54, 54, 20, 19, 54, 19, 55, 55, 19, 24, 55, 24, 56, 56, 24, 23, 56, 23, 57, 57, 23, 22, 57, 22, 58, 58, 22, 27, 58, 27, 59, 59, 27, 26, 59, 26, 60, 60, 26, 25, 60, 25, 61, 61, 25, 30, 61, 30, 62, 62, 30, 29, 62, 29, 63, 63, 29, 28, 63, 28, 64, 64, 28, 33, 64, 33, 65, 65, 33, 32, 65, 32, 66, 66, 32, 31, 66, 31, 67, 67, 31, 35, 67, 35, 68, 68, 35, 34, 68, 34, 69, 69, 34, 1, 69, 1, 70, 70, 1, 0, 70, 0, 36, 36, 0, 3, 71, 66, 72, 72, 66, 67, 72, 67, 73, 73, 67, 68, 73, 68, 74, 74, 68, 69, 74, 69, 75, 75, 69, 70, 75, 70, 76, 76, 70, 36, 76, 36, 77, 77, 36, 37, 77, 37, 78, 78, 37, 38, 78, 38, 79, 79, 38, 39, 79, 39, 80, 80, 39, 40, 80, 40, 81, 82, 54, 83, 83, 54, 55, 83, 55, 84, 84, 55, 56, 84, 56, 85, 85, 56, 57, 85, 57, 86, 86, 57, 58, 86, 58, 87, 87, 58, 59, 87, 59, 88, 88, 59, 60, 88, 60, 89, 89, 60, 61, 89, 61, 90, 90, 61, 62, 90, 62, 91, 91, 62, 63, 91, 63, 92, 92, 63, 64, 92, 64, 71, 71, 64, 65, 71, 65, 66, 40, 41, 81, 81, 41, 42, 81, 42, 93, 93, 42, 43, 93, 43, 94, 94, 43, 44, 94, 44, 95, 95, 44, 45, 95, 45, 96, 96, 45, 46, 96, 46, 97, 97, 46, 47, 97, 47, 98, 98, 47, 48, 98, 48, 99, 99, 48, 49, 99, 49, 100, 100, 49, 50, 100, 50, 101, 101, 50, 51, 101, 51, 102, 102, 51, 52, 102, 52, 82, 82, 52, 53, 82, 53, 54, 103, 77, 104, 104, 77, 78, 104, 78, 105, 105, 78, 79, 105, 79, 106, 106, 79, 80, 106, 80, 107, 107, 80, 81, 107, 81, 108, 108, 81, 93, 108, 93, 109, 109, 93, 94, 109, 94, 110, 110, 94, 95, 110, 95, 111, 111, 95, 96, 111, 96, 112, 112, 96, 97, 112, 97, 113, 113, 97, 98, 113, 98, 114, 114, 98, 99, 114, 99, 115, 115, 99, 100, 115, 100, 116, 116, 100, 101, 116, 101, 117, 117, 101, 102, 117, 102, 118, 118, 102, 82, 118, 82, 119, 119, 82, 83, 119, 83, 120, 120, 83, 84, 120, 84, 121, 121, 84, 85, 121, 85, 122, 122, 85, 86, 122, 86, 123, 123, 86, 87, 123, 87, 124, 124, 87, 88, 124, 88, 125, 125, 88, 89, 125, 89, 126, 126, 89, 90, 126, 90, 127, 127, 90, 91, 127, 91, 128, 128, 91, 92, 128, 92, 129, 129, 92, 71, 129, 71, 130, 130, 71, 72, 130, 72, 131, 131, 72, 73, 131, 73, 132, 132, 73, 74, 132, 74, 133, 133, 74, 75, 133, 75, 134, 134, 75, 76, 134, 76, 103, 103, 76, 77, 103, 104, 135, 103, 135, 134, 131, 132, 135, 135, 132, 133, 135, 133, 134, 128, 129, 135, 135, 129, 130, 135, 130, 131, 125, 126, 135, 135, 126, 127, 135, 127, 128, 122, 123, 135, 135, 123, 124, 135, 124, 125, 119, 120, 135, 135, 120, 121, 135, 121, 122, 116, 117, 135, 135, 117, 118, 135, 118, 119, 113, 114, 135, 135, 114, 115, 135, 115, 116, 110, 111, 135, 135, 111, 112, 135, 112, 113, 107, 108, 135, 135, 108, 109, 135, 109, 110, 104, 105, 135, 135, 105, 106, 135, 106, 107, 136, 137, 138, 138, 137, 139, 140, 141, 142, 142, 141, 137, 142, 137, 143, 143, 137, 136, 143, 136, 144, 145, 146, 147, 148, 149, 140, 140, 149, 150, 140, 150, 141, 141, 150, 151, 141, 151, 137, 137, 151, 152, 153, 154, 155, 155, 154, 156, 154, 142, 156, 156, 142, 143, 156, 143, 157, 143, 144, 157, 157, 144, 136, 157, 136, 158, 158, 136, 138, 158, 138, 152, 152, 138, 139, 152, 139, 137, 147, 146, 159, 159, 146, 160, 159, 160, 161, 162, 163, 164, 164, 163, 165, 147, 166, 145, 145, 166, 167, 145, 167, 168, 168, 167, 169, 168, 169, 170, 170, 169, 171, 170, 171, 172, 172, 171, 173, 172, 173, 174, 173, 175, 174, 174, 175, 176, 174, 176, 177, 177, 176, 178, 177, 178, 179, 179, 178, 180, 179, 180, 181, 181, 180, 182, 181, 182, 183, 183, 182, 184, 183, 184, 185, 185, 184, 186, 185, 186, 187, 186, 188, 187, 187, 188, 189, 187, 189, 190, 190, 189, 191, 190, 191, 192, 192, 191, 193, 192, 193, 194, 194, 193, 195, 194, 195, 196, 197, 198, 155, 155, 198, 199, 155, 199, 153, 195, 200, 196, 196, 200, 201, 196, 201, 202, 202, 201, 203, 202, 203, 204, 204, 203, 205, 204, 205, 206, 206, 205, 207, 206, 207, 208, 208, 207, 209, 208, 209, 210, 210, 209, 211, 210, 211, 197, 197, 211, 212, 197, 212, 198, 213, 214, 215, 215, 214, 216, 216, 214, 149, 216, 149, 217, 217, 149, 148, 217, 148, 218, 215, 219, 213, 213, 219, 220, 213, 220, 221, 221, 220, 222, 221, 222, 223, 223, 222, 224, 223, 224, 225, 225, 224, 226, 225, 226, 227, 227, 226, 228, 227, 228, 229, 229, 228, 230, 229, 230, 231, 230, 232, 231, 231, 232, 233, 231, 233, 234, 234, 233, 235, 234, 235, 236, 236, 235, 237, 236, 237, 238, 238, 237, 239, 238, 239, 240, 240, 239, 241, 240, 241, 242, 242, 241, 243, 242, 243, 244, 243, 245, 244, 244, 245, 246, 244, 246, 247, 247, 246, 248, 247, 248, 249, 249, 248, 250, 249, 250, 251, 251, 250, 252, 251, 252, 253, 253, 252, 254, 253, 254, 255, 255, 254, 256, 255, 256, 257, 256, 258, 257, 257, 258, 259, 257, 259, 260, 260, 259, 261, 260, 261, 165, 165, 261, 262, 165, 262, 164, 263, 264, 148, 148, 264, 265, 148, 265, 218, 266, 140, 267, 267, 140, 142, 267, 142, 268, 268, 142, 269, 265, 270, 271, 266, 272, 140, 140, 272, 273, 140, 273, 274, 271, 275, 265, 265, 275, 276, 265, 276, 277, 278, 154, 279, 279, 154, 153, 279, 153, 280, 280, 153, 281, 278, 282, 154, 154, 282, 283, 154, 283, 142, 142, 283, 284, 142, 284, 269, 274, 285, 140, 140, 285, 286, 140, 286, 148, 148, 286, 287, 148, 287, 263, 277, 288, 265, 265, 288, 289, 265, 289, 218, 290, 291, 292, 292, 291, 293, 292, 293, 265, 265, 293, 294, 265, 294, 270, 295, 296, 297, 297, 296, 298, 281, 153, 297, 297, 153, 299, 297, 299, 295, 300, 301, 302, 302, 301, 303, 302, 303, 304, 304, 303, 305, 304, 305, 306, 306, 305, 307, 306, 307, 308, 308, 307, 309, 308, 309, 310, 310, 309, 311, 310, 311, 312, 312, 311, 313, 312, 313, 314, 314, 313, 315, 314, 315, 292, 292, 315, 316, 292, 316, 290, 297, 317, 318, 298, 319, 297, 297, 319, 320, 297, 320, 317, 318, 321, 297, 297, 321, 322, 297, 322, 300, 300, 322, 323, 300, 323, 301, 162, 324, 163, 163, 324, 325, 324, 326, 325, 325, 326, 327, 325, 327, 328, 329, 330, 331, 331, 330, 328, 331, 328, 332, 332, 328, 327, 333, 334, 335, 335, 334, 330, 335, 330, 336, 336, 330, 329, 333, 337, 334, 334, 337, 338, 334, 338, 339, 338, 340, 339, 339, 340, 341, 339, 341, 342, 341, 343, 342, 342, 343, 344, 342, 344, 345, 346, 347, 348, 348, 347, 345, 348, 345, 349, 349, 345, 344, 350, 351, 352, 352, 351, 347, 352, 347, 353, 353, 347, 346, 350, 354, 351, 351, 354, 355, 351, 355, 356, 355, 357, 356, 356, 357, 358, 356, 358, 359, 358, 360, 359, 359, 360, 361, 359, 361, 362, 363, 364, 365, 365, 364, 362, 365, 362, 366, 366, 362, 361, 367, 368, 369, 369, 368, 364, 369, 364, 370, 370, 364, 363, 367, 371, 368, 368, 371, 372, 368, 372, 373, 372, 374, 373, 373, 374, 375, 373, 375, 376, 375, 377, 376, 376, 377, 378, 376, 378, 379, 380, 381, 382, 382, 381, 379, 382, 379, 383, 383, 379, 378, 384, 385, 386, 386, 385, 381, 386, 381, 387, 387, 381, 380, 384, 388, 385, 385, 388, 389, 385, 389, 390, 389, 391, 390, 390, 391, 392, 390, 392, 393, 392, 394, 393, 393, 394, 395, 393, 395, 396, 397, 398, 399, 399, 398, 396, 399, 396, 400, 400, 396, 395, 401, 402, 403, 403, 402, 398, 403, 398, 404, 404, 398, 397, 401, 405, 402, 402, 405, 406, 402, 406, 407, 406, 408, 407, 407, 408, 409, 407, 409, 410, 161, 160, 411, 411, 160, 410, 411, 410, 412, 412, 410, 409, 293, 291, 413, 290, 316, 414, 323, 415, 301, 319, 298, 416, 417, 418, 419, 420, 421, 422, 423, 424, 425, 426, 427, 428, 429, 430, 431, 432, 433, 434, 435, 436, 437, 438, 439, 440, 440, 439, 162, 441, 442, 443, 443, 444, 441, 441, 444, 445, 441, 445, 446, 446, 445, 447, 446, 447, 448, 448, 447, 449, 448, 449, 450, 450, 449, 451, 450, 451, 452, 452, 451, 453, 452, 453, 454, 454, 453, 455, 454, 455, 456, 456, 455, 457, 456, 457, 458, 458, 457, 459, 458, 459, 460, 460, 459, 461, 460, 461, 462, 462, 461, 463, 462, 463, 464, 464, 463, 465, 464, 465, 466, 466, 465, 467, 466, 467, 468, 468, 467, 469, 468, 469, 470, 470, 469, 471, 470, 471, 472, 472, 471, 473, 472, 473, 474, 474, 473, 475, 474, 475, 476, 476, 475, 477, 476, 477, 478, 478, 477, 479, 478, 479, 480, 480, 479, 481, 480, 481, 482, 482, 481, 483, 482, 483, 484, 484, 483, 485, 484, 485, 486, 486, 485, 487, 486, 487, 488, 488, 487, 489, 488, 489, 490, 490, 489, 491, 490, 491, 492, 492, 491, 493, 492, 493, 494, 494, 493, 495, 494, 495, 496, 496, 495, 497, 496, 497, 498, 498, 497, 499, 498, 499, 500, 500, 499, 501, 500, 501, 502, 502, 501, 503, 502, 503, 504, 504, 503, 505, 504, 505, 506, 506, 505, 507, 506, 507, 508, 508, 507, 509, 508, 509, 510, 510, 509, 511, 510, 511, 512, 512, 511, 513, 512, 513, 514, 514, 513, 515, 514, 515, 516, 516, 515, 428, 516, 428, 517, 517, 428, 427, 517, 427, 518, 161, 519, 159, 159, 519, 520, 159, 520, 147, 147, 520, 521, 147, 521, 166, 166, 521, 522, 166, 522, 167, 167, 522, 169, 169, 522, 523, 169, 523, 171, 171, 523, 173, 173, 523, 524, 173, 524, 175, 175, 524, 525, 175, 525, 176, 526, 182, 527, 527, 182, 180, 527, 180, 525, 525, 180, 178, 525, 178, 176, 528, 188, 529, 529, 188, 186, 529, 186, 526, 526, 186, 184, 526, 184, 182, 530, 191, 528, 528, 191, 189, 528, 189, 188, 203, 201, 531, 531, 201, 200, 531, 200, 532, 532, 200, 195, 532, 195, 530, 530, 195, 193, 530, 193, 191, 203, 531, 205, 205, 531, 533, 205, 533, 207, 207, 533, 534, 207, 534, 209, 209, 534, 211, 211, 534, 535, 211, 535, 212, 212, 535, 416, 212, 416, 198, 298, 296, 416, 416, 296, 295, 416, 295, 299, 198, 416, 199, 199, 416, 299, 199, 299, 153, 318, 317, 536, 536, 317, 320, 303, 537, 538, 311, 309, 539, 539, 309, 307, 539, 307, 538, 538, 307, 305, 538, 305, 303, 311, 539, 313, 313, 539, 540, 313, 540, 315, 293, 413, 294, 275, 271, 541, 541, 271, 270, 218, 289, 217, 217, 289, 216, 288, 277, 542, 542, 277, 276, 219, 215, 543, 543, 215, 216, 543, 216, 542, 542, 216, 289, 542, 289, 288, 219, 543, 220, 220, 543, 544, 220, 544, 222, 222, 544, 545, 222, 545, 224, 224, 545, 226, 226, 545, 546, 226, 546, 228, 228, 546, 547, 228, 547, 230, 230, 547, 232, 232, 547, 548, 232, 548, 233, 233, 548, 235, 235, 548, 549, 235, 549, 237, 237, 549, 550, 237, 550, 239, 551, 245, 552, 552, 245, 243, 552, 243, 550, 550, 243, 241, 550, 241, 239, 553, 250, 554, 554, 250, 248, 554, 248, 551, 551, 248, 246, 551, 246, 245, 555, 254, 553, 553, 254, 252, 553, 252, 250, 556, 259, 557, 557, 259, 258, 557, 258, 555, 555, 258, 256, 555, 256, 254, 162, 164, 440, 440, 164, 262, 440, 262, 556, 556, 262, 261, 556, 261, 259, 519, 417, 520, 520, 417, 419, 520, 419, 521, 521, 419, 558, 521, 558, 522, 522, 558, 559, 522, 559, 523, 523, 559, 560, 523, 560, 524, 524, 560, 561, 524, 561, 525, 525, 561, 562, 525, 562, 527, 527, 562, 563, 527, 563, 526, 526, 563, 564, 526, 564, 529, 529, 564, 565, 529, 565, 528, 528, 565, 566, 528, 566, 530, 530, 566, 567, 530, 567, 532, 532, 567, 568, 532, 568, 531, 531, 568, 569, 531, 569, 533, 533, 569, 570, 533, 570, 534, 534, 570, 571, 534, 571, 535, 535, 571, 572, 535, 572, 416, 416, 572, 536, 416, 536, 319, 319, 536, 320, 276, 275, 542, 542, 275, 541, 542, 541, 543, 543, 541, 573, 543, 573, 544, 544, 573, 574, 544, 574, 545, 545, 574, 575, 545, 575, 546, 546, 575, 576, 546, 576, 547, 547, 576, 577, 547, 577, 548, 548, 577, 578, 548, 578, 549, 549, 578, 579, 549, 579, 550, 550, 579, 580, 550, 580, 552, 552, 580, 581, 552, 581, 551, 551, 581, 582, 551, 582, 554, 554, 582, 583, 554, 583, 553, 553, 583, 584, 553, 584, 555, 555, 584, 585, 555, 585, 557, 557, 585, 586, 557, 586, 556, 556, 586, 587, 556, 587, 440, 440, 587, 437, 440, 437, 438, 438, 437, 436, 418, 588, 419, 419, 588, 589, 419, 589, 558, 558, 589, 590, 558, 590, 559, 559, 590, 591, 559, 591, 560, 560, 591, 592, 560, 592, 561, 561, 592, 593, 561, 593, 562, 562, 593, 594, 562, 594, 563, 563, 594, 595, 563, 595, 564, 564, 595, 596, 564, 596, 565, 565, 596, 597, 565, 597, 566, 566, 597, 598, 566, 598, 567, 567, 598, 599, 567, 599, 568, 568, 599, 600, 568, 600, 569, 569, 600, 601, 569, 601, 570, 570, 601, 602, 570, 602, 571, 571, 602, 603, 571, 603, 572, 572, 603, 604, 572, 604, 536, 536, 604, 605, 536, 605, 318, 318, 605, 321, 270, 294, 541, 541, 294, 413, 541, 413, 573, 573, 413, 606, 573, 606, 574, 574, 606, 607, 574, 607, 575, 575, 607, 608, 575, 608, 576, 576, 608, 609, 576, 609, 577, 577, 609, 610, 577, 610, 578, 578, 610, 611, 578, 611, 579, 579, 611, 612, 579, 612, 580, 580, 612, 613, 580, 613, 581, 581, 613, 614, 581, 614, 582, 582, 614, 615, 582, 615, 583, 583, 615, 616, 583, 616, 584, 584, 616, 617, 584, 617, 585, 585, 617, 618, 585, 618, 586, 586, 618, 619, 586, 619, 587, 587, 619, 620, 587, 620, 437, 437, 620, 434, 437, 434, 435, 435, 434, 433, 588, 420, 589, 589, 420, 422, 589, 422, 590, 590, 422, 621, 590, 621, 591, 591, 621, 622, 591, 622, 592, 592, 622, 623, 592, 623, 593, 593, 623, 624, 593, 624, 594, 594, 624, 625, 594, 625, 595, 595, 625, 626, 595, 626, 596, 596, 626, 627, 596, 627, 597, 597, 627, 628, 597, 628, 598, 598, 628, 629, 598, 629, 599, 599, 629, 630, 599, 630, 600, 600, 630, 631, 600, 631, 601, 601, 631, 632, 601, 632, 602, 602, 632, 633, 602, 633, 603, 603, 633, 634, 603, 634, 604, 604, 634, 635, 604, 635, 605, 605, 635, 636, 605, 636, 321, 321, 636, 415, 321, 415, 322, 322, 415, 323, 637, 432, 638, 638, 432, 434, 638, 434, 639, 639, 434, 620, 639, 620, 640, 640, 620, 619, 640, 619, 641, 641, 619, 618, 641, 618, 642, 642, 618, 617, 642, 617, 643, 643, 617, 616, 643, 616, 644, 644, 616, 615, 644, 615, 645, 645, 615, 614, 645, 614, 646, 646, 614, 613, 646, 613, 647, 647, 613, 612, 647, 612, 648, 648, 612, 611, 648, 611, 649, 649, 611, 610, 649, 610, 650, 650, 610, 609, 650, 609, 651, 651, 609, 608, 651, 608, 652, 652, 608, 607, 652, 607, 653, 653, 607, 606, 653, 606, 654, 654, 606, 413, 654, 413, 414, 414, 413, 291, 414, 291, 290, 421, 423, 422, 422, 423, 425, 422, 425, 621, 621, 425, 655, 621, 655, 622, 622, 655, 656, 622, 656, 623, 623, 656, 657, 623, 657, 624, 624, 657, 658, 624, 658, 625, 625, 658, 659, 625, 659, 626, 626, 659, 660, 626, 660, 627, 627, 660, 661, 627, 661, 628, 628, 661, 662, 628, 662, 629, 629, 662, 663, 629, 663, 630, 630, 663, 664, 630, 664, 631, 631, 664, 665, 631, 665, 632, 632, 665, 666, 632, 666, 633, 633, 666, 667, 633, 667, 634, 634, 667, 668, 634, 668, 635, 635, 668, 669, 635, 669, 636, 636, 669, 670, 636, 670, 415, 415, 670, 537, 415, 537, 301, 301, 537, 303, 316, 315, 414, 414, 315, 540, 414, 540, 654, 654, 540, 671, 654, 671, 653, 653, 671, 672, 653, 672, 652, 652, 672, 673, 652, 673, 651, 651, 673, 674, 651, 674, 650, 650, 674, 675, 650, 675, 649, 649, 675, 676, 649, 676, 648, 648, 676, 677, 648, 677, 647, 647, 677, 678, 647, 678, 646, 646, 678, 679, 646, 679, 645, 645, 679, 680, 645, 680, 644, 644, 680, 681, 644, 681, 643, 643, 681, 682, 643, 682, 642, 642, 682, 683, 642, 683, 641, 641, 683, 684, 641, 684, 640, 640, 684, 685, 640, 685, 639, 639, 685, 686, 639, 686, 638, 638, 686, 431, 638, 431, 637, 637, 431, 430, 424, 426, 425, 425, 426, 428, 425, 428, 655, 655, 428, 515, 655, 515, 656, 656, 515, 513, 656, 513, 657, 657, 513, 511, 657, 511, 658, 658, 511, 509, 658, 509, 659, 659, 509, 507, 659, 507, 660, 660, 507, 505, 660, 505, 661, 661, 505, 503, 661, 503, 662, 662, 503, 501, 662, 501, 663, 663, 501, 499, 663, 499, 664, 664, 499, 497, 664, 497, 665, 665, 497, 495, 665, 495, 666, 666, 495, 493, 666, 493, 667, 667, 493, 491, 667, 491, 668, 668, 491, 489, 668, 489, 669, 669, 489, 487, 669, 487, 670, 670, 487, 485, 670, 485, 537, 537, 485, 483, 537, 483, 538, 538, 483, 481, 538, 481, 539, 539, 481, 479, 539, 479, 540, 540, 479, 477, 540, 477, 671, 671, 477, 475, 671, 475, 672, 672, 475, 473, 672, 473, 673, 673, 473, 471, 673, 471, 674, 674, 471, 469, 674, 469, 675, 675, 469, 467, 675, 467, 676, 676, 467, 465, 676, 465, 677, 677, 465, 463, 677, 463, 678, 678, 463, 461, 678, 461, 679, 679, 461, 459, 679, 459, 680, 680, 459, 457, 680, 457, 681, 681, 457, 455, 681, 455, 682, 682, 455, 453, 682, 453, 683, 683, 453, 451, 683, 451, 684, 684, 451, 449, 684, 449, 685, 685, 449, 447, 685, 447, 686, 686, 447, 445, 686, 445, 431, 431, 445, 444, 431, 444, 429, 429, 444, 443, 687, 160, 146, 168, 688, 689, 687, 146, 689, 689, 146, 145, 689, 145, 168, 177, 690, 691, 168, 170, 688, 688, 170, 172, 688, 172, 691, 691, 172, 174, 691, 174, 177, 185, 692, 693, 177, 179, 690, 690, 179, 181, 690, 181, 693, 693, 181, 183, 693, 183, 185, 194, 694, 695, 185, 187, 692, 692, 187, 190, 692, 190, 695, 695, 190, 192, 695, 192, 194, 194, 196, 694, 694, 196, 202, 694, 202, 696, 696, 202, 204, 696, 204, 697, 204, 206, 697, 697, 206, 208, 697, 208, 698, 208, 210, 698, 698, 210, 197, 698, 197, 699, 699, 197, 155, 155, 156, 699, 699, 156, 157, 699, 157, 700, 157, 158, 700, 700, 158, 152, 700, 152, 701, 701, 152, 151, 701, 151, 702, 151, 150, 702, 702, 150, 149, 702, 149, 703, 149, 214, 703, 703, 214, 213, 703, 213, 704, 213, 221, 704, 704, 221, 223, 704, 223, 705, 223, 225, 705, 705, 225, 227, 705, 227, 706, 227, 229, 706, 706, 229, 231, 706, 231, 707, 231, 234, 707, 707, 234, 236, 707, 236, 708, 236, 238, 708, 708, 238, 240, 708, 240, 709, 240, 242, 709, 709, 242, 244, 709, 244, 710, 244, 247, 710, 710, 247, 249, 710, 249, 711, 249, 251, 711, 711, 251, 253, 711, 253, 712, 253, 255, 712, 712, 255, 257, 712, 257, 713, 163, 714, 165, 165, 714, 713, 165, 713, 260, 260, 713, 257, 427, 426, 715, 443, 442, 716, 424, 423, 717, 408, 406, 718, 718, 406, 719, 720, 721, 389, 722, 723, 372, 724, 725, 355, 439, 726, 727, 162, 439, 324, 324, 439, 727, 324, 727, 326, 326, 727, 728, 729, 332, 728, 728, 332, 327, 728, 327, 326, 730, 336, 731, 731, 336, 329, 731, 329, 729, 729, 329, 331, 729, 331, 332, 732, 333, 730, 730, 333, 335, 730, 335, 336, 733, 340, 734, 734, 340, 338, 734, 338, 732, 732, 338, 337, 732, 337, 333, 735, 343, 733, 733, 343, 341, 733, 341, 340, 736, 349, 735, 735, 349, 344, 735, 344, 343, 737, 353, 738, 738, 353, 346, 738, 346, 736, 736, 346, 348, 736, 348, 349, 355, 354, 724, 724, 354, 350, 724, 350, 737, 737, 350, 352, 737, 352, 353, 739, 360, 740, 740, 360, 358, 740, 358, 725, 725, 358, 357, 725, 357, 355, 741, 366, 739, 739, 366, 361, 739, 361, 360, 742, 370, 743, 743, 370, 363, 743, 363, 741, 741, 363, 365, 741, 365, 366, 372, 371, 722, 722, 371, 367, 722, 367, 742, 742, 367, 369, 742, 369, 370, 744, 377, 745, 745, 377, 375, 745, 375, 723, 723, 375, 374, 723, 374, 372, 746, 383, 744, 744, 383, 378, 744, 378, 377, 747, 387, 748, 748, 387, 380, 748, 380, 746, 746, 380, 382, 746, 382, 383, 389, 388, 720, 720, 388, 384, 720, 384, 747, 747, 384, 386, 747, 386, 387, 749, 394, 750, 750, 394, 392, 750, 392, 721, 721, 392, 391, 721, 391, 389, 751, 400, 749, 749, 400, 395, 749, 395, 394, 752, 404, 753, 753, 404, 397, 753, 397, 751, 751, 397, 399, 751, 399, 400, 406, 405, 719, 719, 405, 401, 719, 401, 752, 752, 401, 403, 752, 403, 404, 754, 417, 519, 408, 718, 409, 409, 718, 755, 409, 755, 412, 412, 755, 754, 412, 754, 411, 411, 754, 519, 411, 519, 161, 726, 436, 727, 727, 436, 756, 727, 756, 728, 728, 756, 757, 728, 757, 729, 729, 757, 758, 729, 758, 731, 731, 758, 759, 731, 759, 730, 730, 759, 760, 730, 760, 732, 732, 760, 761, 732, 761, 734, 734, 761, 762, 734, 762, 733, 733, 762, 763, 733, 763, 735, 735, 763, 764, 735, 764, 736, 736, 764, 765, 736, 765, 738, 738, 765, 766, 738, 766, 737, 737, 766, 767, 737, 767, 724, 724, 767, 768, 724, 768, 725, 725, 768, 769, 725, 769, 740, 740, 769, 770, 740, 770, 739, 739, 770, 771, 739, 771, 741, 741, 771, 772, 741, 772, 743, 743, 772, 773, 743, 773, 742, 742, 773, 774, 742, 774, 722, 722, 774, 775, 722, 775, 723, 723, 775, 776, 723, 776, 745, 745, 776, 777, 745, 777, 744, 744, 777, 778, 744, 778, 746, 746, 778, 779, 746, 779, 748, 748, 779, 780, 748, 780, 747, 747, 780, 781, 747, 781, 720, 720, 781, 782, 720, 782, 721, 721, 782, 783, 721, 783, 750, 750, 783, 784, 750, 784, 749, 749, 784, 785, 749, 785, 751, 751, 785, 786, 751, 786, 753, 753, 786, 787, 753, 787, 752, 752, 787, 788, 752, 788, 719, 719, 788, 789, 719, 789, 718, 718, 789, 790, 718, 790, 755, 755, 790, 791, 755, 791, 754, 754, 791, 792, 754, 792, 417, 420, 588, 792, 792, 588, 418, 792, 418, 417, 793, 794, 795, 795, 794, 796, 795, 796, 797, 797, 796, 798, 797, 798, 799, 799, 798, 800, 799, 800, 801, 801, 800, 802, 801, 802, 803, 803, 802, 804, 803, 804, 805, 805, 804, 806, 805, 806, 807, 807, 806, 808, 807, 808, 809, 809, 808, 810, 809, 810, 811, 811, 810, 812, 811, 812, 813, 813, 812, 814, 813, 814, 815, 815, 814, 816, 815, 816, 817, 817, 816, 818, 817, 818, 819, 819, 818, 820, 819, 820, 821, 821, 820, 822, 821, 822, 823, 823, 822, 824, 823, 824, 825, 825, 824, 826, 825, 826, 827, 827, 826, 828, 827, 828, 829, 829, 828, 830, 829, 830, 831, 831, 830, 832, 831, 832, 833, 833, 832, 834, 833, 834, 835, 835, 834, 836, 835, 836, 837, 837, 836, 838, 837, 838, 839, 839, 838, 840, 839, 840, 841, 841, 840, 842, 841, 842, 843, 843, 842, 844, 843, 844, 845, 845, 844, 846, 845, 846, 847, 847, 846, 848, 847, 848, 849, 849, 848, 850, 849, 850, 851, 851, 850, 852, 851, 852, 853, 853, 852, 854, 853, 854, 855, 855, 854, 856, 855, 856, 857, 857, 856, 858, 857, 858, 859, 859, 858, 860, 859, 860, 861, 861, 860, 862, 861, 862, 863, 863, 862, 864, 863, 864, 865, 865, 864, 866, 756, 793, 757, 757, 793, 795, 757, 795, 758, 758, 795, 797, 758, 797, 759, 759, 797, 799, 759, 799, 760, 760, 799, 801, 760, 801, 761, 761, 801, 803, 761, 803, 762, 762, 803, 805, 762, 805, 763, 763, 805, 807, 763, 807, 764, 764, 807, 809, 764, 809, 765, 765, 809, 811, 765, 811, 766, 766, 811, 813, 766, 813, 767, 767, 813, 815, 767, 815, 768, 768, 815, 817, 768, 817, 769, 769, 817, 819, 769, 819, 770, 770, 819, 821, 770, 821, 771, 771, 821, 823, 771, 823, 772, 772, 823, 825, 772, 825, 773, 773, 825, 827, 773, 827, 774, 774, 827, 829, 774, 829, 775, 775, 829, 831, 775, 831, 776, 776, 831, 833, 776, 833, 777, 777, 833, 835, 777, 835, 778, 778, 835, 837, 778, 837, 779, 779, 837, 839, 779, 839, 780, 780, 839, 841, 780, 841, 781, 781, 841, 843, 781, 843, 782, 782, 843, 845, 782, 845, 783, 783, 845, 847, 783, 847, 784, 784, 847, 849, 784, 849, 785, 785, 849, 851, 785, 851, 786, 786, 851, 853, 786, 853, 787, 787, 853, 855, 787, 855, 788, 788, 855, 857, 788, 857, 789, 789, 857, 859, 789, 859, 790, 790, 859, 861, 790, 861, 791, 791, 861, 863, 791, 863, 792, 792, 863, 865, 792, 865, 420, 420, 865, 866, 420, 866, 421, 637, 867, 868, 637, 868, 869, 423, 421, 717, 717, 421, 866, 717, 866, 870, 870, 866, 864, 870, 864, 871, 871, 864, 862, 871, 862, 872, 872, 862, 860, 872, 860, 873, 873, 860, 858, 873, 858, 874, 874, 858, 856, 874, 856, 875, 875, 856, 854, 875, 854, 876, 876, 854, 852, 876, 852, 877, 877, 852, 850, 877, 850, 878, 878, 850, 848, 878, 848, 879, 879, 848, 846, 879, 846, 880, 880, 846, 844, 880, 844, 881, 881, 844, 842, 881, 842, 882, 882, 842, 840, 882, 840, 883, 883, 840, 838, 883, 838, 884, 884, 838, 836, 884, 836, 885, 885, 836, 834, 885, 834, 886, 886, 834, 832, 886, 832, 887, 887, 832, 830, 887, 830, 888, 888, 830, 828, 888, 828, 889, 889, 828, 826, 889, 826, 890, 890, 826, 824, 890, 824, 891, 891, 824, 822, 891, 822, 892, 892, 822, 820, 892, 820, 893, 893, 820, 818, 893, 818, 894, 894, 818, 816, 894, 816, 895, 895, 816, 814, 895, 814, 896, 896, 814, 812, 896, 812, 897, 897, 812, 810, 897, 810, 898, 898, 810, 808, 898, 808, 899, 899, 808, 806, 899, 806, 900, 900, 806, 804, 900, 804, 901, 901, 804, 802, 901, 802, 902, 902, 802, 800, 902, 800, 903, 903, 800, 798, 903, 798, 904, 904, 798, 796, 904, 796, 868, 868, 796, 794, 868, 794, 869, 869, 794, 793, 869, 793, 905, 905, 793, 756, 905, 756, 906, 906, 756, 436, 426, 424, 715, 715, 424, 717, 715, 717, 907, 907, 717, 870, 907, 870, 908, 908, 870, 871, 908, 871, 909, 909, 871, 872, 909, 872, 910, 910, 872, 873, 910, 873, 911, 911, 873, 874, 911, 874, 912, 912, 874, 875, 912, 875, 913, 913, 875, 876, 913, 876, 914, 914, 876, 877, 914, 877, 915, 915, 877, 878, 915, 878, 916, 916, 878, 879, 916, 879, 917, 917, 879, 880, 917, 880, 918, 918, 880, 881, 918, 881, 919, 919, 881, 882, 919, 882, 920, 920, 882, 883, 920, 883, 921, 921, 883, 884, 921, 884, 922, 922, 884, 885, 922, 885, 923, 923, 885, 886, 923, 886, 924, 924, 886, 887, 924, 887, 925, 925, 887, 888, 925, 888, 926, 926, 888, 889, 926, 889, 927, 927, 889, 890, 927, 890, 928, 928, 890, 891, 928, 891, 929, 929, 891, 892, 929, 892, 930, 930, 892, 893, 930, 893, 931, 931, 893, 894, 931, 894, 932, 932, 894, 895, 932, 895, 933, 933, 895, 896, 933, 896, 934, 934, 896, 897, 934, 897, 935, 935, 897, 898, 935, 898, 936, 936, 898, 899, 936, 899, 937, 937, 899, 900, 937, 900, 938, 938, 900, 901, 938, 901, 939, 939, 901, 902, 939, 902, 940, 940, 902, 903, 940, 903, 941, 941, 903, 904, 941, 904, 942, 942, 904, 868, 942, 868, 943, 943, 868, 867, 518, 427, 944, 944, 427, 715, 944, 715, 945, 945, 715, 907, 945, 907, 946, 946, 907, 908, 946, 908, 947, 947, 908, 909, 947, 909, 948, 948, 909, 910, 948, 910, 949, 949, 910, 911, 949, 911, 950, 950, 911, 912, 950, 912, 951, 951, 912, 913, 951, 913, 952, 952, 913, 914, 952, 914, 953, 953, 914, 915, 953, 915, 954, 954, 915, 916, 954, 916, 955, 955, 916, 917, 955, 917, 956, 956, 917, 918, 956, 918, 957, 957, 918, 919, 957, 919, 958, 958, 919, 920, 958, 920, 959, 959, 920, 921, 959, 921, 960, 960, 921, 922, 960, 922, 961, 961, 922, 923, 961, 923, 962, 962, 923, 924, 962, 924, 963, 963, 924, 925, 963, 925, 964, 964, 925, 926, 964, 926, 965, 965, 926, 927, 965, 927, 966, 966, 927, 928, 966, 928, 967, 967, 928, 929, 967, 929, 968, 968, 929, 930, 968, 930, 969, 969, 930, 931, 969, 931, 970, 970, 931, 932, 970, 932, 971, 971, 932, 933, 971, 933, 972, 972, 933, 934, 972, 934, 973, 973, 934, 935, 973, 935, 974, 974, 935, 936, 974, 936, 975, 975, 936, 937, 975, 937, 976, 976, 937, 938, 976, 938, 977, 977, 938, 939, 977, 939, 978, 978, 939, 940, 978, 940, 979, 979, 940, 941, 979, 941, 716, 716, 941, 942, 716, 942, 443, 443, 942, 943, 714, 163, 325, 714, 325, 980, 980, 325, 328, 980, 328, 981, 981, 328, 330, 981, 330, 982, 982, 330, 334, 982, 334, 983, 983, 334, 339, 983, 339, 984, 984, 339, 342, 984, 342, 985, 985, 342, 345, 985, 345, 986, 986, 345, 347, 986, 347, 987, 987, 347, 351, 987, 351, 988, 988, 351, 356, 988, 356, 989, 989, 356, 359, 989, 359, 990, 990, 359, 362, 990, 362, 991, 991, 362, 364, 991, 364, 992, 992, 364, 368, 992, 368, 993, 993, 368, 373, 993, 373, 994, 994, 373, 376, 994, 376, 995, 995, 376, 379, 995, 379, 996, 996, 379, 381, 996, 381, 997, 997, 381, 385, 997, 385, 998, 998, 385, 390, 998, 390, 999, 999, 390, 393, 999, 393, 1000, 1000, 393, 396, 1000, 396, 1001, 1001, 396, 398, 1001, 398, 1002, 1002, 398, 402, 1002, 402, 1003, 1003, 402, 407, 1003, 407, 1004, 1004, 407, 410, 1004, 410, 1005, 1005, 410, 160, 1005, 160, 687, 441, 506, 508, 508, 510, 441, 441, 510, 512, 441, 512, 514, 514, 516, 441, 441, 516, 517, 441, 517, 442, 442, 517, 518, 442, 518, 944, 944, 945, 442, 442, 945, 946, 442, 946, 947, 947, 948, 442, 442, 948, 949, 442, 949, 950, 950, 951, 442, 442, 951, 952, 442, 952, 953, 953, 954, 442, 442, 954, 955, 442, 955, 956, 956, 957, 442, 442, 957, 958, 442, 958, 959, 506, 441, 504, 504, 441, 446, 504, 446, 448, 500, 502, 468, 468, 502, 504, 468, 504, 466, 959, 960, 442, 442, 960, 961, 442, 961, 1006, 1006, 963, 442, 442, 963, 964, 442, 964, 965, 966, 967, 976, 448, 450, 504, 504, 450, 452, 504, 452, 454, 470, 496, 468, 468, 496, 498, 468, 498, 500, 967, 968, 976, 976, 968, 969, 976, 969, 975, 978, 979, 965, 965, 979, 716, 965, 716, 442, 460, 462, 504, 504, 462, 464, 504, 464, 466, 470, 472, 496, 496, 472, 474, 496, 474, 476, 971, 972, 970, 970, 972, 973, 970, 973, 969, 969, 973, 974, 969, 974, 975, 966, 976, 965, 965, 976, 977, 965, 977, 978, 454, 456, 504, 504, 456, 458, 504, 458, 460, 476, 478, 496, 496, 478, 480, 496, 480, 482, 492, 486, 490, 490, 486, 488, 482, 484, 496, 496, 484, 486, 496, 486, 494, 494, 486, 492]
                    custom rel material:binding = </vlp16_mount/Geometry/vlp16_mount/VLP16_base_1/VisualMaterials/vlp_body>
                    uniform token orientation = "rightHanded"
                    point3f[] points = [(-0.05105399, 0.005390077, 0.0099699665), (-0.05105399, 0.0047477935, 0.010882392), (-0.05105399, 2.997729e-10, 0.0068580047), (-0.05105399, 0.005859118, 0.008957521), (-0.05105399, 0.006106593, 0.0056551937), (-0.05105399, 0.006223228, 0.006764898), (-0.05105399, 0.006139843, 0.007877595), (-0.05105399, 0.0046252767, 0.0026933863), (-0.05105399, 0.005294568, 0.0035861887), (-0.05105399, 0.005793687, 0.0045841495), (-0.05105399, 0.0018345338, 0.000910592), (-0.05105399, 0.0028670034, 0.0013337381), (-0.05105399, 0.0038073254, 0.0019344386), (-0.05105399, -0.0014755704, 0.0008115246), (-0.05105399, -0.0003722165, 0.0006452207), (-0.05105399, 0.0007431006, 0.0006786008), (-0.05105399, -0.0043679364, 0.00242423), (-0.05105399, -0.0035060612, 0.0017155572), (-0.05105399, -0.002531498, 0.0011721672), (-0.05105399, -0.0060237297, 0.0052921483), (-0.05105399, -0.0056473315, 0.004241734), (-0.05105399, -0.005089423, 0.003275408), (-0.05105399, -0.00597419, 0.008603363), (-0.05105399, -0.0061898283, 0.007508582), (-0.05105399, -0.00620652, 0.0063928906), (-0.05105399, -0.004233343, 0.011420464), (-0.05105399, -0.00497997, 0.010591251), (-0.05105399, -0.0055665364, 0.009642048), (-0.05105399, -0.0012940259, 0.012945921), (-0.05105399, -0.00236027, 0.012617028), (-0.05105399, -0.0033506528, 0.012103036), (-0.05105399, 0.0020116325, 0.0127478745), (-0.05105399, 0.0009276283, 0.013012412), (-0.05105399, -0.00018619101, 0.013079142), (-0.05105399, 0.0039529125, 0.011665469), (-0.05105399, 0.0030309819, 0.012294031), (-0.059153985, 0.005390077, 0.009969967), (-0.059153985, 0.005859118, 0.008957522), (-0.059153985, 0.006139843, 0.007877596), (-0.059153985, 0.006223228, 0.0067648985), (-0.059153985, 0.006106593, 0.005655194), (-0.059153985, 0.005793687, 0.00458415), (-0.059153985, 0.005294568, 0.0035861894), (-0.059153985, 0.0046252767, 0.002693387), (-0.059153985, 0.0038073254, 0.0019344393), (-0.059153985, 0.0028670034, 0.0013337388), (-0.059153985, 0.0018345338, 0.0009105927), (-0.059153985, 0.0007431006, 0.0006786015), (-0.059153985, -0.0003722165, 0.0006452214), (-0.059153985, -0.0014755704, 0.0008115253), (-0.059153985, -0.002531498, 0.001172168), (-0.059153985, -0.0035060612, 0.0017155579), (-0.059153985, -0.0043679364, 0.0024242308), (-0.059153985, -0.005089423, 0.0032754086), (-0.059153985, -0.0056473315, 0.0042417343), (-0.059153985, -0.0060237297, 0.005292149), (-0.059153985, -0.00620652, 0.006392891), (-0.059153985, -0.0061898283, 0.0075085824), (-0.059153985, -0.00597419, 0.008603364), (-0.059153985, -0.0055665364, 0.009642049), (-0.059153985, -0.00497997, 0.010591252), (-0.059153985, -0.004233343, 0.011420465), (-0.059153985, -0.0033506528, 0.012103037), (-0.059153985, -0.00236027, 0.012617029), (-0.059153985, -0.0012940259, 0.012945922), (-0.059153985, -0.00018619101, 0.013079143), (-0.059153985, 0.0009276283, 0.013012413), (-0.059153985, 0.0020116325, 0.012747875), (-0.059153985, 0.0030309819, 0.012294032), (-0.059153985, 0.0039529125, 0.01166547), (-0.059153985, 0.0047477935, 0.0108823925), (-0.059153985, 0.00033591554, 0.011983079), (-0.059153985, 0.0013293134, 0.011819069), (-0.059153985, 0.0022716264, 0.011464407), (-0.059153985, 0.0031266422, 0.010932724), (-0.059153985, 0.0038615027, 0.010244452), (-0.059153985, 0.0044479677, 0.009426041), (-0.059153985, 0.0048635, 0.008508941), (-0.059153985, 0.005092131, 0.007528397), (-0.059153985, 0.005125074, 0.00652209), (-0.059153985, 0.0049610636, 0.005528692), (-0.059153985, 0.0046064015, 0.004586379), (-0.059153985, -0.0044479673, 0.00428997), (-0.059153985, -0.0048634997, 0.005207069), (-0.059153985, -0.00509213, 0.006187613), (-0.059153985, -0.0051250733, 0.00719392), (-0.059153985, -0.0049610627, 0.008187318), (-0.059153985, -0.004606401, 0.009129631), (-0.059153985, -0.0040747183, 0.009984647), (-0.059153985, -0.003386446, 0.010719508), (-0.059153985, -0.0025680347, 0.011305973), (-0.059153985, -0.0016509353, 0.011721506), (-0.059153985, -0.00067039125, 0.011950136), (-0.059153985, 0.004074719, 0.0037313632), (-0.059153985, 0.0033864467, 0.0029965027), (-0.059153985, 0.0025680352, 0.0024100377), (-0.059153985, 0.0016509359, 0.0019945053), (-0.059153985, 0.00067039183, 0.0017658744), (-0.059153985, -0.00033591493, 0.0017329314), (-0.059153985, -0.0013293128, 0.0018969419), (-0.059153985, -0.002271626, 0.0022516036), (-0.059153985, -0.0031266415, 0.0027832869), (-0.059153985, -0.003861502, 0.003471559), (-0.064007975, 0.0044479677, 0.009426041), (-0.064007975, 0.0048635, 0.008508941), (-0.064007975, 0.005092131, 0.0075283973), (-0.064007975, 0.005125074, 0.0065220906), (-0.064007975, 0.0049610636, 0.0055286926), (-0.064007975, 0.0046064015, 0.0045863795), (-0.064007975, 0.004074719, 0.0037313637), (-0.064007975, 0.0033864467, 0.0029965031), (-0.064007975, 0.0025680352, 0.0024100381), (-0.064007975, 0.0016509359, 0.0019945058), (-0.064007975, 0.00067039183, 0.0017658749), (-0.064007975, -0.00033591493, 0.0017329318), (-0.064007975, -0.0013293128, 0.0018969424), (-0.064007975, -0.002271626, 0.002251604), (-0.064007975, -0.0031266415, 0.0027832873), (-0.064007975, -0.003861502, 0.0034715594), (-0.064007975, -0.0044479673, 0.0042899703), (-0.064007975, -0.0048634997, 0.0052070697), (-0.064007975, -0.00509213, 0.0061876136), (-0.064007975, -0.0051250733, 0.0071939207), (-0.064007975, -0.0049610627, 0.008187318), (-0.064007975, -0.004606401, 0.009129631), (-0.064007975, -0.0040747183, 0.009984647), (-0.064007975, -0.003386446, 0.010719508), (-0.064007975, -0.0025680347, 0.011305973), (-0.064007975, -0.0016509353, 0.011721506), (-0.064007975, -0.00067039125, 0.011950136), (-0.064007975, 0.00033591554, 0.011983079), (-0.064007975, 0.0013293134, 0.011819069), (-0.064007975, 0.0022716264, 0.011464407), (-0.064007975, 0.0031266422, 0.010932724), (-0.064007975, 0.0038615027, 0.010244452), (-0.064007975, 2.9977296e-10, 0.0068580057), (-0.051483937, 0.0030712646, 0.013843005), (-0.05148307, -0.0030710918, 0.013843005), (-0.05157868, 0.0013099272, 0.013843005), (-0.05156985, -0.001620809, 0.013843005), (-0.05105399, -0.0074537974, 0.013843005), (-0.051394988, -0.004543141, 0.013843005), (-0.05105399, 0.0074537983, 0.013843005), (-0.05111917, 0.0069928654, 0.013843005), (-0.051421378, 0.004234326, 0.013843005), (-0.005986242, 0.051215596, 0.015618742), (-0.004180612, 0.05132076, 0.0156187415), (-0.004203776, 0.051617183, 0.0012921627), (-0.05105399, -0.008605484, 0.0035924725), (-0.05073085, -0.009165083, 0.015618748), (-0.050780866, -0.008954038, 0.015618748), (-0.051468614, -0.0030699968, 0.015618748), (-0.051477008, -0.0029981942, 0.015618748), (-0.05105399, 0.008843847, 0.0012921686), (-0.05105399, 0.0076350397, 0.012325116), (-0.05073085, 0.009165085, 0.015618748), (-0.050780866, 0.00895404, 0.015618748), (-0.051468614, 0.0030699982, 0.015618748), (-0.051477008, 0.0029981956, 0.015618748), (-0.0005955214, 0.051810905, 0.0012921623), (1.3654335e-9, 0.051564258, 0.0156187415), (1.1296458e-10, 0.05181433, 0.0012921623), (1.1296459e-10, -0.05181433, 0.0012921668), (1.3654335e-9, -0.051564258, 0.015618745), (-0.0005955214, -0.051810905, 0.0012921668), (-0.004180612, -0.05132076, 0.015618745), (-0.004955204, 0.05157684, 0.0012921628), (-0.009279705, 0.05097658, 0.0012921632), (-0.0102528995, 0.05046327, 0.015618742), (-0.010307407, 0.050744377, 0.0012921633), (-0.011891532, 0.050174333, 0.015618742), (-0.01353832, 0.05001438, 0.0012921635), (-0.016180683, 0.048890248, 0.015618743), (-0.01626564, 0.049151268, 0.0012921639), (-0.017636007, 0.04845455, 0.015618743), (-0.01770081, 0.04869708, 0.001292164), (-0.021737626, 0.04703403, 0.0012921643), (-0.021880005, 0.04662387, 0.015618743), (-0.022005256, 0.046896372, 0.0012921644), (-0.023141988, 0.0460795, 0.015618743), (-0.025620105, 0.045037035, 0.0012921648), (-0.027270112, 0.043696128, 0.015618744), (-0.027406571, 0.04391861, 0.0012921651), (-0.028335014, 0.043081306, 0.015618744), (-0.02932068, 0.042720277, 0.0012921653), (-0.03227462, 0.040148377, 0.015618744), (-0.032451943, 0.040371127, 0.0012921656), (-0.033144854, 0.039500512, 0.015618744), (-0.032813072, 0.040100202, 0.0012921657), (-0.036072496, 0.037195414, 0.0012921661), (-0.036822595, 0.036030743, 0.015618744), (-0.03700441, 0.03621212, 0.0012921662), (-0.03750647, 0.035385538, 0.015618745), (-0.039075803, 0.034026537, 0.0012921664), (-0.040849537, 0.031401426, 0.015618746), (-0.041049853, 0.03155671, 0.0012921668), (-0.041360874, 0.030792039, 0.015618746), (-0.049398005, 0.014788796, 0.015618747), (-0.05066825, 0.0108375205, 0.0012921685), (-0.05098291, 0.009211217, 0.0012921686), (-0.041801672, 0.030616073, 0.0012921669), (-0.044230744, 0.026988233, 0.0012921672), (-0.044298314, 0.02632588, 0.015618746), (-0.044522367, 0.026461605, 0.0012921672), (-0.044655945, 0.025782129, 0.015618746), (-0.04634578, 0.023168774, 0.0012921676), (-0.047119956, 0.020875877, 0.015618746), (-0.047331177, 0.02097067, 0.0012921678), (-0.04734712, 0.020423558, 0.015618746), (-0.04813176, 0.019184818, 0.0012921679), (-0.04927436, 0.015128508, 0.015618747), (-0.049526226, 0.015206648, 0.0012921682), (-0.049576, 0.015064649, 0.0012921682), (-0.04927436, -0.015128506, 0.015618749), (-0.049398005, -0.014788794, 0.015618749), (-0.049576, -0.015064649, 0.0012921696), (-0.05066825, -0.0108375205, 0.0012921694), (-0.05098291, -0.009211217, 0.0012921693), (-0.05105399, -0.008843847, 0.0012921693), (-0.049526226, -0.015206648, 0.0012921696), (-0.04813176, -0.019184818, 0.0012921696), (-0.04734712, -0.020423558, 0.015618748), (-0.047331177, -0.02097067, 0.0012921697), (-0.047119956, -0.020875877, 0.015618748), (-0.04634578, -0.023168774, 0.0012921697), (-0.044655945, -0.025782129, 0.015618748), (-0.044522367, -0.026461605, 0.0012921696), (-0.044298314, -0.02632588, 0.015618748), (-0.044230744, -0.026988233, 0.0012921696), (-0.041360874, -0.030792039, 0.015618748), (-0.041801672, -0.030616073, 0.0012921694), (-0.040849537, -0.031401426, 0.015618748), (-0.041049853, -0.03155671, 0.0012921696), (-0.039075803, -0.034026537, 0.0012921694), (-0.03750647, -0.035385538, 0.015618749), (-0.03700441, -0.03621212, 0.0012921694), (-0.036822595, -0.036030743, 0.015618748), (-0.036072496, -0.037195414, 0.0012921693), (-0.033144854, -0.039500512, 0.015618748), (-0.032813072, -0.040100202, 0.0012921692), (-0.03227462, -0.040148377, 0.015618748), (-0.032451943, -0.040371127, 0.0012921691), (-0.028335014, -0.043081306, 0.015618748), (-0.02932068, -0.042720277, 0.001292169), (-0.027270112, -0.043696128, 0.015618748), (-0.027406571, -0.04391861, 0.0012921689), (-0.025620105, -0.045037035, 0.0012921687), (-0.023141988, -0.0460795, 0.015618747), (-0.022005256, -0.046896372, 0.0012921686), (-0.021880005, -0.04662387, 0.015618747), (-0.021737626, -0.04703403, 0.0012921685), (-0.017636007, -0.04845455, 0.015618747), (-0.01770081, -0.04869708, 0.0012921682), (-0.016180683, -0.048890248, 0.015618747), (-0.01626564, -0.049151268, 0.001292168), (-0.011891532, -0.050174333, 0.015618746), (-0.01353832, -0.05001438, 0.0012921679), (-0.0102528995, -0.05046327, 0.015618746), (-0.010307407, -0.050744377, 0.0012921677), (-0.009279705, -0.05097658, 0.0012921676), (-0.005986242, -0.051215596, 0.015618746), (-0.004955204, -0.05157684, 0.0012921672), (-0.004203776, -0.051617183, 0.0012921671), (-0.05105399, -0.0033999998, 0.0068580047), (-0.05105399, -0.0033174793, 0.0061112763), (-0.05105399, -0.0030629649, 0.005381492), (-0.05105399, -0.0005676612, 0.010210825), (-0.05105399, 0.0001833443, 0.010253169), (-0.05105399, 0.00089703395, 0.010137937), (-0.05105399, 0.0015692528, 0.009874655), (-0.05105399, -0.008477288, 0.0008795906), (-0.05105399, -0.008693167, 0.0010158243), (-0.05105399, -0.0012515215, 0.010019285), (-0.05105399, -0.0018668174, 0.0097005535), (-0.05105399, -0.0024041627, 0.009262168), (-0.05105399, -0.008754622, 0.0010772194), (-0.05105399, -0.00877981, 0.001102383), (-0.05105399, -0.008821025, 0.0011677827), (-0.05105399, 0.0033174797, 0.007604733), (-0.05105399, 0.0034000003, 0.0068580047), (-0.05105399, 0.0033500257, 0.006273948), (-0.05105399, 0.0031612804, 0.0056064827), (-0.05105399, 0.0030629656, 0.0083345175), (-0.05105399, 0.0026675921, 0.00896684), (-0.05105399, 0.0021355117, 0.009504274), (-0.05105399, -0.0028422542, 0.008725274), (-0.05105399, -0.0031612797, 0.008109527), (-0.05105399, -0.0033500253, 0.007442061), (-0.05105399, -0.008841097, 0.0012283936), (-0.05105399, -0.008844736, 0.0012804195), (-0.05105399, -0.006828969, 0.00044340504), (-0.05105399, -0.007111247, 0.0005029258), (-0.05105399, -0.0026675914, 0.0047491696), (-0.05105399, -0.007944625, 0.00067865057), (-0.05105399, -0.0081994785, 0.00077479053), (-0.05105399, 0.008825871, 0.0011790636), (-0.05105399, 0.008785776, 0.0011105064), (-0.05105399, 0.002842255, 0.0049907356), (-0.05105399, 0.008753676, 0.0010774033), (-0.05105399, 0.008842204, 0.0012351464), (-0.05105399, 0.0024041634, 0.0044538416), (-0.05105399, 0.0052299374, 0.0002788464), (-0.05105399, 0.001866818, 0.0040154564), (-0.05105399, 0.0047316784, 0.00022957053), (-0.05105399, 0.0012515221, 0.0036967243), (-0.05105399, 0.0021533978, 0.00013691389), (-0.05105399, 0.00056766183, 0.003505184), (-0.05105399, 0.0016246461, 0.00011791194), (-0.05105399, -0.0001833437, 0.00346284), (-0.05105399, -0.002142892, 0.0001269207), (-0.05105399, -0.0008970333, 0.003578072), (-0.05105399, -0.002152878, 0.00012733246), (-0.05105399, -0.0015692522, 0.0038413538), (-0.05105399, -0.004897854, 0.00024051602), (-0.05105399, -0.002135511, 0.0042117345), (-0.05105399, -0.0052535515, 0.00027788672), (-0.05105399, -0.006490108, 0.00040780325), (-0.05105399, 0.008187106, 0.0007755861), (-0.05105399, 0.007863651, 0.00065566914), (-0.05105399, 0.008696701, 0.0010186478), (-0.05105399, 0.008501763, 0.0008922419), (-0.05105399, 0.0071005444, 0.0005036381), (-0.05105399, 0.006703897, 0.00042461534), (-0.05105399, 0.0064898846, 0.00040345034), (0.004278792, -0.051637355, 0.0012921664), (0.005986245, -0.051215596, 0.015618744), (0.0060099876, -0.05142156, 0.0012921662), (0.0085283555, -0.05110765, 0.0012921661), (0.011891534, -0.050174333, 0.015618744), (0.01682408, -0.049006883, 0.0012921651), (0.01763601, -0.04845455, 0.015618743), (0.012719663, -0.050228823, 0.0012921656), (0.011943721, -0.05039152, 0.0012921657), (0.023236088, -0.04626588, 0.0012921646), (0.023141991, -0.0460795, 0.015618743), (0.020813573, -0.047450177, 0.0012921648), (0.017710416, -0.048661035, 0.0012921651), (0.024660889, -0.04556934, 0.0012921643), (0.028339745, -0.043377217, 0.001292164), (0.028335018, -0.043081306, 0.015618742), (0.028468763, -0.0432851, 0.001292164), (0.031825006, -0.040888786, 0.0012921635), (0.033144854, -0.039500512, 0.015618742), (0.033277344, -0.039658718, 0.0012921634), (0.03509288, -0.03812104, 0.0012921632), (0.03750647, -0.035385538, 0.0156187415), (0.040888775, -0.031825017, 0.0012921623), (0.041360874, -0.030792039, 0.015618741), (0.03812103, -0.03509289, 0.0012921627), (0.037672568, -0.035541352, 0.0012921628), (0.044838715, -0.025887024, 0.0012921618), (0.044655945, -0.025782129, 0.015618741), (0.043377206, -0.028339751, 0.001292162), (0.04153379, -0.030921614, 0.0012921623), (0.04556933, -0.024660895, 0.0012921616), (0.047450166, -0.020813579, 0.0012921613), (0.04734712, -0.020423558, 0.015618741), (0.047565427, -0.020518193, 0.0012921613), (0.049006872, -0.016824085, 0.001292161), (0.049398005, -0.014788794, 0.01561874), (0.049595207, -0.014847904, 0.001292161), (0.05022881, -0.012719666, 0.0012921607), (0.050780866, -0.008954038, 0.015618739), (0.051637344, -0.0042787935, 0.0012921602), (0.051477008, -0.0029981942, 0.015618739), (0.051107638, -0.008528358, 0.0012921605), (0.051010028, -0.008993875, 0.0012921605), (0.05168977, 0.0030112097, 0.0012921599), (0.051477008, 0.0029981956, 0.015618739), (0.051814318, 5.6482114e-11, 0.00129216), (0.05168977, -0.0030112097, 0.0012921601), (0.051637344, 0.0042787935, 0.0012921598), (0.051107638, 0.008528358, 0.0012921598), (0.050780866, 0.00895404, 0.015618739), (0.051010028, 0.008993875, 0.0012921598), (0.05022881, 0.012719666, 0.0012921595), (0.049398005, 0.014788796, 0.015618738), (0.049595207, 0.014847904, 0.0012921595), (0.049006872, 0.016824085, 0.0012921595), (0.04734712, 0.020423558, 0.015618739), (0.04556933, 0.024660895, 0.0012921595), (0.044655945, 0.025782129, 0.015618739), (0.047450166, 0.020813579, 0.0012921594), (0.047565427, 0.020518193, 0.0012921594), (0.04153379, 0.030921614, 0.0012921595), (0.041360874, 0.030792039, 0.015618739), (0.043377206, 0.028339751, 0.0012921594), (0.044838715, 0.025887024, 0.0012921594), (0.040888775, 0.031825017, 0.0012921595), (0.03812103, 0.03509289, 0.0012921597), (0.03750647, 0.035385538, 0.015618738), (0.037672568, 0.035541352, 0.0012921598), (0.03509288, 0.03812104, 0.0012921599), (0.033144854, 0.039500512, 0.015618739), (0.033277344, 0.039658718, 0.0012921599), (0.031825006, 0.040888786, 0.00129216), (0.028335018, 0.043081306, 0.015618739), (0.024660889, 0.04556934, 0.0012921604), (0.023141991, 0.0460795, 0.01561874), (0.028339745, 0.043377217, 0.0012921602), (0.028468763, 0.0432851, 0.0012921602), (0.017710416, 0.048661035, 0.001292161), (0.01763601, 0.04845455, 0.01561874), (0.020813573, 0.047450177, 0.0012921606), (0.023236088, 0.04626588, 0.0012921606), (0.01682408, 0.049006883, 0.001292161), (0.012719663, 0.050228823, 0.0012921612), (0.011891534, 0.050174333, 0.015618741), (0.011943721, 0.05039152, 0.0012921613), (0.0085283555, 0.05110765, 0.0012921616), (0.005986245, 0.051215596, 0.015618741), (0.004278792, 0.051637355, 0.001292162), (0.0060099876, 0.05142156, 0.0012921618), (-0.05041378, -0.010783091, 0.0004995183), (-0.05092278, -0.0064726905, 0.000274026), (-0.05092278, 0.0064726905, 0.00027402543), (-0.050653987, 0.010834469, 0.0010768073), (8.79431e-11, 0.05178677, 0.0010059499), (6.410489e-11, 0.051695533, 0.0007332725), (-0.0005943583, 0.05170971, 0.00077274925), (4.2671908e-11, 0.051545296, 0.00048810767), (2.4742786e-11, 0.051343758, 0.00028302238), (-0.00058998377, 0.05132912, 0.00027401908), (1.1236578e-11, 0.051101252, 0.00012852934), (9.981148e-12, 0.0510607, 0.00011416889), (-0.0005868758, 0.051058717, 0.00011024631), (2.8456061e-12, 0.050830208, 0.000032547796), (2.1353488e-12, 0.050758902, 0.000024423403), (-0.0005833991, 0.050756242, 0.000018341636), (2.8456124e-12, -0.050830208, 0.00003255224), (1.1236584e-11, -0.051101252, 0.0001285338), (-0.0005868758, -0.051058717, 0.000110250774), (2.4742793e-11, -0.051343758, 0.00028302686), (4.2671915e-11, -0.051545296, 0.00048811216), (-0.0005925306, -0.051550694, 0.00049951574), (6.4104895e-11, -0.051695533, 0.00073327706), (6.767149e-11, -0.051709183, 0.0007740742), (-0.0005943583, -0.05170971, 0.0007727538), (8.7943104e-11, -0.05178677, 0.0010059543), (9.418841e-11, -0.051793646, 0.0010773923), (-0.0005953537, -0.051796317, 0.0010768055), (-0.0005809271, -0.05054118, 2.2600113e-9), (1.3269751e-25, -0.050544523, 2.2093714e-9), (2.135355e-12, -0.050758902, 0.000024427842), (-0.0005833991, -0.050756242, 0.000018346074), (-0.004854336, -0.050526943, 0.000018346436), (-0.0048337677, -0.050312854, 2.6218263e-9), (-0.009090806, -0.0499389, 0.000018346782), (-0.009052288, -0.049727302, 2.9650258e-9), (-0.013262734, -0.04899629, 0.000018347104), (-0.013206538, -0.048788685, 3.2871736e-9), (-0.017340492, -0.047705803, 0.000018347404), (-0.017267019, -0.04750367, 3.5859824e-9), (-0.021295136, -0.046076603, 0.000018347679), (-0.021204906, -0.045881372, 3.8593306e-9), (-0.025098583, -0.04412026, 0.000018347926), (-0.024992237, -0.043933317, 4.105277e-9), (-0.028723828, -0.04185066, 0.000018348146), (-0.028602121, -0.041673336, 4.322077e-9), (-0.032145128, -0.03928392, 0.000018348332), (-0.032008927, -0.03911747, 4.5081894e-9), (-0.035338204, -0.036438264, 0.000018348486), (-0.03518847, -0.03628387, 4.662293e-9), (-0.038280375, -0.033333894, 0.000018348608), (-0.038118176, -0.033192653, 4.7832946e-9), (-0.040950757, -0.029992852, 0.000018348695), (-0.040777244, -0.02986577, 4.8703352e-9), (-0.043330383, -0.02643886, 0.000018348748), (-0.04314679, -0.026326835, 4.9227955e-9), (-0.045402367, -0.02269715, 0.000018348765), (-0.04520999, -0.02260098, 4.940304e-9), (-0.047151987, -0.018794293, 0.000018348748), (-0.0469522, -0.018714659, 4.9227364e-9), (-0.04856683, -0.014757993, 0.000018348695), (-0.048361048, -0.014695462, 4.870217e-9), (-0.04963685, -0.010616912, 0.000018348608), (-0.04942653, -0.010571927, 4.783119e-9), (-0.05035444, -0.0064004497, 0.000018348486), (-0.05014108, -0.0063733305, 4.6620605e-9), (-0.050714515, -0.0021385446, 0.00001834833), (-0.050499633, -0.0021294833, 4.507902e-9), (-0.050714515, 0.0021385446, 0.000018348144), (-0.050499633, 0.0021294833, 4.3217363e-9), (-0.05035444, 0.0064004497, 0.000018347926), (-0.05014108, 0.0063733305, 4.1048867e-9), (-0.04963685, 0.010616912, 0.00001834768), (-0.04942653, 0.010571927, 3.858892e-9), (-0.04856683, 0.014757993, 0.000018347404), (-0.048361048, 0.014695462, 3.585499e-9), (-0.047151987, 0.018794293, 0.000018347104), (-0.0469522, 0.018714659, 3.2866487e-9), (-0.045402367, 0.02269715, 0.000018346782), (-0.04520999, 0.02260098, 2.9644636e-9), (-0.043330383, 0.02643886, 0.000018346438), (-0.04314679, 0.026326835, 2.6212303e-9), (-0.040950757, 0.029992852, 0.000018346072), (-0.040777244, 0.02986577, 2.2593865e-9), (-0.038280375, 0.033333894, 0.000018345694), (-0.038118176, 0.033192653, 1.8815007e-9), (-0.035338204, 0.036438264, 0.0000183453), (-0.03518847, 0.03628387, 1.4902565e-9), (-0.032145128, 0.03928392, 0.000018344897), (-0.032008927, 0.03911747, 1.0884313e-9), (-0.028723828, 0.04185066, 0.000018344486), (-0.028602121, 0.041673336, 6.7887795e-10), (-0.025098583, 0.04412026, 0.00001834407), (-0.024992237, 0.043933317, 2.6450486e-10), (-0.021295136, 0.046076603, 0.000018343651), (-0.021204906, 0.045881372, -1.5174617e-10), (-0.017340492, 0.047705803, 0.000018343235), (-0.017267019, 0.04750367, -5.6692007e-10), (-0.013262734, 0.04899629, 0.000018342822), (-0.013206538, 0.048788685, -9.780687e-10), (-0.009090806, 0.0499389, 0.000018342416), (-0.009052288, 0.049727302, -1.3822732e-9), (-0.004854336, 0.050526943, 0.00001834202), (-0.0048337677, 0.050312854, -1.7766633e-9), (-0.0005809271, 0.05054118, -2.1584392e-9), (-6.1899174e-18, 0.050544523, -2.2093714e-9), (9.41884e-11, 0.051793646, 0.0010773878), (-0.0005953537, 0.051796317, 0.0010768011), (-0.004953809, 0.05156232, 0.0010768016), (-0.009277091, 0.05096223, 0.0010768019), (-0.013534509, 0.050000302, 0.0010768023), (-0.017695827, 0.04868337, 0.0010768027), (-0.021731507, 0.04702079, 0.0010768031), (-0.029312426, 0.042708248, 0.001076804), (-0.025612893, 0.045024354, 0.0010768035), (-0.03606234, 0.037184943, 0.0010768048), (-0.032803833, 0.04008891, 0.0010768045), (-0.039064802, 0.03401696, 0.0010768052), (-0.044218294, 0.026980635, 0.001076806), (-0.0417899, 0.030607453, 0.0010768056), (-0.04633273, 0.023162253, 0.0010768063), (-0.048118208, 0.019179417, 0.0010768067), (-0.049562044, 0.015060408, 0.0010768069), (-0.05056929, 0.010816353, 0.0007727554), (-0.05065452, 0.0064385924, 0.00011025264), (-0.05101674, 0.0021512888, 0.000110252855), (-0.05101674, -0.0021512888, 0.000110253044), (-0.05065452, -0.0064385924, 0.000110253204), (-0.05056929, -0.010816353, 0.00077275635), (-0.050653987, -0.010834469, 0.0010768082), (-0.049562044, -0.015060408, 0.0010768083), (-0.048118208, -0.019179417, 0.0010768083), (-0.04633273, -0.023162253, 0.0010768084), (-0.044218294, -0.026980635, 0.0010768083), (-0.0417899, -0.030607453, 0.0010768082), (-0.039064802, -0.03401696, 0.0010768082), (-0.03606234, -0.037184943, 0.0010768081), (-0.032803833, -0.04008891, 0.001076808), (-0.025612893, -0.045024354, 0.0010768075), (-0.029312426, -0.042708248, 0.0010768077), (-0.017695827, -0.04868337, 0.0010768069), (-0.021731507, -0.04702079, 0.0010768073), (-0.013534509, -0.050000302, 0.0010768067), (-0.004953809, -0.05156232, 0.001076806), (-0.009277091, -0.05096223, 0.0010768063), (-0.004945526, 0.051476106, 0.0007727496), (-0.00926158, 0.050877016, 0.00077275006), (-0.0135118775, 0.0499167, 0.00077275047), (-0.017666237, 0.04860197, 0.00077275094), (-0.02169517, 0.046942167, 0.00077275134), (-0.025570067, 0.044949073, 0.0007727517), (-0.029263414, 0.042636838, 0.00077275216), (-0.032748986, 0.04002188, 0.00077275257), (-0.036002044, 0.037122767, 0.000772753), (-0.038999483, 0.03396008, 0.0007727534), (-0.04172003, 0.030556276, 0.0007727538), (-0.04414436, 0.026935522, 0.00077275414), (-0.04625526, 0.023123523, 0.0007727545), (-0.048037753, 0.019147348, 0.00077275484), (-0.04947917, 0.015035226, 0.0007727551), (-0.04947917, -0.015035226, 0.0007727564), (-0.048037753, -0.019147348, 0.00077275647), (-0.04625526, -0.023123523, 0.00077275647), (-0.04414436, -0.026935522, 0.00077275647), (-0.04172003, -0.030556276, 0.00077275647), (-0.038999483, -0.03396008, 0.0007727564), (-0.036002044, -0.037122767, 0.00077275623), (-0.032748986, -0.04002188, 0.00077275606), (-0.029263414, -0.042636838, 0.0007727559), (-0.025570067, -0.044949073, 0.00077275565), (-0.02169517, -0.046942167, 0.0007727554), (-0.017666237, -0.04860197, 0.0007727551), (-0.0135118775, -0.0499167, 0.0007727548), (-0.00926158, -0.050877016, 0.0007727545), (-0.004945526, -0.051476106, 0.00077275414), (4.373962e-11, 0.05155278, 0.00050032086), (-0.0005925306, 0.051550694, 0.0004995112), (-0.0049303174, 0.051317807, 0.00049951155), (-0.0092330985, 0.050720558, 0.000499512), (-0.013470327, 0.049763195, 0.0004995124), (-0.017611912, 0.048452508, 0.0004995128), (-0.021628454, 0.04679781, 0.00049951323), (-0.025491433, 0.044810846, 0.00049951364), (-0.029173423, 0.042505722, 0.0004995141), (-0.032648277, 0.039898805, 0.0004995145), (-0.035891328, 0.037008606, 0.0004995149), (-0.03887955, 0.033855647, 0.0004995153), (-0.04159173, 0.03046231, 0.0004995157), (-0.044008605, 0.02685269, 0.0004995161), (-0.046113018, 0.023052415, 0.00049951643), (-0.047890026, 0.019088466, 0.0004995168), (-0.049327016, 0.01498899, 0.0004995171), (-0.05041378, 0.010783091, 0.00049951737), (-0.049327016, -0.01498899, 0.00049951836), (-0.047890026, -0.019088466, 0.0004995184), (-0.046113018, -0.023052415, 0.0004995184), (-0.044008605, -0.02685269, 0.0004995184), (-0.04159173, -0.03046231, 0.00049951836), (-0.03887955, -0.033855647, 0.00049951824), (-0.035891328, -0.037008606, 0.0004995182), (-0.032648277, -0.039898805, 0.000499518), (-0.029173423, -0.042505722, 0.00049951783), (-0.025491433, -0.044810846, 0.0004995176), (-0.021628454, -0.04679781, 0.0004995173), (-0.017611912, -0.048452508, 0.000499517), (-0.013470327, -0.049763195, 0.0004995167), (-0.0092330985, -0.050720558, 0.00049951643), (-0.0049303174, -0.051317807, 0.0004995161), (-0.004909126, 0.051097233, 0.00027401946), (-0.009193413, 0.05050255, 0.00027401987), (-0.013412428, 0.0495493, 0.00027402028), (-0.017536212, 0.04824425, 0.0002740207), (-0.02153549, 0.04659666, 0.00027402112), (-0.025381865, 0.044618238, 0.00027402153), (-0.02904803, 0.042323023, 0.00027402194), (-0.032507945, 0.03972731, 0.00027402237), (-0.03573706, 0.036849536, 0.00027402278), (-0.03871244, 0.03371013, 0.00027402316), (-0.04141296, 0.030331377, 0.00027402354), (-0.043819446, 0.02673727, 0.00027402394), (-0.045914814, 0.02295333, 0.0002740243), (-0.047684185, 0.01900642, 0.00027402458), (-0.049114995, 0.014924564, 0.00027402493), (-0.05019709, 0.010736743, 0.0002740252), (2.4069963e-11, -0.051331677, 0.0002753306), (-0.00058998377, -0.05132912, 0.00027402356), (-0.004909126, -0.051097233, 0.00027402394), (-0.009193413, -0.05050255, 0.0002740243), (-0.013412428, -0.0495493, 0.00027402458), (-0.017536212, -0.04824425, 0.0002740249), (-0.02153549, -0.04659666, 0.0002740252), (-0.025381865, -0.044618238, 0.00027402543), (-0.02904803, -0.042323023, 0.00027402566), (-0.032507945, -0.03972731, 0.00027402586), (-0.03573706, -0.036849536, 0.00027402598), (-0.03871244, -0.03371013, 0.00027402613), (-0.04141296, -0.030331377, 0.0002740262), (-0.043819446, -0.02673727, 0.00027402627), (-0.045914814, -0.02295333, 0.00027402627), (-0.047684185, -0.01900642, 0.00027402627), (-0.049114995, -0.014924564, 0.0002740262), (-0.05019709, -0.010736743, 0.00027402613), (-0.0048832647, 0.05082805, 0.0001102467), (-0.009144981, 0.0502365, 0.00011024709), (-0.0133417705, 0.049288273, 0.0001102475), (-0.01744383, 0.0479901, 0.00011024792), (-0.02142204, 0.04635119, 0.00011024834), (-0.025248153, 0.044383187, 0.00011024875), (-0.028895004, 0.042100064, 0.00011024917), (-0.032336693, 0.03951803, 0.000110249595), (-0.035548795, 0.03665541, 0.000110249995), (-0.0385085, 0.03353254, 0.000110250396), (-0.041194797, 0.03017159, 0.000110250774), (-0.043588605, 0.026596418, 0.00011025114), (-0.045672935, 0.022832412, 0.00011025149), (-0.04743298, 0.018906293, 0.00011025181), (-0.04885626, 0.014845941, 0.00011025211), (-0.04993265, 0.010680181, 0.00011025239), (-0.04993265, -0.010680181, 0.00011025332), (-0.04885626, -0.014845941, 0.00011025341), (-0.04743298, -0.018906293, 0.000110253466), (-0.045672935, -0.022832412, 0.00011025348), (-0.043588605, -0.026596418, 0.000110253466), (-0.041194797, -0.03017159, 0.00011025341), (-0.0385085, -0.03353254, 0.00011025332), (-0.035548795, -0.03665541, 0.0001102532), (-0.032336693, -0.03951803, 0.000110253044), (-0.028895004, -0.042100064, 0.000110252855), (-0.025248153, -0.044383187, 0.00011025264), (-0.02142204, -0.04635119, 0.00011025238), (-0.01744383, -0.0479901, 0.00011025211), (-0.0133417705, -0.049288273, 0.00011025181), (-0.009144981, -0.0502365, 0.00011025149), (-0.0048832647, -0.05082805, 0.00011025114), (1.3767335e-9, 0.051435, 0.015747998), (-0.011861724, 0.050048564, 0.015748), (-0.005971236, 0.051087216, 0.015747998), (-0.02308398, 0.045963995, 0.015748), (-0.017591799, 0.04833309, 0.015748), (-0.03306177, 0.039401498, 0.015748002), (-0.028263986, 0.042973317, 0.015748), (-0.041257195, 0.030714853, 0.015748002), (-0.037412453, 0.03529684, 0.015748002), (-0.044544004, 0.0257175, 0.015748002), (-0.047228433, 0.020372363, 0.015748003), (-0.04927418, 0.014751725, 0.015748003), (-0.050653577, 0.008931595, 0.015748003), (-0.051347967, 0.00299068, 0.015748003), (-0.051347967, -0.0029906787, 0.015748003), (-0.050653577, -0.008931593, 0.015748003), (-0.04927418, -0.014751723, 0.015748003), (-0.047228433, -0.020372363, 0.015748003), (-0.044544004, -0.0257175, 0.015748005), (-0.041257195, -0.030714853, 0.015748005), (-0.037412453, -0.03529684, 0.015748005), (-0.03306177, -0.039401498, 0.015748005), (-0.028263986, -0.042973317, 0.015748003), (-0.02308398, -0.045963995, 0.015748003), (-0.017591799, -0.04833309, 0.015748003), (-0.011861724, -0.050048564, 0.015748003), (-0.005971236, -0.051087216, 0.015748002), (1.3767335e-9, -0.051435, 0.015748002), (0.004197524, 0.050656598, 0.000032547436), (0.004173932, -0.050371885, 1.8369279e-9), (0.0042199064, 0.050926715, 0.00012852898), (0.012712898, 0.05020211, 0.0010059488), (0.016815132, 0.048980817, 0.0010059485), (0.040867027, 0.031808093, 0.0010059471), (0.038100753, 0.035074223, 0.0010059472), (0.051609877, 0.0042765173, 0.0010059474), (0.051080454, 0.008523822, 0.0010059474), (0.045545094, -0.024647778, 0.0010059492), (0.04742493, -0.020802507, 0.0010059489), (8.794312e-11, -0.05178677, 0.0010059543), (0.004276516, -0.05160989, 0.001005954), (0.008523819, -0.051080465, 0.0010059536), (0.012712898, -0.05020211, 0.0010059532), (0.020802502, -0.047424942, 0.0010059524), (0.016815132, -0.048980817, 0.0010059527), (0.024647772, -0.045545105, 0.0010059519), (0.031808082, -0.040867038, 0.0010059511), (0.028324671, -0.043354146, 0.0010059515), (0.03507421, -0.038100764, 0.0010059507), (0.038100753, -0.035074223, 0.0010059503), (0.043354135, -0.028324677, 0.0010059496), (0.040867027, -0.031808093, 0.0010059499), (0.050202098, -0.0127129005, 0.0010059483), (0.048980806, -0.016815137, 0.0010059485), (0.051080454, -0.008523822, 0.001005948), (0.051786758, 4.397137e-11, 0.0010059476), (0.051609877, -0.0042765173, 0.0010059478), (0.048980806, 0.016815137, 0.0010059471), (0.050202098, 0.0127129005, 0.0010059471), (0.04742493, 0.020802507, 0.001005947), (0.043354135, 0.028324677, 0.001005947), (0.045545094, 0.024647778, 0.0010059471), (0.031808082, 0.040867038, 0.0010059476), (0.03507421, 0.038100764, 0.0010059475), (0.028324671, 0.043354146, 0.0010059478), (0.020802502, 0.047424942, 0.0010059482), (0.024647772, 0.045545105, 0.0010059479), (0.004276516, 0.05160989, 0.0010059496), (0.008523819, 0.051080465, 0.0010059492), (0.004268982, -0.051518966, 0.0007332767), (0.008508802, -0.050990473, 0.00073327625), (0.0126905, -0.050113663, 0.0007332759), (0.016785506, -0.048894525, 0.0007332755), (0.020765852, -0.047341388, 0.0007332751), (0.024604348, -0.045464862, 0.0007332746), (0.02827477, -0.043277767, 0.0007332742), (0.031752042, -0.04079504, 0.0007332738), (0.03501242, -0.03803364, 0.0007332734), (0.038033627, -0.03501243, 0.000733273), (0.04079503, -0.031752054, 0.00073327264), (0.043277755, -0.028274776, 0.00073327223), (0.04546485, -0.024604354, 0.0007332719), (0.047341377, -0.020765858, 0.0007332716), (0.048894513, -0.016785512, 0.0007332713), (0.050113652, -0.012690503, 0.000733271), (0.050990462, -0.008508805, 0.00073327066), (0.051518954, -0.0042689834, 0.0007332705), (0.051695522, 3.2052267e-11, 0.00073327025), (0.051518954, 0.0042689834, 0.00073327014), (0.050990462, 0.008508805, 0.00073326996), (0.050113652, 0.012690503, 0.00073326984), (0.048894513, 0.016785512, 0.0007332698), (0.047341377, 0.020765858, 0.0007332697), (0.04546485, 0.024604354, 0.0007332698), (0.043277755, 0.028274776, 0.0007332698), (0.04079503, 0.031752054, 0.00073326984), (0.038033627, 0.03501243, 0.00073326996), (0.03501242, 0.03803364, 0.00073327), (0.031752042, 0.04079504, 0.0007332702), (0.02827477, 0.043277767, 0.0007332705), (0.024604348, 0.045464862, 0.00073327066), (0.020765852, 0.047341388, 0.0007332709), (0.016785506, 0.048894525, 0.0007332712), (0.0126905, 0.050113663, 0.0007332715), (0.008508802, 0.050990473, 0.0007332718), (0.004268982, 0.051518966, 0.0007332722), (0.0042565754, -0.051369242, 0.00048811178), (0.0042399326, -0.051168393, 0.0002830265), (0.008484074, -0.050842285, 0.0004881114), (0.008450902, -0.050643496, 0.0002830261), (0.012653619, -0.049968023, 0.000488111), (0.012604144, -0.049772654, 0.0002830257), (0.016736723, -0.048752427, 0.00048811059), (0.016671285, -0.04856181, 0.0002830253), (0.020705504, -0.047203805, 0.00048811018), (0.020624546, -0.047019243, 0.00028302488), (0.024532843, -0.045332734, 0.00048810974), (0.024436923, -0.045155488, 0.00028302448), (0.028192598, -0.043151993, 0.00048810933), (0.028082369, -0.04298327, 0.00028302407), (0.031659763, -0.04067648, 0.00048810893), (0.03153598, -0.04051744, 0.00028302363), (0.034910668, -0.037923105, 0.00048810852), (0.03477417, -0.03777483, 0.00028302326), (0.037923094, -0.03491068, 0.0004881081), (0.03777482, -0.03477418, 0.00028302285), (0.040676467, -0.031659774, 0.00048810776), (0.040517427, -0.03153599, 0.00028302244), (0.043151982, -0.028192604, 0.00048810735), (0.04298326, -0.028082374, 0.0002830221), (0.045332722, -0.024532849, 0.00048810703), (0.045155477, -0.024436928, 0.00028302174), (0.047203794, -0.02070551, 0.00048810669), (0.047019232, -0.020624552, 0.00028302142), (0.048752416, -0.01673673, 0.0004881064), (0.0485618, -0.01667129, 0.0002830211), (0.04996801, -0.012653622, 0.0004881061), (0.049772643, -0.012604147, 0.0002830208), (0.050842274, -0.008484077, 0.00048810584), (0.050643485, -0.008450905, 0.00028302058), (0.05136923, -0.0042565768, 0.0004881056), (0.051168382, -0.004239934, 0.00028302032), (0.051545285, 2.1335772e-11, 0.0004881054), (0.051343746, 1.237121e-11, 0.00028302014), (0.05136923, 0.0042565768, 0.00048810526), (0.051168382, 0.004239934, 0.00028301997), (0.050842274, 0.008484077, 0.00048810508), (0.050643485, 0.008450905, 0.00028301982), (0.04996801, 0.012653622, 0.000488105), (0.049772643, 0.012604147, 0.0002830197), (0.048752416, 0.01673673, 0.00048810494), (0.0485618, 0.01667129, 0.00028301965), (0.047203794, 0.02070551, 0.00048810488), (0.047019232, 0.020624552, 0.00028301962), (0.045332722, 0.024532849, 0.00048810488), (0.045155477, 0.024436928, 0.0002830196), (0.043151982, 0.028192604, 0.0004881049), (0.04298326, 0.028082374, 0.00028301965), (0.040676467, 0.031659774, 0.00048810497), (0.040517427, 0.03153599, 0.0002830197), (0.037923094, 0.03491068, 0.00048810508), (0.03777482, 0.03477418, 0.00028301982), (0.034910668, 0.037923105, 0.0004881052), (0.03477417, 0.03777483, 0.00028301994), (0.031659763, 0.04067648, 0.00048810538), (0.03153598, 0.04051744, 0.00028302008), (0.028192598, 0.043151993, 0.00048810555), (0.028082369, 0.04298327, 0.0002830203), (0.024532843, 0.045332734, 0.00048810578), (0.024436923, 0.045155488, 0.00028302052), (0.020705504, 0.047203805, 0.00048810604), (0.020624546, 0.047019243, 0.00028302075), (0.016736723, 0.048752427, 0.00048810634), (0.016671285, 0.04856181, 0.00028302104), (0.012653619, 0.049968023, 0.00048810663), (0.012604144, 0.049772654, 0.00028302133), (0.008484074, 0.050842285, 0.00048810698), (0.008450902, 0.050643496, 0.00028302168), (0.0042565754, 0.051369242, 0.0004881073), (0.0042399326, 0.051168393, 0.000283022), (1.12366e-11, -0.051101252, 0.0001285338), (0.0042199064, -0.050926715, 0.00012853343), (2.4742808e-11, -0.051343758, 0.00028302686), (0.0084109865, 0.0504043, 0.00012852863), (0.012544613, 0.04953757, 0.0001285283), (0.016592544, 0.048332445, 0.000128528), (0.020527134, 0.046797164, 0.00012852772), (0.024321502, 0.04494221, 0.00012852748), (0.02794973, 0.042780254, 0.00012852724), (0.031387027, 0.04032607, 0.00012852706), (0.034609925, 0.037596412, 0.0001285269), (0.0375964, 0.034609936, 0.00012852676), (0.04032606, 0.03138704, 0.00012852668), (0.042780243, 0.027949736, 0.0001285266), (0.0449422, 0.024321508, 0.00012852658), (0.046797153, 0.02052714, 0.00012852658), (0.048332434, 0.01659255, 0.00012852662), (0.049537558, 0.012544616, 0.00012852668), (0.050404288, 0.008410989, 0.0001285268), (0.050926704, 0.004219908, 0.00012852692), (0.05110124, 5.618104e-12, 0.0001285271), (0.050926704, -0.004219908, 0.0001285273), (0.050404288, -0.008410989, 0.00012852752), (0.049537558, -0.012544616, 0.00012852778), (0.048332434, -0.01659255, 0.00012852807), (0.046797153, -0.02052714, 0.00012852838), (0.0449422, -0.024321508, 0.0001285287), (0.042780243, -0.027949736, 0.00012852905), (0.04032606, -0.03138704, 0.00012852941), (0.0375964, -0.034609936, 0.00012852979), (0.034609925, -0.037596412, 0.00012853018), (0.031387027, -0.04032607, 0.00012853058), (0.02794973, -0.042780254, 0.000128531), (0.024321502, -0.04494221, 0.0001285314), (0.020527134, -0.046797164, 0.00012853183), (0.016592544, -0.048332445, 0.00012853222), (0.012544613, -0.04953757, 0.00012853264), (0.0084109865, -0.0504043, 0.00012853302), (4.2671932e-11, -0.051545296, 0.00048811216), (6.410491e-11, -0.051695533, 0.00073327706), (0.008366374, 0.05013695, 0.000032547097), (0.012478076, 0.049274817, 0.000032546774), (0.016504535, 0.04807609, 0.00003254647), (0.020418257, 0.046548948, 0.0000325462), (0.024192499, 0.044703834, 0.00003254595), (0.027801484, 0.042553347, 0.00003254573), (0.031220555, 0.040112175, 0.000032545537), (0.034426354, 0.037397, 0.000032545377), (0.03739699, 0.034426365, 0.000032545242), (0.040112164, 0.03122056, 0.000032545147), (0.042553335, 0.02780149, 0.000032545082), (0.044703823, 0.024192505, 0.000032545053), (0.046548937, 0.020418262, 0.000032545056), (0.04807608, 0.016504541, 0.000032545096), (0.049274806, 0.012478079, 0.000032545166), (0.05013694, 0.008366377, 0.000032545267), (0.050656587, 0.0041975253, 0.00003254541), (0.050830197, 1.4226186e-12, 0.000032545577), (0.050656587, -0.0041975253, 0.000032545773), (0.05013694, -0.008366377, 0.000032546002), (0.049274806, -0.012478079, 0.000032546257), (0.04807608, -0.016504541, 0.000032546537), (0.046548937, -0.020418262, 0.00003254684), (0.044703823, -0.024192505, 0.00003254717), (0.042553335, -0.02780149, 0.000032547512), (0.040112164, -0.03122056, 0.000032547876), (0.03739699, -0.034426365, 0.000032548254), (0.034426354, -0.037397, 0.000032548644), (0.031220555, -0.040112175, 0.000032549044), (0.027801484, -0.042553347, 0.000032549447), (0.024192499, -0.044703834, 0.00003254986), (0.020418257, -0.046548948, 0.000032550266), (0.016504535, -0.04807609, 0.000032550677), (0.012478076, -0.049274817, 0.00003255108), (0.008366374, -0.05013695, 0.000032551477), (0.004197524, -0.050656598, 0.000032551867), (2.8456285e-12, -0.050830208, 0.00003255224), (0.004173932, 0.050371885, -2.5667215e-9), (0.008319352, 0.049855158, -2.906539e-9), (0.012407944, 0.04899787, -3.2265022e-9), (0.016411774, 0.04780588, -3.5244248e-9), (0.020303497, 0.046287324, -3.798272e-9), (0.024056528, 0.044452578, -4.046173e-9), (0.027645227, 0.04231418, -4.2664343e-9), (0.031045081, 0.039886728, -4.4575517e-9), (0.034232862, 0.037186813, -4.61822e-9), (0.0371868, 0.034232873, -4.7473407e-9), (0.039886717, 0.031045087, -4.8440323e-9), (0.042314168, 0.027645232, -4.9076343e-9), (0.044452567, 0.024056533, -4.9377125e-9), (0.046287313, 0.020303503, -4.9340603e-9), (0.047805868, 0.01641178, -4.8967044e-9), (0.04899786, 0.012407946, -4.8258983e-9), (0.049855147, 0.008319355, -4.7221267e-9), (0.050371874, 0.0041739335, -4.586098e-9), (0.05054451, -1.8695947e-16, -4.4187427e-9), (0.050371874, -0.0041739335, -4.2212016e-9), (0.049855147, -0.008319355, -3.994826e-9), (0.04899786, -0.012407946, -3.7411616e-9), (0.047805868, -0.01641178, -3.461941e-9), (0.046287313, -0.020303503, -3.159072e-9), (0.044452567, -0.024056533, -2.8346232e-9), (0.042314168, -0.027645232, -2.4908116e-9), (0.039886717, -0.031045087, -2.1299846e-9), (0.0371868, -0.034232873, -1.7546079e-9), (0.034232862, -0.037186813, -1.3672458e-9), (0.031045081, -0.039886728, -9.705434e-10), (0.027645227, -0.04231418, -5.672115e-10), (0.024056528, -0.044452578, -1.6000512e-10), (0.020303497, -0.046287324, 2.482945e-10), (0.016411774, -0.04780588, 6.548979e-10), (0.012407944, -0.04899787, 1.0570278e-9), (0.008319352, -0.049855158, 1.451937e-9), (0.005971239, -0.051087216, 0.015748002), (0.011861726, -0.050048564, 0.015748), (0.017591802, -0.04833309, 0.015748), (0.023083983, -0.045963995, 0.015748), (0.02826399, -0.042973317, 0.015748), (0.03306177, -0.039401498, 0.015747998), (0.037412453, -0.03529684, 0.015747998), (0.041257195, -0.030714853, 0.015747998), (0.044544004, -0.0257175, 0.015747998), (0.047228433, -0.020372363, 0.015747996), (0.04927418, -0.014751723, 0.015747996), (0.050653577, -0.008931593, 0.015747996), (0.051347967, -0.0029906787, 0.015747996), (0.051347967, 0.00299068, 0.015747996), (0.050653577, 0.008931595, 0.015747996), (0.04927418, 0.014751725, 0.015747996), (0.047228433, 0.020372363, 0.015747996), (0.044544004, 0.0257175, 0.015747994), (0.041257195, 0.030714853, 0.015747994), (0.037412453, 0.03529684, 0.015747994), (0.03306177, 0.039401498, 0.015747994), (0.02826399, 0.042973317, 0.015747996), (0.023083983, 0.045963995, 0.015747996), (0.017591802, 0.04833309, 0.015747996), (0.011861726, 0.050048564, 0.015747996), (0.005971239, 0.051087216, 0.015747998), (0.05054451, -1.7927159e-16, -4.4187427e-9)]
                    normal3f[] primvars:normals = [(1, 0, 0), (4.7169806e-8, 0.9073588, 0.420357), (2.8926994e-8, 0.9678348, 0.25158685), (2.8301864e-8, 0.9678348, 0.25158685), (8.592322e-9, 0.9972038, 0.07473004), (3.930813e-9, 0.9972038, 0.07473001), (-6.009246e-9, 0.99452186, -0.10452847), (-6.289302e-9, 0.99452186, -0.10452847), (-1.6121552e-8, 0.95987505, -0.28042808), (-1.5723264e-8, 0.95987505, -0.28042808), (-2.5715613e-8, 0.89437747, -0.447313), (-3.773585e-8, 0.89437747, -0.4473131), (-5.1724808e-8, 0.8001335, -0.5998218), (-5.6603735e-8, 0.8001336, -0.59982187), (-6.3213726e-8, 0.6801727, -0.73305196), (-6.2893065e-8, 0.6801727, -0.73305196), (-7.267088e-8, 0.5383507, -0.842721), (-7.547166e-8, 0.5383507, -0.842721), (-7.979233e-8, 0.37922558, -0.9253043), (-8.1760966e-8, 0.37922558, -0.9253043), (-8.434921e-8, 0.2079116, -0.9781476), (-8.4905615e-8, 0.2079116, -0.9781476), (-8.619503e-8, 0.029915418, -0.9995525), (-8.608486e-8, 0.029915418, -0.9995525), (-8.5270464e-8, -0.14904231, -0.9888308), (-8.6477925e-8, -0.14904231, -0.9888308), (-8.1605236e-8, -0.3232097, -0.9463274), (-8.1760966e-8, -0.32320967, -0.9463274), (-7.531715e-8, -0.4869887, -0.87340826), (-7.547167e-8, -0.4869887, -0.87340826), (-6.660829e-8, -0.635116, -0.7724167), (-6.9182356e-8, -0.63511604, -0.7724167), (-5.5758633e-8, -0.7628294, -0.64659977), (-5.6603735e-8, -0.7628295, -0.64659977), (-4.31168e-8, -0.8660255, -0.4999999), (-3.1446515e-8, -0.8660254, -0.49999994), (-1.9392784e-8, -0.9413865, -0.33732986), (-1.8867915e-8, -0.9413865, -0.33732986), (-9.417717e-9, -0.98649067, -0.1638175), (-9.433959e-9, -0.98649067, -0.1638175), (8.59986e-10, -0.9998881, 0.014959119), (9.827041e-10, -0.9998881, 0.014959119), (1.1110122e-8, -0.9811483, 0.19325621), (2.201256e-8, -0.9811484, 0.19325614), (4.2006217e-8, -0.9308738, 0.36534086), (4.4025125e-8, -0.9308738, 0.36534086), (6.044214e-8, -0.8506801, 0.52568364), (6.289304e-8, -0.8506802, 0.5256836), (7.69354e-8, -0.7431449, 0.66913056), (7.547166e-8, -0.74314487, 0.66913056), (9.095591e-8, -0.61172414, 0.7910712), (8.8050264e-8, -0.61172414, 0.7910712), (1.0205299e-7, -0.46064234, 0.8875859), (1.0062888e-7, -0.46064234, 0.8875859), (1.09869994e-7, -0.29475525, 0.9555728), (1.10062814e-7, -0.29475525, 0.9555728), (1.1415572e-7, -0.119393334, 0.992847), (1.1477983e-7, -0.119393334, 0.992847), (1.1477237e-7, 0.059803914, 0.9982102), (1.14779816e-7, 0.059803918, 0.9982102), (1.11700146e-7, 0.23707986, 0.97149014), (1.1006287e-7, 0.23707986, 0.97149014), (1.0503777e-7, 0.4067368, 0.9135454), (1.037735e-7, 0.4067368, 0.9135454), (9.4999415e-8, 0.5633201, 0.8262388), (9.433958e-8, 0.5633201, 0.8262387), (8.190771e-8, 0.7017978, 0.71237624), (8.176097e-8, 0.7017978, 0.71237624), (6.6183404e-8, 0.81771934, 0.5756172), (6.2893015e-8, 0.81771934, 0.57561713), (4.8331874e-8, 0.9073588, 0.420357), (-1, 0, 0), (0, 0.9108638, 0.4127071), (-0, 0.973877, 0.22707622), (2.035431e-8, 0.97387695, 0.22707632), (3.1388765e-9, 0.9994646, 0.03271922), (2.907759e-9, 0.9994646, 0.03271922), (-1.5627156e-8, 0.9866433, -0.16289535), (-1.7446546e-8, 0.9866433, -0.16289535), (-3.37927e-8, 0.93590575, -0.35225052), (-3.489309e-8, 0.93590575, -0.35225052), (-5.0659498e-8, 0.84920233, -0.5280677), (-4.652414e-8, 0.84920233, -0.5280677), (-6.557955e-8, 0.72986406, -0.6835924), (-6.978621e-8, 0.72986406, -0.6835924), (-7.797943e-8, 0.58247745, -0.8128469), (-8.1417234e-8, 0.58247745, -0.8128469), (-8.738254e-8, 0.4127071, -0.91086376), (-8.723276e-8, 0.4127071, -0.91086376), (-9.342764e-8, 0.2270763, -0.97387695), (-9.304827e-8, 0.2270763, -0.97387695), (-9.588235e-8, 0.032719105, -0.9994646), (-9.595604e-8, 0.032719105, -0.9994646), (-9.4652364e-8, -0.16289538, -0.9866434), (-9.595602e-8, -0.16289538, -0.9866434), (-8.9784926e-8, -0.3522502, -0.9359059), (-8.7232735e-8, -0.3522502, -0.9359059), (-8.146711e-8, -0.5280681, -0.84920204), (-8.1417234e-8, -0.5280681, -0.84920204), (-7.001857e-8, -0.6835924, -0.72986406), (-6.978621e-8, -0.6835924, -0.72986406), (-5.5879266e-8, -0.81284654, -0.58247787), (-4.6524153e-8, -0.81284654, -0.58247787), (-3.9592525e-8, -0.9108638, -0.4127071), (-4.070862e-8, -0.9108638, -0.4127071), (-2.1784233e-8, -0.9738771, -0.22707587), (-2.3262071e-8, -0.9738771, -0.22707587), (-3.138875e-9, -0.9994646, -0.032719206), (-2.9077576e-9, -0.9994646, -0.032719206), (1.5627156e-8, -0.9866433, 0.16289535), (0, -0.9866434, 0.16289544), (0, -0.93590593, 0.3522501), (0, -0.8492022, 0.5280677), (0, -0.7298641, 0.6835922), (0, -0.5824775, 0.8128468), (0, -0.41270748, 0.9108637), (0, -0.22707586, 0.9738771), (0, -0.03271875, 0.9994646), (-0, 0.1628945, 0.9866435), (-0, 0.35225093, 0.9359056), (-0, 0.5280677, 0.84920233), (-0, 0.6835921, 0.72986424), (-0, 0.81284696, 0.5824773), (0, -0, -1), (-0.05813174, 0.99809337, 0.020744849), (-0.98582715, -0.1667154, 0.018731114), (-0.972057, -0.23036858, -0.045117255), (-0.9917377, -0.11618711, 0.05437619), (-0.9917324, -0.11591731, 0.055044543), (-0.99818146, -0.059726663, 0.008161787), (-0.9932044, -0.11609659, 0.008156036), (-0.9855425, 0.16842045, 0.01845271), (-0.97298175, 0.23058768, -0.011659192), (-0.98734146, 0.15749021, 0.01880491), (-0.9895771, 0.13993801, 0.03397783), (-0.9913949, 0.11587785, 0.06089674), (-0.9930492, 0.10879169, 0.044916876), (-0.9985191, 0.05370839, 0.00865409), (-0.9932003, 0.11609613, 0.008652688), (-0.9985378, 0.053710923, 0.0061064633), (-0.9983649, 0, 0.057161625), (-0.99875045, -0.0030087677, 0.04988414), (-0.9981974, -0.05972918, 0.0058590886), (-0.053599965, 0.99834704, 0.02074277), (-0.058134414, 0.9981164, 0.019600179), (-0.0057478426, 0.9998312, 0.017452115), (-0.005747842, -0.9998312, 0.017452113), (-0.058134414, -0.9981164, 0.01960018), (-0.0535966, 0.9983352, 0.021315876), (-0.13747148, 0.9903909, 0.015079355), (-0.17360012, 0.9845362, 0.02348246), (-0.22034267, 0.97521806, 0.01997341), (-0.17361479, 0.984611, 0.01997993), (-0.22036308, 0.975311, 0.014440818), (-0.2867317, 0.9577522, 0.022265686), (-0.30166513, 0.9532215, 0.019155892), (-0.28675273, 0.9578132, 0.019151118), (-0.30167454, 0.9532503, 0.017501911), (-0.3808555, 0.9244713, 0.017372878), (-0.39598018, 0.91798705, 0.02234593), (-0.45729643, 0.88906854, 0.020908652), (-0.3959948, 0.9180143, 0.020923283), (-0.4573535, 0.88916826, 0.014410089), (-0.49986234, 0.865787, 0.023464313), (-0.53055346, 0.8474558, 0.018213868), (-0.4999173, 0.86588174, 0.018208204), (-0.53057957, 0.8474997, 0.0151467975), (-0.5970288, 0.80194837, 0.020866381), (-0.59999645, 0.79975617, 0.019860942), (-0.5970403, 0.8019654, 0.019858701), (-0.59999585, 0.79976344, 0.019581942), (-0.6652422, 0.74645954, 0.015839713), (-0.6860569, 0.727178, 0.023195565), (-0.72569865, 0.68777937, 0.017917141), (-0.68613356, 0.72725505, 0.017914794), (-0.7257398, 0.6878217, 0.014251708), (-0.76584285, 0.64261866, 0.022932505), (-0.78102595, 0.624248, 0.01768661), (-0.76592416, 0.64268786, 0.017675322), (-0.9727949, 0.23055688, 0.022663802), (-0.98163503, 0.18992867, 0.017882379), (-0.9816356, 0.18992606, 0.01788238), (-0.7810439, 0.6242616, 0.016363595), (-0.83079165, 0.5562682, 0.018729355), (-0.83529544, 0.5493825, 0.021459745), (-0.87467885, 0.4843587, 0.01826779), (-0.83534765, 0.54941833, 0.018269042), (-0.87472993, 0.48438412, 0.014817427), (-0.89338523, 0.4486747, 0.023531707), (-0.9123843, 0.40901572, 0.016157812), (-0.8935153, 0.44874272, 0.01614248), (-0.91240644, 0.4090247, 0.014604677), (-0.9394676, 0.3419378, 0.02188739), (-0.94354284, 0.33073947, 0.018391768), (-0.9395329, 0.3419649, 0.018382495), (-0.9435504, 0.3307346, 0.01809091), (-0.96806353, 0.25013876, 0.016843617), (-0.9395351, -0.34196573, 0.018257316), (-0.9680635, -0.25013876, 0.016843647), (-0.9727949, -0.23055685, 0.022663834), (-0.98163503, -0.18992867, 0.017882405), (-0.9829038, -0.18324934, 0.017883219), (-0.9816024, -0.18991965, 0.01967991), (-0.9435452, -0.33073282, 0.018391816), (-0.9435429, -0.3307395, 0.01839181), (-0.9394676, -0.34193772, 0.021887401), (-0.91240644, -0.4090247, 0.014604677), (-0.8935153, -0.44874272, 0.01614248), (-0.9123843, -0.40901572, 0.016157812), (-0.89338523, -0.44867474, 0.023531703), (-0.87472993, -0.48438412, 0.014817429), (-0.83534765, -0.5494184, 0.018269043), (-0.87467873, -0.48435864, 0.01826779), (-0.8352953, -0.5493825, 0.021459749), (-0.83079165, -0.5562682, 0.018729355), (-0.7659498, -0.6427093, 0.015672598), (-0.7810263, -0.6242476, 0.017686611), (-0.781026, -0.6242481, 0.017686611), (-0.7658429, -0.64261866, 0.022932505), (-0.7257398, -0.6878217, 0.014251707), (-0.68613356, -0.727255, 0.017914794), (-0.72569865, -0.68777937, 0.017917138), (-0.686057, -0.72717804, 0.023195555), (-0.6652422, -0.74645954, 0.015839713), (-0.59704167, -0.80196726, 0.019742606), (-0.5999925, -0.79975903, 0.019860938), (-0.597041, -0.8019648, 0.019858701), (-0.5999809, -0.79973537, 0.021125253), (-0.49996066, -0.86595684, 0.0125751095), (-0.53055245, -0.8474564, 0.018213866), (-0.53055346, -0.8474558, 0.018213868), (-0.49986234, -0.86578697, 0.023464313), (-0.4573535, -0.88916826, 0.01441009), (-0.39599478, -0.9180143, 0.020923283), (-0.4572963, -0.88906854, 0.020908652), (-0.39598018, -0.91798705, 0.02234593), (-0.38085553, -0.9244714, 0.01737288), (-0.2867613, -0.95784193, 0.017512187), (-0.30166543, -0.9532214, 0.019155892), (-0.2867502, -0.95781404, 0.01915112), (-0.30163333, -0.9531211, 0.024030285), (-0.17364246, -0.984768, 0.00896487), (-0.2203421, -0.9752182, 0.019973412), (-0.22034264, -0.97521806, 0.01997341), (-0.17360012, -0.9845362, 0.02348246), (-0.13747148, -0.9903909, 0.015079357), (-0.058131453, -0.99808836, 0.020983296), (-0.053597257, -0.9983472, 0.020742772), (-0.05359997, -0.99834704, 0.020742774), (0.041319042, -0.9989939, 0.017437495), (0.058130525, -0.9980564, 0.022453643), (0.12368058, -0.9922165, 0.014469419), (0.123678654, -0.9922168, 0.014469419), (0.17360096, -0.98453844, 0.023385495), (0.28527507, -0.9582205, 0.020774957), (0.2867447, -0.95779365, 0.020217784), (0.20519102, -0.9785979, 0.0155828055), (0.20519058, -0.97859794, 0.015582805), (0.43915007, -0.89829564, 0.014570616), (0.39597055, -0.9179632, 0.02347001), (0.3634657, -0.93148166, 0.01531287), (0.3634646, -0.9314822, 0.015312877), (0.43914858, -0.8982963, 0.014570616), (0.511742, -0.858813, 0.023672909), (0.49991858, -0.8658843, 0.018049544), (0.5809853, -0.8137365, 0.016999185), (0.58099353, -0.81373066, 0.016999176), (0.597005, -0.80191606, 0.022707688), (0.6462325, -0.76300466, 0.014401968), (0.64623153, -0.7630055, 0.0144019695), (0.6860562, -0.7271765, 0.023266934), (0.7629088, -0.64615035, 0.021449024), (0.76589525, -0.6426627, 0.019726675), (0.7070176, -0.7070176, 0.01588645), (0.70701754, -0.70701754, 0.015886452), (0.85896087, -0.51183, 0.014705587), (0.8352566, -0.5493571, 0.023520801), (0.8137561, -0.5810109, 0.015076633), (0.8137571, -0.5810094, 0.01507663), (0.8589608, -0.51183015, 0.014705589), (0.8981556, -0.43908098, 0.022897976), (0.8934773, -0.4487212, 0.01864222), (0.93146217, -0.3634596, 0.01659431), (0.9314628, -0.36345792, 0.016594307), (0.9394457, -0.34192988, 0.022927914), (0.9583285, -0.28530705, 0.014368316), (0.95832855, -0.28530705, 0.014368315), (0.97278494, -0.23055403, 0.023114407), (0.99207705, -0.12366199, 0.022156555), (0.99305516, -0.11607201, 0.019201547), (0.9785874, -0.2051912, 0.016223593), (0.978588, -0.20518824, 0.016223595), (0.9990352, 0.041321423, 0.014874103), (0.99972296, 0, 0.023537835), (0.9990352, -0.041321423, 0.014874106), (0.99903524, -0.04131911, 0.014874105), (0.99903524, 0.04131911, 0.014874101), (0.99207705, 0.123661995, 0.022156542), (0.99305516, 0.116071984, 0.01920153), (0.9785874, 0.20519118, 0.016223565), (0.97858804, 0.20518823, 0.016223565), (0.97278494, 0.23055403, 0.023114376), (0.9583285, 0.28530705, 0.014368277), (0.9583284, 0.28530702, 0.014368278), (0.9394457, 0.34193003, 0.022927882), (0.89815557, 0.43908092, 0.022897968), (0.8934773, 0.44872123, 0.018642228), (0.93146217, 0.3634596, 0.01659431), (0.9314628, 0.3634579, 0.016594307), (0.8137561, 0.5810109, 0.015076631), (0.8352566, 0.5493571, 0.023520801), (0.85896087, 0.51183, 0.014705587), (0.8589608, 0.51183015, 0.014705589), (0.8137571, 0.5810094, 0.01507663), (0.7629088, 0.64615035, 0.021449026), (0.7658952, 0.64266276, 0.019726675), (0.70701754, 0.70701754, 0.01588645), (0.7070175, 0.70701754, 0.015886452), (0.6860562, 0.7271764, 0.023266934), (0.6462315, 0.7630055, 0.014401967), (0.64623255, 0.76300466, 0.0144019695), (0.597005, 0.80191606, 0.022707693), (0.511742, 0.858813, 0.023672907), (0.49991855, 0.8658843, 0.018049529), (0.5809853, 0.8137365, 0.016999185), (0.58099353, 0.81373066, 0.016999176), (0.3634657, 0.93148166, 0.015312874), (0.39597055, 0.9179632, 0.02347001), (0.43915007, 0.89829564, 0.014570616), (0.43914858, 0.8982963, 0.014570616), (0.36346456, 0.9314822, 0.015312876), (0.2852751, 0.95822054, 0.020774957), (0.28674465, 0.95779365, 0.020217787), (0.205191, 0.97859794, 0.015582805), (0.20519058, 0.97859794, 0.015582805), (0.17360094, 0.98453844, 0.023385497), (0.041319042, 0.9989939, 0.017437493), (0.058130525, 0.9980564, 0.022453643), (0.12368058, 0.9922165, 0.014469417), (0.123678654, 0.9922168, 0.014469419), (-0.7651891, -0.13283108, -0.62995356), (-0.7071514, -0.07387955, -0.70319176), (-0.69578457, 0.07068739, -0.7147637), (-0.9659861, 0.18564558, -0.18001853), (0.0015473563, 0.948323, -0.3173027), (-0.0069984174, 0.7132305, -0.70089465), (0.005173183, 0.33379614, -0.94263107), (0.009841095, 0.11319946, -0.99352354), (0.005172744, -0.33380115, -0.9426293), (-0.006991587, -0.71323043, -0.70089465), (0.0015488834, -0.94832987, -0.31728214), (0.004560205, -0.9953883, -0.095819876), (0.004560225, -0.9953848, -0.09585568), (-0.0006512546, -0.1132041, -0.9935716), (0.009998397, -0.08509712, -0.9963225), (-0.00456006, -0.084934354, -0.99637616), (-0.0045600603, -0.08493463, -0.99637604), (-0.0116943205, -0.08424923, -0.9963761), (-0.011694342, -0.08424947, -0.99637604), (-0.018745488, -0.082965896, -0.9963761), (-0.018745447, -0.082965665, -0.9963761), (-0.025663521, -0.08109303, -0.99637604), (-0.02566359, -0.08109329, -0.99637604), (-0.03239951, -0.07864487, -0.99637604), (-0.032399483, -0.07864481, -0.99637604), (-0.03890529, -0.075638026, -0.9963761), (-0.038905222, -0.07563787, -0.9963761), (-0.045134824, -0.07209404, -0.99637604), (-0.0451351, -0.07209454, -0.99637604), (-0.051044334, -0.06803874, -0.99637604), (-0.05104449, -0.06803896, -0.99637604), (-0.056591224, -0.06350028, -0.99637604), (-0.056590043, -0.06349882, -0.99637616), (-0.061734878, -0.058509275, -0.9963762), (-0.06173525, -0.058509666, -0.99637616), (-0.066441834, -0.05310468, -0.99637616), (-0.066442385, -0.053105168, -0.9963761), (-0.070677295, -0.04732297, -0.99637604), (-0.07067768, -0.047323257, -0.99637604), (-0.07441077, -0.04120521, -0.99637604), (-0.07440937, -0.041204344, -0.99637616), (-0.0776141, -0.03479378, -0.99637616), (-0.07761526, -0.034794375, -0.99637604), (-0.08026897, -0.02813667, -0.99637604), (-0.08026933, -0.028136816, -0.99637604), (-0.082353115, -0.021279339, -0.99637604), (-0.08235181, -0.02127893, -0.99637616), (-0.08385082, -0.01427044, -0.99637616), (-0.083851054, -0.01427049, -0.9963761), (-0.08475477, -0.0071607092, -0.99637616), (-0.084755555, -0.007160816, -0.99637604), (-0.08505751, -4.332986e-8, -0.99637604), (-0.08505751, -4.3553076e-8, -0.99637604), (-0.084755555, 0.0071606883, -0.99637604), (-0.08475476, 0.0071606613, -0.9963761), (-0.08385107, 0.014270395, -0.99637616), (-0.08385083, 0.014270365, -0.99637616), (-0.08235178, 0.021278908, -0.99637616), (-0.08235312, 0.021279182, -0.99637604), (-0.08026934, 0.028136708, -0.99637604), (-0.080268964, 0.0281366, -0.99637604), (-0.077615276, 0.03479422, -0.99637604), (-0.07761408, 0.034793757, -0.99637616), (-0.074409395, 0.04120436, -0.99637616), (-0.07441081, 0.041205056, -0.99637604), (-0.070677675, 0.04732314, -0.99637604), (-0.07067725, 0.047322888, -0.99637604), (-0.06644238, 0.05310503, -0.99637604), (-0.06644186, 0.053104665, -0.9963761), (-0.061735272, 0.058509562, -0.99637616), (-0.061734874, 0.058509223, -0.99637616), (-0.056589972, 0.063498795, -0.99637616), (-0.056591325, 0.063500166, -0.996376), (-0.051044513, 0.06803889, -0.99637604), (-0.05104429, 0.06803861, -0.99637604), (-0.045135137, 0.07209445, -0.99637604), (-0.045134827, 0.072094016, -0.99637604), (-0.03890522, 0.075637795, -0.99637604), (-0.0389053, 0.07563794, -0.99637604), (-0.032399483, 0.07864474, -0.9963761), (-0.0323995, 0.07864477, -0.99637604), (-0.025663614, 0.08109322, -0.99637604), (-0.025663517, 0.081092976, -0.9963761), (-0.018745443, 0.082965605, -0.9963761), (-0.018745497, 0.08296579, -0.99637604), (-0.011694353, 0.08424938, -0.99637604), (-0.011694307, 0.08424914, -0.9963761), (-0.004560076, 0.08493455, -0.9963761), (-0.0045600445, 0.08493425, -0.9963761), (0.009998396, 0.08509703, -0.9963225), (-0.00065125455, 0.11320401, -0.9935716), (-0.005722246, 0.99537885, -0.0958551), (0.0045427606, 0.99770355, -0.06757935), (-0.053489134, 0.99628246, -0.06752828), (-0.05348845, 0.9962834, -0.06751605), (-0.053486444, 0.996283, -0.06752296), (-0.13717282, 0.988243, -0.06752296), (-0.13717343, 0.98824364, -0.06751249), (-0.21988377, 0.9731871, -0.067512974), (-0.21988311, 0.97318745, -0.06750934), (-0.21988331, 0.9731877, -0.06750703), (-0.30103216, 0.9512215, -0.06750704), (-0.30103254, 0.95122087, -0.067514114), (-0.30103233, 0.95122087, -0.06751571), (-0.3800436, 0.9225012, -0.06751553), (-0.38004398, 0.9225015, -0.067509845), (-0.52943003, 0.84566253, -0.06751815), (-0.5294303, 0.8456619, -0.06752413), (-0.4563573, 0.88723075, -0.06752467), (-0.45635724, 0.8872314, -0.06751702), (-0.45635292, 0.8872341, -0.06750994), (-0.6638066, 0.74484944, -0.06752875), (-0.59874105, 0.7980909, -0.06752899), (-0.5987451, 0.79808855, -0.06751925), (-0.59874517, 0.79808825, -0.06752303), (-0.5294294, 0.84566253, -0.067523874), (-0.7241581, 0.686322, -0.06750666), (-0.7241589, 0.68632, -0.06751881), (-0.66380745, 0.74484956, -0.067518964), (-0.87282896, 0.4833343, -0.06750935), (-0.8290418, 0.5550966, -0.06750972), (-0.8290396, 0.5550967, -0.067535475), (-0.7793651, 0.62291986, -0.06753486), (-0.7793657, 0.62291944, -0.06753115), (-0.7793659, 0.6229211, -0.06751354), (-0.72415745, 0.68632203, -0.06751308), (-0.87282974, 0.4833319, -0.06751632), (-0.8728295, 0.48333135, -0.067523845), (-0.91042066, 0.40813547, -0.06752473), (-0.91042054, 0.4081347, -0.06753173), (-0.9104207, 0.4081345, -0.067529246), (-0.9415483, 0.33004034, -0.067529336), (-0.94154894, 0.33004132, -0.067515455), (-0.94155186, 0.3300341, -0.06751006), (-0.9659921, 0.24960314, -0.06750976), (-0.9659915, 0.24960335, -0.06751751), (-0.9659859, 0.18564552, -0.18001974), (-0.9758114, 0.18870969, -0.11036551), (-0.97974515, 0.1922613, -0.055991177), (-0.9795486, 0.18952498, -0.06756396), (-0.9803815, 0.19412184, -0.034187727), (-0.9817778, 0.18995357, -0.00547266), (-0.88401574, 0.16249624, -0.43830487), (-0.88401604, 0.1624963, -0.4383042), (-0.42318934, 0.035753924, -0.9053355), (-0.41517875, -0.03747981, -0.9089675), (-0.4088474, -0.0021821656, -0.91260016), (-0.20140357, -4.3066834e-8, -0.97950834), (-0.58068144, 0.029238855, -0.81360567), (-0.58068144, 0.029238852, -0.81360567), (-0.41517875, -0.03747945, -0.9089675), (-0.43515104, -0.036764614, -0.8996065), (-0.588191, -0.08450174, -0.8042952), (-0.87716216, -0.16948788, -0.44928873), (-0.96048087, -0.1967242, -0.19691667), (-0.9402633, -0.18169138, -0.2879119), (-0.981691, -0.18993679, 0.014377461), (-0.9816918, -0.18993965, 0.01429294), (-0.9793971, -0.1917043, -0.06348757), (-0.9749109, -0.18831934, -0.118678376), (-0.94155186, -0.3300341, -0.06751006), (-0.965992, -0.24960348, -0.06750977), (-0.9659916, -0.249603, -0.06751723), (-0.9794585, -0.18999003, -0.06756458), (-0.9805632, -0.19572519, -0.013688913), (-0.94154924, -0.33004066, -0.06751495), (-0.94154805, -0.330041, -0.06752934), (-0.9104207, -0.4081345, -0.067529246), (-0.91042054, -0.40813473, -0.06753172), (-0.91042066, -0.40813547, -0.067524984), (-0.87282926, -0.48333165, -0.067523845), (-0.8728299, -0.48333156, -0.06751738), (-0.87282896, -0.4833343, -0.06750935), (-0.82904106, -0.5550977, -0.06750972), (-0.82904035, -0.5550957, -0.067534834), (-0.7793651, -0.62291986, -0.06753486), (-0.77936566, -0.6229195, -0.067531124), (-0.77936584, -0.6229211, -0.067513384), (-0.7241575, -0.68632203, -0.06751308), (-0.72415805, -0.686322, -0.0675064), (-0.7241588, -0.68632, -0.0675187), (-0.66380703, -0.7448499, -0.067518964), (-0.663807, -0.7448491, -0.06752903), (-0.52943003, -0.8456626, -0.06751819), (-0.5294294, -0.84566253, -0.067523874), (-0.598745, -0.7980884, -0.06752304), (-0.5987453, -0.7980885, -0.0675189), (-0.59874105, -0.7980909, -0.06752899), (-0.38004372, -0.92250156, -0.06751003), (-0.45635292, -0.8872341, -0.06750994), (-0.45635754, -0.88723123, -0.067517534), (-0.45635697, -0.88723093, -0.067524664), (-0.5294303, -0.8456619, -0.06752413), (-0.30103254, -0.9512209, -0.067514144), (-0.3010323, -0.95122087, -0.06751571), (-0.3800438, -0.92250115, -0.06751553), (-0.13717294, -0.9882437, -0.06751245), (-0.21988378, -0.9731871, -0.06751297), (-0.21988313, -0.97318745, -0.0675094), (-0.2198833, -0.9731877, -0.06750695), (-0.3010322, -0.9512215, -0.06750705), (-0.0057355734, -0.99769694, -0.06758691), (-0.053489134, -0.99628246, -0.06752828), (-0.053488452, -0.9962834, -0.06751605), (-0.053486448, -0.996283, -0.06752294), (-0.13717334, -0.9882429, -0.06752296), (0.0045602056, 0.9953883, -0.095819876), (-0.017180966, 0.96158946, -0.27395356), (-0.051563166, 0.96042234, -0.27373368), (-0.051563177, 0.9604223, -0.2737339), (-0.1322354, 0.95267177, -0.27373394), (-0.1322355, 0.9526707, -0.27373746), (-0.21196817, 0.93815637, -0.27373728), (-0.21196815, 0.9381569, -0.27373552), (-0.29019678, 0.9169813, -0.27373573), (-0.29019678, 0.91698074, -0.27373746), (-0.36636358, 0.8892949, -0.2737378), (-0.3663635, 0.88929456, -0.27373862), (-0.43993047, 0.8552943, -0.27373856), (-0.43993106, 0.855297, -0.27372894), (-0.51037407, 0.8152243, -0.2737292), (-0.51037365, 0.8152228, -0.27373442), (-0.5771935, 0.76936156, -0.27373442), (-0.5771942, 0.76936334, -0.27372763), (-0.63991475, 0.7180406, -0.27372742), (-0.6399139, 0.71803886, -0.27373415), (-0.6980917, 0.66161746, -0.27373403), (-0.69809127, 0.66161686, -0.27373645), (-0.7513127, 0.60049766, -0.27373666), (-0.75131464, 0.6005003, -0.27372575), (-0.7992015, 0.5351181, -0.27372548), (-0.79919916, 0.5351155, -0.2737371), (-0.8414118, 0.46593368, -0.2737371), (-0.84141153, 0.4659334, -0.2737385), (-0.8776499, 0.39344388, -0.2737382), (-0.87765115, 0.39344487, -0.27373275), (-0.9076583, 0.3181616, -0.2737326), (-0.90765595, 0.31815997, -0.27374253), (-0.93121856, 0.24061796, -0.27374265), (-0.93121886, 0.24061812, -0.27374154), (-0.94396996, 0.18408088, -0.27392492), (-0.94192886, 0.18270518, -0.28176028), (-0.96492654, -0.18554112, -0.18571797), (-0.9444567, -0.18158686, -0.27391192), (-0.93121886, -0.24061805, -0.2737415), (-0.9312185, -0.24061806, -0.27374256), (-0.9076557, -0.3181607, -0.27374244), (-0.9076585, -0.31816092, -0.27373263), (-0.87765133, -0.39344454, -0.27373278), (-0.8776498, -0.39344424, -0.27373812), (-0.84141153, -0.46593353, -0.2737384), (-0.8414118, -0.46593356, -0.2737371), (-0.7991987, -0.53511626, -0.27373704), (-0.79920197, -0.5351173, -0.27372557), (-0.75131506, -0.60049963, -0.27372587), (-0.75131214, -0.6004983, -0.2737367), (-0.69809115, -0.66161704, -0.27373645), (-0.6980918, -0.6616174, -0.27373403), (-0.6399135, -0.7180392, -0.27373412), (-0.6399151, -0.71804035, -0.27372742), (-0.57719463, -0.7693631, -0.27372763), (-0.5771931, -0.7693618, -0.27373445), (-0.5103733, -0.8152231, -0.2737344), (-0.5103744, -0.8152241, -0.2737292), (-0.43993172, -0.8552968, -0.27372897), (-0.4399298, -0.85529464, -0.2737385), (-0.36636344, -0.8892946, -0.27373853), (-0.3663636, -0.8892949, -0.2737378), (-0.2901966, -0.91698074, -0.27373743), (-0.2901969, -0.9169812, -0.27373564), (-0.21196827, -0.93815684, -0.2737354), (-0.21196803, -0.93815637, -0.27373728), (-0.13223526, -0.9526708, -0.2737375), (-0.13223566, -0.95267177, -0.27373406), (-0.051563162, -0.9604223, -0.27373403), (-0.051563177, -0.96042234, -0.27373376), (-0.01718098, -0.96158946, -0.27395365), (0.0015489211, -0.9483217, -0.31730646), (-0.014362636, 0.852552, -0.52244514), (-0.00235558, 0.8642801, -0.50300527), (-0.04634492, 0.8632259, -0.50268596), (-0.046344843, 0.8632267, -0.5026846), (-0.11885329, 0.8562604, -0.50268453), (-0.118853346, 0.8562577, -0.50268954), (-0.19051626, 0.8432122, -0.50268954), (-0.19051641, 0.84321386, -0.5026866), (-0.26082855, 0.8241813, -0.50268644), (-0.26082835, 0.8241801, -0.5026885), (-0.3292869, 0.79929644, -0.5026881), (-0.32928663, 0.79929537, -0.5026899), (-0.3954078, 0.7687366, -0.50268954), (-0.39540863, 0.768739, -0.50268525), (-0.4587232, 0.73272127, -0.5026853), (-0.4587235, 0.7327219, -0.5026841), (-0.51878077, 0.6915019, -0.50268453), (-0.51878, 0.6915004, -0.5026872), (-0.5751531, 0.6453716, -0.50268704), (-0.57515156, 0.64536923, -0.50269204), (-0.6274412, 0.5946581, -0.50269216), (-0.6274425, 0.59465975, -0.50268835), (-0.6752776, 0.5397264, -0.5026884), (-0.6752774, 0.5397262, -0.5026887), (-0.7183181, 0.4809604, -0.50268894), (-0.7183191, 0.4809613, -0.50268656), (-0.75625986, 0.41878045, -0.5026867), (-0.7562622, 0.41878226, -0.50268155), (-0.7888334, 0.35362846, -0.50268173), (-0.7888306, 0.35362667, -0.50268734), (-0.8158009, 0.28596207, -0.50268734), (-0.81580466, 0.28596404, -0.5026801), (-0.83698314, 0.2162685, -0.50267994), (-0.8369827, 0.21626833, -0.5026807), (-0.8495234, 0.1593954, -0.5028947), (-0.7489267, 0.12947349, -0.64988106), (-0.8858748, -0.16374557, -0.43406588), (-0.8499778, -0.1570432, -0.502867), (-0.83698267, -0.2162684, -0.5026807), (-0.83698314, -0.21626848, -0.50267994), (-0.8158049, -0.2859635, -0.5026801), (-0.8158006, -0.28596267, -0.50268734), (-0.78883034, -0.35362715, -0.50268734), (-0.7888335, -0.35362807, -0.5026817), (-0.7562625, -0.41878194, -0.5026816), (-0.7562597, -0.41878086, -0.5026867), (-0.71831924, -0.48096117, -0.50268656), (-0.718318, -0.48096058, -0.5026889), (-0.67527735, -0.53972626, -0.5026887), (-0.6752776, -0.53972644, -0.5026882), (-0.6274428, -0.5946597, -0.5026883), (-0.6274409, -0.5946584, -0.5026921), (-0.5751512, -0.6453695, -0.50269204), (-0.5751534, -0.64537144, -0.5026871), (-0.51877975, -0.69150066, -0.5026872), (-0.5187809, -0.69150174, -0.5026845), (-0.45872355, -0.73272187, -0.5026841), (-0.4587231, -0.7327214, -0.50268537), (-0.39540896, -0.7687388, -0.50268525), (-0.39540747, -0.7687367, -0.5026896), (-0.3292865, -0.7992955, -0.50268984), (-0.32928702, -0.7992964, -0.50268817), (-0.26082817, -0.8241801, -0.50268847), (-0.2608287, -0.82418126, -0.5026864), (-0.19051664, -0.84321386, -0.5026866), (-0.19051601, -0.84321225, -0.50268954), (-0.1188529, -0.8562577, -0.5026895), (-0.11885371, -0.8562604, -0.5026846), (-0.046344966, -0.8632268, -0.5026846), (-0.0463448, -0.8632259, -0.50268596), (-0.012794861, -0.86418146, -0.50301766), (-0.0022882365, -0.85263795, -0.5224971), (-0.0022879946, 0.85264236, -0.52248985), (-0.0069917757, 0.71322143, -0.70090395), (-0.038254827, 0.71254027, -0.7005876), (-0.038255032, 0.71253604, -0.70059186), (-0.09810585, 0.7067859, -0.7005918), (-0.09810584, 0.70678544, -0.7005923), (-0.15725873, 0.6960174, -0.70059234), (-0.1572583, 0.6960138, -0.7005959), (-0.2152958, 0.68030375, -0.70059586), (-0.21529666, 0.6803078, -0.7005916), (-0.27180523, 0.65976757, -0.7005916), (-0.2718048, 0.65976614, -0.70059323), (-0.32638296, 0.63454175, -0.7005933), (-0.32638198, 0.63453925, -0.70059603), (-0.37864345, 0.60480946, -0.7005959), (-0.37864465, 0.60481197, -0.7005931), (-0.4282183, 0.57078755, -0.70059305), (-0.42821735, 0.5707859, -0.700595), (-0.47474942, 0.5327095, -0.7005952), (-0.4747521, 0.5327132, -0.7005906), (-0.5179141, 0.49085405, -0.7005906), (-0.517914, 0.4908538, -0.7005909), (-0.5573986, 0.44550967, -0.70059115), (-0.557399, 0.44551006, -0.7005906), (-0.5929264, 0.39700267, -0.7005905), (-0.5929242, 0.39700082, -0.70059353), (-0.62424135, 0.34567532, -0.70059353), (-0.62424105, 0.3456751, -0.700594), (-0.6511265, 0.29189497, -0.7005938), (-0.6511288, 0.29189634, -0.700591), (-0.673391, 0.23604377, -0.7005911), (-0.67338586, 0.23604134, -0.70059675), (-0.6908667, 0.17851333, -0.70059705), (-0.6908713, 0.17851503, -0.7005921), (-0.70311415, 0.121452205, -0.70062816), (-0.689424, 0.1173316, -0.71479225), (-0.6156671, 0.1539661, -0.77281857), (-0.6957846, 0.0706874, -0.71476364), (-0.00045886272, -0.5372874, -0.8433991), (-0.006998054, -0.71322155, -0.7009038), (-0.03825526, -0.7125403, -0.70058745), (-0.038254607, -0.7125362, -0.7005918), (-0.09810591, -0.70678604, -0.70059174), (-0.09810577, -0.70678544, -0.70059234), (-0.15725906, -0.69601727, -0.7005922), (-0.15725791, -0.69601387, -0.7005959), (-0.21529537, -0.6803039, -0.70059586), (-0.21529704, -0.68030775, -0.7005916), (-0.27180538, -0.65976757, -0.7005916), (-0.27180463, -0.6597662, -0.7005932), (-0.32638317, -0.63454163, -0.7005933), (-0.32638177, -0.6345395, -0.70059586), (-0.37864324, -0.6048097, -0.7005958), (-0.3786448, -0.6048117, -0.7005932), (-0.42821848, -0.5707875, -0.700593), (-0.4282171, -0.570786, -0.700595), (-0.47474906, -0.53270984, -0.70059526), (-0.4747525, -0.5327129, -0.70059055), (-0.5179142, -0.4908541, -0.70059055), (-0.5179138, -0.49085382, -0.70059097), (-0.55739844, -0.44550973, -0.70059115), (-0.55739903, -0.44551003, -0.7005906), (-0.5929265, -0.3970025, -0.70059055), (-0.59292394, -0.39700115, -0.70059353), (-0.62424135, -0.34567535, -0.70059353), (-0.624241, -0.34567517, -0.700594), (-0.65112627, -0.29189524, -0.70059377), (-0.6511288, -0.29189608, -0.7005911), (-0.6733911, -0.23604324, -0.70059115), (-0.67338574, -0.23604198, -0.7005968), (-0.6908666, -0.17851388, -0.70059705), (-0.69087136, -0.17851457, -0.7005921), (-0.70344746, -0.1197183, -0.7005921), (-0.6824634, -0.11832255, -0.7212791), (-0.57505506, -0.1687947, -0.8005123), (-0.0004592973, 0.5373, -0.84339106), (-0.0108912345, 0.5179286, -0.8553545), (-0.02779015, 0.5176172, -0.8551609), (-0.027790138, 0.5176175, -0.8551607), (-0.07126847, 0.5134404, -0.85516065), (-0.071268484, 0.51344055, -0.85516053), (-0.11424006, 0.50561804, -0.8551606), (-0.11424005, 0.5056179, -0.85516065), (-0.15640095, 0.49420536, -0.85516065), (-0.1564015, 0.49420786, -0.8551591), (-0.19745229, 0.47928625, -0.8551591), (-0.19745243, 0.47928673, -0.8551589), (-0.23710091, 0.46096233, -0.855159), (-0.23709981, 0.4609597, -0.8551607), (-0.2750647, 0.43936282, -0.8551607), (-0.27506512, 0.4393637, -0.85516006), (-0.31107792, 0.41464657, -0.8551601), (-0.3110791, 0.41464853, -0.8551587), (-0.34488246, 0.38698807, -0.85515875), (-0.34487984, 0.3869846, -0.85516125), (-0.37623432, 0.35657668, -0.8551613), (-0.37623444, 0.3565768, -0.8551612), (-0.40491804, 0.3236372, -0.855161), (-0.40491897, 0.32363802, -0.8551603), (-0.43072784, 0.28839993, -0.85516024), (-0.43072814, 0.28840017, -0.85516006), (-0.45347857, 0.2511149, -0.85515994), (-0.4534801, 0.25111592, -0.8551588), (-0.4730109, 0.21204735, -0.8551589), (-0.47300625, 0.21204476, -0.855162), (-0.4891784, 0.17147122, -0.85516196), (-0.48918456, 0.17147401, -0.85515803), (-0.50188386, 0.12968232, -0.855158), (-0.50188, 0.12968098, -0.8551604), (-0.51101583, 0.08696868, -0.85516036), (-0.5110171, 0.08696901, -0.85515964), (-0.51564443, 0.05112331, -0.8552761), (-0.58310884, 0.07995254, -0.8084501), (-0.7071515, -0.07387954, -0.7031917), (-0.5154473, -0.05276593, -0.8552951), (-0.51101714, -0.08696897, -0.8551596), (-0.5110158, -0.08696886, -0.85516036), (-0.50187993, -0.12968138, -0.8551604), (-0.501884, -0.12968206, -0.8551579), (-0.48918465, -0.17147352, -0.855158), (-0.48917815, -0.17147183, -0.855162), (-0.47300616, -0.2120453, -0.855162), (-0.47301093, -0.21204695, -0.85515887), (-0.45348012, -0.25111583, -0.8551588), (-0.45347843, -0.25111508, -0.8551599), (-0.4307281, -0.2884002, -0.85516), (-0.4307279, -0.28840008, -0.8551601), (-0.40491906, -0.32363805, -0.8551602), (-0.4049181, -0.32363743, -0.8551609), (-0.3762345, -0.3565769, -0.85516113), (-0.37623423, -0.35657668, -0.8551613), (-0.34487954, -0.38698488, -0.85516125), (-0.3448827, -0.38698786, -0.85515857), (-0.3110793, -0.41464847, -0.8551587), (-0.3110778, -0.4146468, -0.85516), (-0.2750652, -0.43936372, -0.85516), (-0.27506456, -0.4393629, -0.8551607), (-0.23709957, -0.46095982, -0.8551607), (-0.23710111, -0.46096233, -0.8551589), (-0.19745252, -0.47928682, -0.8551589), (-0.19745225, -0.4792863, -0.8551592), (-0.1564017, -0.4942078, -0.8551591), (-0.15640073, -0.49420545, -0.85516065), (-0.11424002, -0.505618, -0.8551607), (-0.11424008, -0.5056181, -0.85516053), (-0.0712685, -0.5134406, -0.8551605), (-0.07126847, -0.5134405, -0.8551606), (-0.027790174, -0.51761764, -0.8551606), (-0.027790107, -0.5176171, -0.8551609), (-0.00034904733, -0.518048, -0.85535145), (-0.012667032, -0.5372577, -0.84332305), (0.0051731486, 0.333802, -0.942629), (-0.013539193, 0.29054976, -0.9567641), (-0.015597607, 0.29051936, -0.956742), (-0.015597593, 0.29051998, -0.95674175), (-0.040000454, 0.28817552, -0.9567418), (-0.040000513, 0.2881765, -0.95674145), (-0.06411907, 0.28378603, -0.9567415), (-0.06411913, 0.28378642, -0.95674133), (-0.08778257, 0.27738103, -0.95674133), (-0.08778228, 0.27737978, -0.9567417), (-0.11082241, 0.26900497, -0.9567417), (-0.1108223, 0.2690046, -0.9567418), (-0.13307558, 0.25871998, -0.95674175), (-0.13307598, 0.25872093, -0.95674145), (-0.1543844, 0.24659935, -0.9567415), (-0.15438335, 0.24659733, -0.9567421), (-0.17459574, 0.23272485, -0.9567421), (-0.17459527, 0.23272412, -0.95674235), (-0.1935677, 0.21719939, -0.9567424), (-0.19357015, 0.21720262, -0.95674115), (-0.21116872, 0.20013542, -0.9567411), (-0.21116799, 0.20013462, -0.95674145), (-0.22726691, 0.18164669, -0.95674145), (-0.2272663, 0.18164614, -0.9567417), (-0.24175178, 0.1618683, -0.95674175), (-0.24175137, 0.16186796, -0.9567419), (-0.25452012, 0.14094123, -0.956742), (-0.2545206, 0.14094153, -0.9567417), (-0.26548272, 0.11901365, -0.9567417), (-0.26548305, 0.11901383, -0.9567416), (-0.27455983, 0.0962415, -0.9567416), (-0.27455756, 0.0962405, -0.95674235), (-0.28168508, 0.07278468, -0.95674235), (-0.2816874, 0.07278548, -0.95674163), (-0.286815, 0.048812456, -0.9567416), (-0.2868147, 0.048812382, -0.95674175), (-0.28990585, 0.024493212, -0.9567417), (-0.28990594, 0.024493221, -0.95674163), (-0.29093876, -4.2065835e-8, -0.9567417), (-0.29093876, -4.0757484e-8, -0.95674163), (-0.28990594, -0.024493305, -0.9567417), (-0.28990585, -0.024493301, -0.95674163), (-0.2868147, -0.04881249, -0.9567417), (-0.28681502, -0.04881252, -0.95674163), (-0.28168747, -0.07278538, -0.9567416), (-0.281685, -0.07278494, -0.95674235), (-0.2745575, -0.09624076, -0.9567423), (-0.27455992, -0.09624141, -0.95674163), (-0.2654831, -0.119013906, -0.9567416), (-0.26548272, -0.11901377, -0.9567417), (-0.25452062, -0.1409416, -0.95674175), (-0.2545201, -0.14094135, -0.9567419), (-0.24175134, -0.1618681, -0.95674187), (-0.24175182, -0.16186835, -0.95674175), (-0.22726624, -0.18164624, -0.95674163), (-0.22726691, -0.18164672, -0.95674145), (-0.21116792, -0.20013477, -0.9567415), (-0.21116877, -0.20013544, -0.9567411), (-0.19357038, -0.21720248, -0.9567412), (-0.19356747, -0.21719967, -0.9567424), (-0.17459519, -0.23272422, -0.95674235), (-0.1745958, -0.23272492, -0.9567421), (-0.15438321, -0.24659753, -0.9567421), (-0.15438454, -0.24659932, -0.95674145), (-0.13307607, -0.258721, -0.95674145), (-0.13307549, -0.25872004, -0.9567418), (-0.11082224, -0.26900464, -0.95674175), (-0.11082244, -0.26900506, -0.9567417), (-0.087782174, -0.2773799, -0.95674175), (-0.087782644, -0.27738103, -0.9567413), (-0.06411916, -0.2837865, -0.95674133), (-0.06411904, -0.2837861, -0.95674145), (-0.04000059, -0.28817657, -0.9567415), (-0.04000037, -0.28817558, -0.95674175), (-0.01559764, -0.2905201, -0.9567418), (-0.0155975595, -0.29051948, -0.9567419), (-0.013539192, -0.2905498, -0.95676404), (0.009841092, -0.113199554, -0.99352354), (-0.04114992, 0.7065078, 0.7065078), (-0.12289203, 0.69695663, 0.7065048), (-0.041149903, 0.7065152, 0.70650053), (-0.04114872, 0.70650935, 0.7065065), (-0.12289183, 0.6969548, 0.7065066), (-0.2803068, 0.6498243, 0.70651007), (-0.1228944, 0.69696355, 0.7064976), (-0.20297459, 0.6779841, 0.70649755), (-0.20297165, 0.6779717, 0.7065104), (-0.20297511, 0.6779787, 0.7065027), (-0.2803093, 0.6498311, 0.7065028), (-0.42261654, 0.56767255, 0.7065007), (-0.28031108, 0.64983064, 0.7065025), (-0.35385534, 0.6128957, 0.7065021), (-0.35385436, 0.61289376, 0.7065043), (-0.35385507, 0.6128946, 0.7065032), (-0.4226147, 0.56766975, 0.70650405), (-0.54213554, 0.4549056, 0.7065054), (-0.42261484, 0.56767106, 0.7065028), (-0.48565978, 0.5147693, 0.7065034), (-0.48565915, 0.51476866, 0.7065043), (-0.48566362, 0.5147716, 0.7064992), (-0.5421402, 0.45490995, 0.70649904), (-0.54213345, 0.45490482, 0.7065075), (-0.5912793, 0.38889062, 0.7065075), (-0.59127593, 0.38888812, 0.7065117), (-0.5912727, 0.38888732, 0.7065148), (-0.6324219, 0.31761447, 0.70651513), (-0.63242954, 0.3176179, 0.7065067), (-0.6324259, 0.31761798, 0.70650995), (-0.6650227, 0.24204868, 0.7065106), (-0.6650311, 0.24205136, 0.7065017), (-0.6650279, 0.24205242, 0.70650446), (-0.68863225, 0.16320892, 0.7065043), (-0.6886273, 0.16320796, 0.7065095), (-0.6886369, 0.16320056, 0.7065018), (-0.7029262, 0.08216058, 0.7065014), (-0.70291185, 0.08215826, 0.706516), (-0.70290995, 0.08216381, 0.7065174), (-0.7076955, 0, 0.70651764), (-0.7076955, 0, 0.7065176), (-0.7029099, -0.0821638, 0.7065174), (-0.702912, -0.08215828, 0.7065159), (-0.70292616, -0.08216058, 0.7065016), (-0.6886369, -0.16320057, 0.7065018), (-0.6886275, -0.16320778, 0.7065093), (-0.68862724, -0.16320772, 0.70650953), (-0.66502315, -0.24205069, 0.7065096), (-0.665026, -0.24204983, 0.70650715), (-0.66501826, -0.24204658, 0.7065156), (-0.6324214, -0.3176157, 0.7065151), (-0.6324252, -0.31761566, 0.7065117), (-0.63242626, -0.31761625, 0.7065103), (-0.591277, -0.38889012, 0.7065097), (-0.59127986, -0.3888907, 0.70650697), (-0.5912837, -0.38889349, 0.7065024), (-0.5421374, -0.45490807, 0.7065025), (-0.5421395, -0.45490888, 0.70650023), (-0.54214036, -0.45490974, 0.7064991), (-0.48566362, -0.5147716, 0.7064992), (-0.48565948, -0.51476896, 0.7065039), (-0.48566008, -0.5147697, 0.706503), (-0.4226148, -0.567671, 0.70650285), (-0.42261645, -0.5676724, 0.70650077), (-0.4226148, -0.5676699, 0.7065038), (-0.35385507, -0.6128946, 0.7065032), (-0.35385442, -0.61289394, 0.7065042), (-0.35385552, -0.61289614, 0.70650166), (-0.28031108, -0.6498307, 0.7065025), (-0.28030673, -0.64982426, 0.7065101), (-0.28030917, -0.64983094, 0.7065029), (-0.20297511, -0.6779787, 0.7065027), (-0.20297168, -0.6779718, 0.70651025), (-0.20297465, -0.6779843, 0.7064974), (-0.1228944, -0.69696355, 0.7064976), (-0.12289204, -0.69695663, 0.7065048), (-0.04114992, -0.7065078, 0.7065078), (-0.041149903, -0.7065152, 0.7065005), (-0.04114872, -0.70650935, 0.7065065), (-0.122891836, -0.69695485, 0.70650655), (0.004682022, 0.11320369, -0.99356073), (0.00468208, -0.113202885, -0.99356085), (0.013804752, 0.3337688, -0.94255394), (0.20427285, 0.97421914, -0.09575857), (0.28402582, 0.9540229, -0.095758565), (0.759576, 0.64332885, -0.09577183), (0.9877599, 0.12312354, -0.0957654), (0.8942627, -0.43717816, -0.09575786), (0.041135717, -0.99455607, -0.09573976), (0.04113534, -0.9945526, -0.095775545), (0.041135084, -0.99455315, -0.095770076), (0.123124965, -0.98775923, -0.095770136), (0.12312362, -0.98776025, -0.095761314), (0.20427202, -0.97421914, -0.09576079), (0.20427231, -0.9742185, -0.09576555), (0.12312311, -0.98775995, -0.09576545), (0.36183688, -0.9273095, -0.09576559), (0.36183655, -0.9273099, -0.09576416), (0.28402564, -0.95402235, -0.09576423), (0.28402543, -0.95402294, -0.095758565), (0.20427285, -0.97421914, -0.09575851), (0.43717828, -0.8942629, -0.09575492), (0.4371784, -0.89426255, -0.095757775), (0.36183786, -0.92731005, -0.09575715), (0.57840604, -0.8101079, -0.09576894), (0.57839864, -0.8101137, -0.095764235), (0.50953287, -0.8551056, -0.09576383), (0.5095329, -0.8551057, -0.095762394), (0.43717676, -0.89426285, -0.09576227), (0.6433296, -0.759577, -0.09575937), (0.6433295, -0.7595771, -0.095758155), (0.57840717, -0.8101083, -0.09575893), (0.7038564, -0.7038564, -0.095771916), (0.7038564, -0.70385647, -0.09577193), (0.6433277, -0.75957704, -0.09577164), (0.8101094, -0.5784062, -0.095755264), (0.8101097, -0.57840514, -0.09575891), (0.75957704, -0.6433297, -0.095758155), (0.7595766, -0.6433282, -0.09577164), (0.7038564, -0.7038564, -0.09577193), (0.8942624, -0.4371777, -0.09576195), (0.8551057, -0.509533, -0.095762394), (0.85510564, -0.50953305, -0.09576265), (0.85510564, -0.5095328, -0.09576383), (0.8101082, -0.57840633, -0.0957642), (0.95402265, -0.28402552, -0.09576147), (0.9540225, -0.28402507, -0.09576423), (0.92730963, -0.36183697, -0.09576415), (0.92731, -0.36183748, -0.09575918), (0.9273095, -0.3618392, -0.09575716), (0.9742191, -0.204272, -0.095760375), (0.97421926, -0.2042722, -0.09575851), (0.95402306, -0.28402528, -0.095758565), (0.99455386, -0.041135628, -0.09576197), (0.9945532, -0.041133743, -0.09577008), (0.9877594, -0.12312348, -0.09577015), (0.9877598, -0.12312386, -0.09576544), (0.97421795, -0.20427498, -0.09576553), (0.9877594, 0.12312379, -0.09577017), (0.9945532, 0.041133724, -0.09577008), (0.99455386, 0.04113562, -0.09576192), (0.9945535, 0.04113605, -0.09576661), (0.9945535, -0.04113606, -0.09576661), (0.95402277, 0.28402558, -0.09576134), (0.95402306, 0.28402528, -0.095758565), (0.97421926, 0.20427205, -0.095758505), (0.9742191, 0.20427215, -0.09576062), (0.97421795, 0.20427498, -0.09576553), (0.9273101, 0.36183712, -0.09575951), (0.92730963, 0.3618373, -0.09576417), (0.9540225, 0.28402507, -0.09576423), (0.8551056, 0.50953287, -0.09576266), (0.8551057, 0.509533, -0.095762394), (0.89426225, 0.43717793, -0.095762275), (0.8942628, 0.43717787, -0.09575778), (0.9273095, 0.3618392, -0.09575716), (0.75957763, 0.64332896, -0.095757864), (0.8101097, 0.57840514, -0.09575891), (0.81010944, 0.5784062, -0.09575529), (0.81010824, 0.5784063, -0.095764205), (0.85510564, 0.5095328, -0.09576383), (0.6433296, 0.759577, -0.095759034), (0.6433277, 0.75957704, -0.09577164), (0.7038564, 0.7038564, -0.09577192), (0.70385647, 0.70385647, -0.09577193), (0.7038564, 0.7038564, -0.09577193), (0.578406, 0.8101078, -0.09576932), (0.57840717, 0.8101083, -0.09575893), (0.6433295, 0.7595771, -0.095758155), (0.43717828, 0.89426297, -0.095754884), (0.43717676, 0.89426285, -0.09576227), (0.509533, 0.8551057, -0.095762394), (0.5095328, 0.8551056, -0.09576383), (0.57839864, 0.8101137, -0.095764235), (0.2840253, 0.9540225, -0.09576418), (0.36183655, 0.9273099, -0.09576416), (0.36183688, 0.9273095, -0.09576568), (0.36183786, 0.92731005, -0.09575715), (0.4371784, 0.89426255, -0.095757775), (0.041135717, 0.994556, -0.09573984), (0.2042724, 0.9742191, -0.09575965), (0.20427191, 0.97421867, -0.09576555), (0.12312311, 0.98775995, -0.09576545), (0.12312362, 0.98776025, -0.095761314), (0.123124965, 0.98775923, -0.09577011), (0.041135084, 0.99455315, -0.095770076), (0.041135337, 0.9945526, -0.09577557), (0.039193314, -0.9475942, -0.31706303), (0.039192956, -0.9475969, -0.31705528), (0.117310405, -0.94112384, -0.31705526), (0.117310524, -0.94112253, -0.31705946), (0.19462715, -0.9282206, -0.3170594), (0.19462715, -0.92821896, -0.31706437), (0.27061477, -0.90897626, -0.3170643), (0.27061486, -0.9089776, -0.31706032), (0.34475252, -0.883526, -0.3170606), (0.3447521, -0.8835234, -0.3170684), (0.41653505, -0.85203665, -0.31706816), (0.41653505, -0.8520365, -0.31706825), (0.48547366, -0.8147289, -0.31706795), (0.48547482, -0.8147325, -0.31705707), (0.5510971, -0.7718594, -0.31705686), (0.55109626, -0.77185744, -0.3170631), (0.6129535, -0.7237119, -0.31706324), (0.6129539, -0.7237128, -0.31706053), (0.67062384, -0.67062396, -0.31706002), (0.6706239, -0.67062396, -0.3170601), (0.7237126, -0.612954, -0.3170606), (0.7237121, -0.61295336, -0.3170632), (0.77185816, -0.55109537, -0.3170631), (0.7718595, -0.55109686, -0.31705683), (0.8147321, -0.4854755, -0.31705713), (0.81472933, -0.48547298, -0.3170679), (0.8520366, -0.4165351, -0.31706822), (0.8520366, -0.41653514, -0.31706816), (0.8835236, -0.34475163, -0.3170684), (0.88352585, -0.3447531, -0.31706062), (0.9089776, -0.270615, -0.31706032), (0.9089764, -0.27061436, -0.3170643), (0.9282191, -0.19462687, -0.31706437), (0.9282206, -0.19462755, -0.31705943), (0.94112253, -0.117310226, -0.31705946), (0.9411239, -0.117310725, -0.31705523), (0.9475969, -0.03919346, -0.31705528), (0.9475955, -0.03919311, -0.31705937), (0.94759554, 0.039193366, -0.31705937), (0.94759685, 0.03919314, -0.31705537), (0.94112384, 0.1173104, -0.31705534), (0.94112253, 0.11731052, -0.3170595), (0.9282206, 0.19462715, -0.3170594), (0.92821896, 0.19462717, -0.31706437), (0.9089763, 0.27061462, -0.31706432), (0.90897775, 0.27061474, -0.3170602), (0.883526, 0.34475258, -0.31706047), (0.8835234, 0.34475213, -0.3170684), (0.85203665, 0.4165351, -0.31706816), (0.85203654, 0.4165351, -0.3170682), (0.814729, 0.4854737, -0.31706792), (0.81473243, 0.48547482, -0.3170572), (0.77185977, 0.5510965, -0.31705698), (0.77185786, 0.55109566, -0.31706306), (0.7237119, 0.6129535, -0.31706324), (0.72371274, 0.61295396, -0.31706062), (0.6706239, 0.6706239, -0.31706008), (0.67062396, 0.67062396, -0.31705993), (0.6129541, 0.7237127, -0.3170604), (0.6129533, 0.7237121, -0.3170631), (0.5510959, 0.77185774, -0.31706297), (0.55109745, 0.7718591, -0.31705686), (0.4854755, 0.8147321, -0.31705713), (0.48547298, 0.8147294, -0.31706798), (0.41653505, 0.85203654, -0.31706825), (0.41653508, 0.8520366, -0.31706816), (0.34475157, 0.8835236, -0.3170684), (0.34475306, 0.8835259, -0.3170605), (0.27061516, 0.90897757, -0.31706023), (0.2706145, 0.9089763, -0.31706432), (0.19462682, 0.9282191, -0.31706437), (0.19462751, 0.9282206, -0.31705943), (0.11731023, 0.9411225, -0.3170595), (0.11731072, 0.9411239, -0.31705517), (0.03919343, 0.9475969, -0.3170552), (0.035243347, 0.8521149, -0.52216667), (0.03524373, 0.8521102, -0.5221745), (0.039193083, 0.9475956, -0.3170593), (0.08826067, -0.7080691, -0.7006055), (0.088260666, -0.70806867, -0.700606), (0.1464311, -0.69836175, -0.700606), (0.14643137, -0.69836426, -0.7006034), (0.20360225, -0.6838866, -0.7006035), (0.20360255, -0.68388796, -0.7006021), (0.25938165, -0.6647389, -0.7006021), (0.2593807, -0.66473556, -0.70060563), (0.31338793, -0.6410456, -0.70060587), (0.31338888, -0.6410481, -0.70060325), (0.365256, -0.61297894, -0.70060325), (0.36525425, -0.6129752, -0.7006075), (0.41462648, -0.580719, -0.7006072), (0.41462955, -0.58072436, -0.70060086), (0.46116886, -0.54450154, -0.7006006), (0.46116695, -0.54449886, -0.700604), (0.504556, -0.5045561, -0.7006043), (0.544499, -0.4611668, -0.700604), (0.54450136, -0.46116927, -0.70060056), (0.5807243, -0.4146297, -0.70060086), (0.58071953, -0.4146256, -0.7006072), (0.61297536, -0.365254, -0.7006075), (0.6129787, -0.3652565, -0.7006032), (0.6410479, -0.31338924, -0.70060325), (0.6410456, -0.31338784, -0.7006059), (0.6647356, -0.25938046, -0.70060563), (0.66473883, -0.25938207, -0.7006021), (0.6838879, -0.20360264, -0.70060205), (0.68388665, -0.20360212, -0.7006035), (0.6983642, -0.14643173, -0.7006034), (0.69836175, -0.14643095, -0.700606), (0.7080686, -0.08826069, -0.70060605), (0.7080692, -0.0882608, -0.7006056), (0.7129392, -0.029487452, -0.7006056), (0.7129378, -0.029487241, -0.7006071), (0.71293765, 0.029487327, -0.70060706), (0.71293914, 0.029487245, -0.7006055), (0.70806915, 0.08826068, -0.7006056), (0.70806867, 0.08826067, -0.7006061), (0.69836175, 0.14643115, -0.70060605), (0.69836426, 0.14643142, -0.7006034), (0.6838866, 0.2036022, -0.7006035), (0.68388796, 0.20360246, -0.70060205), (0.6647389, 0.2593817, -0.7006021), (0.6647355, 0.25938076, -0.7006057), (0.64104545, 0.31338802, -0.7006059), (0.6410481, 0.31338894, -0.7006031), (0.61297894, 0.3652561, -0.7006032), (0.6129751, 0.3652543, -0.7006075), (0.58071923, 0.41462606, -0.7006071), (0.5807246, 0.41462913, -0.7006009), (0.54450154, 0.46116886, -0.7006007), (0.54449886, 0.46116704, -0.700604), (0.50455606, 0.50455606, -0.7006043), (0.46116677, 0.54449904, -0.700604), (0.46116915, 0.54450136, -0.7006007), (0.41463006, 0.580724, -0.70060086), (0.41462594, 0.5807193, -0.7006071), (0.36525393, 0.6129753, -0.70060736), (0.36525637, 0.6129787, -0.70060325), (0.31338912, 0.64104784, -0.70060325), (0.31338775, 0.6410457, -0.70060587), (0.25938043, 0.66473573, -0.70060563), (0.25938195, 0.66473883, -0.70060205), (0.20360267, 0.6838879, -0.70060205), (0.20360216, 0.68388665, -0.7006035), (0.14643162, 0.6983642, -0.7006034), (0.14643088, 0.6983619, -0.700606), (0.08826063, 0.7080686, -0.700606), (0.08826073, 0.70806915, -0.7006056), (0.10548983, -0.84629124, -0.52217156), (0.10548984, -0.84628946, -0.5221744), (0.17501564, -0.8346876, -0.5221745), (0.17501564, -0.83468753, -0.5221746), (0.24334614, -0.8173838, -0.5221746), (0.24334604, -0.8173832, -0.5221757), (0.3100135, -0.7944961, -0.52217585), (0.31001428, -0.7944994, -0.52217036), (0.37456483, -0.7661851, -0.5221701), (0.37456456, -0.7661842, -0.52217156), (0.43655598, -0.73263603, -0.5221716), (0.43655542, -0.7326348, -0.5221739), (0.4955653, -0.69408166, -0.522174), (0.49556294, -0.69407725, -0.52218205), (0.5511862, -0.65078396, -0.52218187), (0.5511891, -0.65078837, -0.52217335), (0.6030485, -0.60304856, -0.52217335), (0.6030485, -0.60304856, -0.5221733), (0.6507879, -0.5511897, -0.52217335), (0.6507844, -0.55118585, -0.5221819), (0.69407797, -0.49556205, -0.52218205), (0.6940816, -0.49556538, -0.52217394), (0.73263484, -0.4365554, -0.5221739), (0.732636, -0.43655625, -0.52217174), (0.7661843, -0.37456453, -0.52217156), (0.76618505, -0.37456504, -0.52217007), (0.7944992, -0.31001475, -0.5221703), (0.79449624, -0.3100132, -0.52217585), (0.8173832, -0.24334587, -0.52217567), (0.8173838, -0.24334617, -0.5221746), (0.83468753, -0.17501572, -0.5221746), (0.83468753, -0.17501575, -0.52217454), (0.8462894, -0.10548965, -0.5221745), (0.8462911, -0.10549009, -0.5221716), (0.85211194, -0.035243865, -0.52217156), (0.85211045, -0.03524361, -0.522174), (0.8521104, 0.035243757, -0.522174), (0.85211194, 0.03524363, -0.5221716), (0.8462912, 0.10548982, -0.5221716), (0.8462894, 0.10548983, -0.52217436), (0.8346876, 0.17501567, -0.5221744), (0.8346875, 0.17501567, -0.5221747), (0.8173838, 0.24334602, -0.52217466), (0.8173831, 0.24334587, -0.5221757), (0.794496, 0.3100135, -0.52217585), (0.7944992, 0.3100143, -0.5221704), (0.766185, 0.37456486, -0.5221702), (0.7661843, 0.37456462, -0.5221715), (0.73263603, 0.436556, -0.52217156), (0.73263484, 0.4365555, -0.52217394), (0.694082, 0.49556485, -0.52217406), (0.6940776, 0.4955625, -0.522182), (0.6507839, 0.55118626, -0.52218187), (0.6507883, 0.5511891, -0.52217335), (0.6030485, 0.6030485, -0.52217335), (0.60304844, 0.6030485, -0.5221734), (0.55118966, 0.6507879, -0.52217346), (0.5511857, 0.6507844, -0.52218205), (0.4955624, 0.6940776, -0.52218217), (0.4955659, 0.6940813, -0.5221739), (0.4365554, 0.7326349, -0.5221738), (0.43655616, 0.732636, -0.5221716), (0.3745645, 0.76618433, -0.52217156), (0.37456492, 0.766185, -0.5221701), (0.31001472, 0.79449916, -0.5221704), (0.31001306, 0.7944962, -0.52217585), (0.24334596, 0.8173831, -0.5221757), (0.24334624, 0.81738377, -0.5221747), (0.17501561, 0.8346874, -0.52217466), (0.17501567, 0.83468753, -0.5221745), (0.10548962, 0.84628946, -0.5221745), (0.10549005, 0.8462911, -0.5221716), (0.035243608, 0.85211194, -0.5221716), (0.02948736, 0.71293926, -0.7006056), (0.029487163, 0.7129377, -0.700607), (0.022217453, -0.53716815, -0.8431825), (0.022215879, -0.53715485, -0.843191), (0.022217423, 0.53716743, -0.843183), (0.022217175, 0.5371654, -0.8431843), (0.06649994, 0.53349596, -0.84318435), (0.066500545, 0.53349894, -0.8431824), (0.11032926, 0.5261851, -0.8431825), (0.11032915, 0.5261847, -0.8431828), (0.15340477, 0.5152765, -0.84318274), (0.15340431, 0.5152753, -0.84318346), (0.19543122, 0.5008475, -0.8431835), (0.19543193, 0.500849, -0.8431825), (0.23612402, 0.48299983, -0.84318244), (0.23612355, 0.48299903, -0.8431831), (0.27520314, 0.46185, -0.84318316), (0.27520284, 0.46184948, -0.8431835), (0.3124019, 0.43754598, -0.8431836), (0.31240326, 0.43754762, -0.8431822), (0.3474684, 0.41025475, -0.8431825), (0.34746602, 0.4102524, -0.8431846), (0.38015774, 0.38015777, -0.8431846), (0.3801578, 0.3801578, -0.84318453), (0.4102522, 0.3474663, -0.84318465), (0.41025493, 0.3474682, -0.8431825), (0.43754795, 0.31240284, -0.84318215), (0.43754607, 0.31240174, -0.8431836), (0.46184945, 0.27520287, -0.8431835), (0.46184996, 0.27520317, -0.8431832), (0.48299888, 0.2361236, -0.84318316), (0.48299992, 0.23612401, -0.8431824), (0.50084907, 0.19543187, -0.84318244), (0.5008474, 0.19543137, -0.8431835), (0.5152753, 0.15340436, -0.8431836), (0.51527655, 0.15340462, -0.8431827), (0.5261847, 0.110329226, -0.8431827), (0.52618504, 0.11032927, -0.8431825), (0.5334988, 0.06650032, -0.8431825), (0.533496, 0.0665002, -0.84318435), (0.5371654, 0.02221737, -0.8431843), (0.53716743, 0.022217292, -0.84318304), (0.5371674, -0.022217529, -0.843183), (0.53716534, -0.022217272, -0.8431843), (0.53349596, -0.06650002, -0.84318435), (0.5334989, -0.06650064, -0.8431824), (0.5261851, -0.11032937, -0.8431825), (0.5261847, -0.11032927, -0.8431828), (0.51527655, -0.15340479, -0.84318274), (0.5152753, -0.15340431, -0.8431836), (0.50084746, -0.19543129, -0.8431835), (0.50084895, -0.19543204, -0.8431824), (0.4829998, -0.23612414, -0.8431824), (0.48299897, -0.23612364, -0.8431831), (0.46184993, -0.27520326, -0.84318316), (0.46184942, -0.27520293, -0.8431835), (0.43754613, -0.31240165, -0.8431836), (0.43754783, -0.31240305, -0.8431822), (0.4102547, -0.3474685, -0.8431825), (0.41025233, -0.3474661, -0.8431846), (0.3801577, -0.38015783, -0.8431845), (0.3801577, -0.3801579, -0.8431845), (0.34746623, -0.41025227, -0.8431846), (0.34746817, -0.41025504, -0.84318244), (0.31240314, -0.43754783, -0.8431822), (0.31240204, -0.43754596, -0.8431835), (0.27520287, -0.46184954, -0.84318346), (0.27520314, -0.46185008, -0.84318316), (0.2361236, -0.4829991, -0.84318304), (0.23612393, -0.48299995, -0.8431823), (0.19543181, -0.5008491, -0.8431823), (0.19543132, -0.5008475, -0.84318346), (0.15340441, -0.5152754, -0.84318346), (0.15340467, -0.5152767, -0.8431826), (0.11032919, -0.5261848, -0.8431827), (0.11032925, -0.5261852, -0.84318244), (0.066500306, -0.533499, -0.8431824), (0.06650018, -0.533496, -0.84318423), (0.022217179, -0.5371655, -0.84318423), (0.02948722, -0.7129392, -0.7006055), (0.029487303, -0.71293783, -0.7006071), (0.035243616, -0.85211194, -0.52217144), (0.035243742, -0.85211045, -0.5221739), (0.039193366, -0.94760245, -0.31703877), (0.013804848, 0.33377466, -0.9425518), (0.013804962, 0.33377576, -0.9425514), (0.041320954, 0.3314958, -0.94255143), (0.041320305, 0.3314925, -0.9425526), (0.0685537, 0.3269481, -0.94255257), (0.06855364, 0.3269479, -0.9425527), (0.095318615, 0.32017016, -0.9425527), (0.09532016, 0.32017425, -0.942551), (0.12143437, 0.31120914, -0.94255114), (0.12143286, 0.31120598, -0.9425523), (0.1467173, 0.30011526, -0.94255227), (0.14671707, 0.30011487, -0.9425525), (0.17099929, 0.28697407, -0.94255245), (0.17100134, 0.28697702, -0.9425512), (0.1941156, 0.2718757, -0.9425512), (0.19411522, 0.2718753, -0.94255143), (0.21590395, 0.25491726, -0.9425512), (0.215905, 0.2549183, -0.94255066), (0.23621841, 0.23621845, -0.9425506), (0.23621838, 0.23621842, -0.94255066), (0.25491852, 0.21590474, -0.9425506), (0.25491413, 0.21590152, -0.94255257), (0.27187234, 0.19411324, -0.9425526), (0.27187586, 0.19411542, -0.9425512), (0.28697714, 0.17100118, -0.9425512), (0.2869739, 0.17099954, -0.9425524), (0.30011487, 0.14671716, -0.9425525), (0.30011526, 0.14671731, -0.9425523), (0.31120586, 0.12143314, -0.9425523), (0.31120917, 0.12143417, -0.9425511), (0.32017437, 0.09531986, -0.9425511), (0.32016996, 0.095318876, -0.9425527), (0.32694778, 0.068553686, -0.9425526), (0.32694805, 0.06855372, -0.94255257), (0.33149242, 0.041320562, -0.9425526), (0.3314957, 0.041320734, -0.94255143), (0.3337757, 0.013804932, -0.9425514), (0.33377373, 0.013804994, -0.94255215), (0.33377373, -0.013804929, -0.9425521), (0.33377576, -0.013805162, -0.94255143), (0.33149573, -0.04132106, -0.9425514), (0.33149248, -0.041320413, -0.9425526), (0.32694805, -0.06855383, -0.94255257), (0.32694784, -0.06855375, -0.9425527), (0.32017004, -0.09531865, -0.9425526), (0.32017428, -0.09532024, -0.9425511), (0.31120908, -0.12143448, -0.9425511), (0.31120598, -0.121433005, -0.9425523), (0.30011526, -0.14671743, -0.94255227), (0.30011484, -0.14671719, -0.9425525), (0.286974, -0.17099942, -0.94255245), (0.28697702, -0.1710015, -0.9425512), (0.2718757, -0.19411573, -0.9425512), (0.2718725, -0.19411308, -0.9425526), (0.25491437, -0.21590129, -0.94255257), (0.25491825, -0.21590507, -0.9425506), (0.23621838, -0.23621853, -0.9425506), (0.23621836, -0.2362185, -0.94255066), (0.21590488, -0.25491843, -0.94255066), (0.215904, -0.25491723, -0.94255114), (0.19411524, -0.27187532, -0.9425514), (0.19411556, -0.27187586, -0.94255114), (0.17100115, -0.2869773, -0.9425512), (0.17099953, -0.28697404, -0.9425524), (0.1467171, -0.300115, -0.94255245), (0.1467173, -0.3001154, -0.9425522), (0.12143312, -0.31120604, -0.9425522), (0.121434115, -0.31120926, -0.9425511), (0.09531985, -0.32017443, -0.9425511), (0.09531892, -0.32017016, -0.9425526), (0.068553664, -0.326948, -0.9425526), (0.06855368, -0.32694814, -0.94255257), (0.041320533, -0.33149254, -0.94255257), (0.04132071, -0.3314959, -0.9425514), (0.013804896, -0.33377588, -0.9425514), (0.013804961, -0.33377382, -0.9425521), (0.0046820794, 0.113202795, -0.99356085), (0.0046819737, 0.11320167, -0.99356097), (0.014014145, 0.1124284, -0.993561), (0.014014144, 0.11242839, -0.99356097), (0.023250466, 0.11088711, -0.99356097), (0.02325057, 0.11088749, -0.99356097), (0.0323282, 0.10858871, -0.993561), (0.032327976, 0.10858813, -0.9935611), (0.04118474, 0.10554763, -0.993561), (0.041185245, 0.1055487, -0.9935609), (0.04976067, 0.101787135, -0.9935609), (0.049760263, 0.10178643, -0.99356097), (0.05799577, 0.09732964, -0.993561), (0.05799591, 0.09732984, -0.99356097), (0.06583529, 0.092208065, -0.9935609), (0.065835215, 0.092207976, -0.99356097), (0.07322481, 0.08645635, -0.9935609), (0.07322458, 0.08645611, -0.9935611), (0.08011396, 0.08011401, -0.993561), (0.08011395, 0.08011399, -0.99356097), (0.08645611, 0.07322456, -0.993561), (0.086456396, 0.07322476, -0.99356097), (0.09220792, 0.06583527, -0.9935609), (0.09220802, 0.06583533, -0.99356097), (0.097329795, 0.05799593, -0.993561), (0.09732959, 0.057995822, -0.99356097), (0.101786345, 0.04976035, -0.99356097), (0.101787105, 0.049760666, -0.9935609), (0.10554867, 0.041185208, -0.9935609), (0.105547585, 0.04118487, -0.9935611), (0.10858806, 0.03232804, -0.993561), (0.10858868, 0.032328177, -0.99356097), (0.11088745, 0.023250591, -0.993561), (0.11088705, 0.023250535, -0.99356097), (0.11242833, 0.014014182, -0.993561), (0.112428345, 0.014014182, -0.99356097), (0.113201626, 0.0046820743, -0.99356097), (0.113203, 0.0046820375, -0.9935609), (0.11320298, -0.0046822173, -0.9935608), (0.11320162, -0.0046820673, -0.99356097), (0.11242835, -0.01401427, -0.993561), (0.11242833, -0.014014269, -0.99356097), (0.11088707, -0.023250598, -0.993561), (0.11088744, -0.0232507, -0.99356097), (0.108588666, -0.032328304, -0.9935609), (0.10858808, -0.03232808, -0.9935611), (0.10554759, -0.041184876, -0.993561), (0.10554864, -0.04118537, -0.9935609), (0.101787075, -0.049760796, -0.9935609), (0.101786375, -0.049760398, -0.99356097), (0.0973296, -0.0579959, -0.993561), (0.09732979, -0.05799603, -0.99356097), (0.09220801, -0.06583542, -0.9935609), (0.09220792, -0.06583534, -0.99356097), (0.086456366, -0.073224865, -0.9935609), (0.08645613, -0.07322463, -0.99356097), (0.08011395, -0.080114074, -0.99356097), (0.080113955, -0.08011408, -0.99356097), (0.07322459, -0.08645619, -0.993561), (0.0732248, -0.08645646, -0.99356097), (0.065835215, -0.09220806, -0.9935609), (0.065835275, -0.092208154, -0.99356097), (0.057995886, -0.09732992, -0.9935609), (0.057995785, -0.09732973, -0.99356097), (0.049760316, -0.10178649, -0.99356097), (0.049760617, -0.10178723, -0.9935609), (0.041185167, -0.1055488, -0.9935609), (0.04118482, -0.105547704, -0.9935611), (0.032328013, -0.10858819, -0.993561), (0.03232815, -0.108588815, -0.9935609), (0.02325054, -0.110887565, -0.9935609), (0.023250492, -0.11088719, -0.99356097), (0.014014141, -0.11242845, -0.99356097), (0.014014142, -0.11242848, -0.99356097), (0.004681974, -0.11320175, -0.99356097), (0.0046820235, -0.113203794, -0.99356073), (0.041149754, -0.7065078, 0.7065078), (0.04114985, -0.7065143, 0.7065013), (0.12289301, -0.69695985, 0.7065014), (0.12289282, -0.6969585, 0.7065028), (0.20297378, -0.67797905, 0.7065026), (0.20297383, -0.6779792, 0.70650256), (0.28030965, -0.649831, 0.70650274), (0.2803098, -0.64983135, 0.70650244), (0.3538556, -0.61289567, 0.70650214), (0.35385752, -0.61289924, 0.7064979), (0.42261785, -0.5676738, 0.7064989), (0.42261305, -0.56766665, 0.70650744), (0.48565662, -0.5147653, 0.7065085), (0.4856626, -0.5147723, 0.7064994), (0.5421403, -0.45490977, 0.70649904), (0.5421375, -0.45490724, 0.70650285), (0.59128356, -0.38889349, 0.7065024), (0.5912778, -0.38888934, 0.7065096), (0.6324265, -0.31761655, 0.70651007), (0.6324222, -0.31761414, 0.70651495), (0.665018, -0.24204642, 0.70651567), (0.6650285, -0.24205075, 0.70650446), (0.68863237, -0.1632086, 0.70650434), (0.6886399, -0.16321072, 0.7064966), (0.7029313, -0.08216124, 0.70649636), (0.7029156, -0.082158715, 0.7065123), (0.7077006, 0, 0.7065126), (0.7077006, -0, 0.7065125), (0.7029154, 0.08215937, 0.7065124), (0.70293146, 0.08216055, 0.70649636), (0.68864006, 0.16321065, 0.7064965), (0.68863726, 0.16321011, 0.7064993), (0.66503334, 0.24205206, 0.7064994), (0.6650226, 0.24204867, 0.7065108), (0.63242656, 0.31761658, 0.70651), (0.63242203, 0.31761453, 0.70651495), (0.5912732, 0.3888867, 0.70651484), (0.5912798, 0.38889065, 0.70650715), (0.5421337, 0.45490453, 0.7065076), (0.54214066, 0.45490986, 0.70649874), (0.48566297, 0.5147721, 0.70649916), (0.48565623, 0.5147656, 0.7065086), (0.42261243, 0.5676664, 0.706508), (0.42261812, 0.5676735, 0.70649904), (0.35385758, 0.612899, 0.7064981), (0.35385543, 0.61289567, 0.7065022), (0.2803098, 0.64983135, 0.70650244), (0.20297381, 0.6779791, 0.7065026), (0.2029737, 0.67797875, 0.70650303), (0.122892804, 0.69695866, 0.7065027), (0.122893065, 0.69695985, 0.7065014), (0.041150138, 0.7065143, 0.7065014), (0.04114947, 0.7065078, 0.706508), (-8.742273e-8, -4.3711363e-8, -1), (-8.742279e-8, -4.3711385e-8, -1), (-8.742287e-8, -4.37114e-8, -1), (-8.74228e-8, -4.3711385e-8, -1), (-8.7422784e-8, -4.371138e-8, -1), (-8.7422855e-8, -4.3711392e-8, -1), (-8.742233e-8, -4.371139e-8, -1), (-8.742254e-8, -4.3711392e-8, -1), (-8.742275e-8, -4.371139e-8, -1), (-8.742284e-8, -4.3711378e-8, -1), (-8.742288e-8, -4.3711374e-8, -1), (-8.7422805e-8, -4.3711385e-8, -1), (-8.742279e-8, -4.371139e-8, -1), (-8.742275e-8, -4.3711374e-8, -1), (-8.742266e-8, -4.3711438e-8, -1), (-8.7422755e-8, -4.37114e-8, -1), (-8.742297e-8, -4.3711296e-8, -1), (-8.742273e-8, -4.3711438e-8, -1), (-8.742278e-8, -4.371139e-8, -1), (-8.742284e-8, -4.371142e-8, -1), (-8.7422634e-8, -4.371149e-8, -1), (-8.7422876e-8, -4.3711342e-8, -1), (-8.742271e-8, -4.3711356e-8, -1), (-8.74228e-8, -4.371139e-8, -1), (-8.742287e-8, -4.371141e-8, -1), (-8.7422784e-8, -4.371139e-8, -1), (-8.7423075e-8, -4.3711324e-8, -1), (-8.7422706e-8, -4.371141e-8, -1), (-8.742279e-8, -4.3711395e-8, -1), (-8.742285e-8, -4.371136e-8, -1), (-8.742275e-8, -4.3711445e-8, -1), (-8.742284e-8, -4.3711335e-8, -1), (-8.742272e-8, -4.3711445e-8, -1), (-8.742277e-8, -4.3711385e-8, -1), (-8.742272e-8, -4.3711378e-8, -1), (-8.7422855e-8, -4.371139e-8, -1), (-8.7422904e-8, -4.3711385e-8, -1), (-8.742277e-8, -4.3711392e-8, -1), (-8.742284e-8, -4.3711374e-8, -1), (-8.742285e-8, -4.3711328e-8, -1), (-8.742286e-8, -4.3711257e-8, -1), (-8.742273e-8, -4.371148e-8, -1), (-8.742276e-8, -4.371142e-8, -1), (-8.7422826e-8, -4.3711363e-8, -1), (-8.7422904e-8, -4.371118e-8, -1), (-8.742279e-8, -4.37114e-8, -1), (-8.7422656e-8, -4.3711406e-8, -1), (-8.7422904e-8, -4.3711378e-8, -1), (-8.742275e-8, -4.3711392e-8, -1), (-8.742255e-8, -4.371143e-8, -1), (-8.7422215e-8, -4.3711896e-8, -1), (-8.742381e-8, -4.3710546e-8, -1), (-8.742293e-8, -4.371129e-8, -1), (-8.74225e-8, -4.371155e-8, -1), (-8.74227e-8, -4.3711484e-8, -1), (-8.742289e-8, -4.3711445e-8, -1), (-8.742289e-8, -4.371131e-8, -1), (-8.742265e-8, -4.3711378e-8, -1), (-8.742292e-8, -4.371139e-8, -1), (-8.7422954e-8, -4.3711392e-8, -1), (-8.7422826e-8, -4.371137e-8, -1), (-8.742314e-8, -4.3711342e-8, -1), (-8.7422464e-8, -4.3711484e-8, -1), (-8.742224e-8, -4.371157e-8, -1), (-8.7422855e-8, -4.3711356e-8, -1), (-8.742313e-8, -4.371127e-8, -1), (-8.7422556e-8, -4.371151e-8, -1), (-8.742261e-8, -4.3711466e-8, -1), (-8.742315e-8, -4.3711243e-8, -1)] (
                        interpolation = "uniform"
                    )
                    int[] primvars:normals:indices = [0, 0, 0, 0, 0, 0, 0, 0, 0, 0, 0, 0, 0, 0, 0, 0, 0, 0, 0, 0, 0, 0, 0, 0, 0, 0, 0, 0, 0, 0, 0, 0, 0, 0, 0, 1, 2, 3, 4, 5, 6, 7, 8, 9, 10, 11, 12, 13, 14, 15, 16, 17, 18, 19, 20, 21, 22, 23, 24, 25, 26, 27, 28, 29, 30, 31, 32, 33, 34, 35, 36, 37, 38, 39, 40, 41, 42, 43, 44, 45, 46, 47, 48, 49, 50, 51, 52, 53, 54, 55, 56, 57, 58, 59, 60, 61, 62, 63, 64, 65, 66, 67, 68, 69, 70, 71, 71, 71, 71, 71, 71, 71, 71, 71, 71, 71, 71, 71, 71, 71, 71, 71, 71, 71, 71, 71, 71, 71, 71, 71, 71, 71, 71, 71, 71, 71, 71, 71, 71, 71, 71, 71, 71, 71, 71, 71, 71, 71, 71, 71, 71, 71, 71, 71, 71, 71, 71, 71, 71, 71, 71, 71, 71, 71, 71, 71, 71, 71, 71, 71, 71, 71, 72, 73, 74, 75, 76, 77, 78, 79, 80, 81, 82, 83, 84, 85, 86, 87, 88, 89, 90, 91, 92, 93, 94, 95, 96, 97, 98, 99, 100, 101, 102, 103, 104, 105, 106, 107, 108, 109, 110, 111, 111, 112, 112, 113, 113, 114, 114, 115, 115, 116, 116, 117, 117, 118, 118, 119, 119, 120, 120, 121, 121, 122, 122, 72, 71, 71, 71, 71, 71, 71, 71, 71, 71, 71, 71, 71, 71, 71, 71, 71, 71, 71, 71, 71, 71, 71, 71, 71, 71, 71, 71, 71, 71, 71, 71, 71, 123, 123, 123, 123, 123, 123, 123, 124, 125, 126, 127, 128, 129, 130, 131, 132, 133, 134, 135, 136, 137, 138, 139, 140, 141, 142, 143, 144, 145, 146, 147, 148, 149, 150, 151, 152, 153, 154, 155, 156, 157, 158, 159, 160, 161, 162, 163, 164, 165, 166, 167, 168, 169, 170, 171, 172, 173, 174, 175, 176, 177, 178, 179, 180, 181, 182, 183, 184, 185, 186, 187, 188, 189, 190, 191, 192, 193, 194, 195, 196, 197, 198, 199, 200, 201, 202, 203, 204, 205, 206, 207, 208, 209, 210, 211, 212, 213, 214, 215, 216, 217, 218, 219, 220, 221, 222, 223, 224, 225, 226, 227, 228, 229, 230, 231, 232, 233, 234, 235, 236, 237, 238, 239, 240, 241, 242, 243, 244, 245, 246, 247, 248, 71, 71, 71, 71, 71, 71, 71, 71, 71, 71, 71, 71, 71, 71, 71, 71, 71, 71, 71, 71, 71, 71, 71, 71, 71, 71, 71, 71, 71, 71, 71, 71, 71, 71, 71, 71, 71, 71, 71, 71, 71, 71, 71, 71, 71, 71, 71, 71, 71, 71, 71, 71, 71, 71, 71, 71, 71, 71, 71, 71, 71, 71, 71, 71, 71, 71, 71, 249, 250, 251, 252, 253, 254, 255, 256, 257, 258, 259, 260, 261, 262, 263, 264, 265, 266, 267, 268, 269, 270, 271, 272, 273, 274, 275, 276, 277, 278, 279, 280, 281, 282, 283, 284, 285, 286, 287, 288, 289, 290, 291, 292, 293, 294, 295, 296, 297, 298, 299, 300, 301, 302, 303, 304, 305, 306, 307, 308, 309, 310, 311, 312, 313, 314, 315, 316, 317, 318, 319, 320, 321, 322, 323, 324, 325, 326, 327, 328, 329, 330, 331, 332, 333, 334, 335, 336, 337, 338, 339, 340, 341, 342, 343, 344, 345, 346, 347, 348, 349, 350, 351, 352, 353, 354, 355, 356, 357, 358, 359, 360, 361, 362, 363, 364, 365, 366, 367, 368, 369, 370, 371, 372, 373, 374, 375, 376, 377, 378, 379, 380, 381, 382, 383, 384, 385, 386, 387, 388, 389, 390, 391, 392, 393, 394, 395, 396, 397, 398, 399, 400, 401, 402, 403, 404, 405, 406, 407, 408, 409, 410, 411, 412, 413, 414, 415, 416, 417, 418, 419, 420, 421, 422, 423, 424, 425, 426, 427, 428, 429, 430, 431, 432, 433, 434, 435, 436, 437, 438, 439, 440, 441, 442, 443, 444, 445, 446, 447, 448, 449, 450, 451, 452, 453, 454, 455, 456, 457, 458, 459, 460, 461, 462, 463, 464, 465, 466, 467, 468, 469, 470, 471, 472, 473, 474, 475, 476, 477, 478, 479, 480, 481, 482, 483, 484, 485, 486, 487, 488, 489, 490, 491, 492, 493, 494, 495, 496, 497, 498, 499, 500, 501, 502, 503, 504, 505, 506, 507, 508, 509, 510, 511, 512, 513, 514, 515, 516, 517, 518, 519, 520, 521, 522, 523, 524, 525, 526, 527, 528, 529, 530, 531, 532, 533, 534, 535, 536, 537, 538, 539, 540, 541, 542, 543, 544, 545, 546, 547, 548, 549, 550, 551, 552, 553, 554, 555, 556, 557, 558, 559, 560, 561, 562, 563, 564, 565, 566, 567, 568, 569, 570, 571, 572, 573, 574, 575, 576, 577, 578, 579, 580, 581, 582, 583, 584, 585, 586, 587, 588, 589, 590, 591, 592, 593, 594, 595, 596, 597, 598, 599, 600, 601, 602, 603, 604, 605, 606, 607, 608, 609, 610, 611, 612, 613, 614, 615, 616, 617, 618, 619, 620, 621, 622, 623, 624, 625, 626, 627, 628, 629, 630, 631, 632, 633, 634, 635, 636, 637, 638, 639, 640, 641, 642, 643, 644, 645, 646, 647, 648, 649, 650, 651, 652, 653, 654, 655, 656, 657, 658, 659, 660, 661, 662, 663, 664, 665, 666, 667, 668, 669, 670, 671, 672, 673, 674, 675, 676, 677, 678, 679, 680, 681, 682, 683, 684, 685, 686, 687, 688, 689, 690, 691, 692, 693, 694, 695, 696, 697, 698, 699, 700, 701, 702, 703, 704, 705, 706, 707, 708, 709, 710, 711, 712, 713, 714, 715, 716, 717, 718, 719, 720, 721, 722, 723, 724, 725, 726, 727, 728, 729, 730, 731, 732, 733, 734, 735, 736, 737, 738, 739, 740, 741, 742, 743, 744, 745, 746, 747, 748, 749, 750, 751, 752, 753, 754, 755, 756, 757, 758, 759, 760, 761, 762, 763, 764, 765, 766, 767, 768, 769, 770, 771, 772, 773, 774, 775, 776, 777, 778, 779, 780, 781, 782, 783, 784, 785, 786, 787, 788, 789, 790, 791, 792, 793, 794, 795, 796, 797, 798, 799, 800, 801, 802, 803, 804, 805, 806, 807, 808, 809, 810, 811, 812, 813, 814, 815, 816, 817, 818, 819, 820, 821, 822, 823, 824, 825, 826, 827, 828, 829, 830, 831, 832, 833, 834, 835, 836, 837, 838, 839, 840, 841, 842, 843, 844, 845, 846, 847, 848, 849, 850, 851, 852, 853, 854, 855, 856, 857, 858, 859, 860, 861, 862, 863, 864, 865, 866, 867, 868, 869, 870, 871, 872, 873, 874, 875, 876, 877, 878, 879, 880, 881, 882, 883, 884, 885, 886, 887, 888, 889, 890, 891, 892, 893, 894, 895, 896, 897, 898, 899, 900, 901, 902, 903, 904, 905, 906, 907, 908, 909, 910, 911, 912, 913, 914, 915, 916, 917, 918, 919, 920, 921, 922, 923, 924, 925, 926, 927, 928, 929, 930, 931, 932, 933, 934, 935, 936, 937, 938, 939, 940, 941, 942, 943, 944, 945, 946, 947, 948, 949, 950, 951, 952, 953, 954, 955, 956, 957, 958, 959, 960, 961, 962, 963, 964, 965, 966, 967, 968, 969, 970, 971, 972, 973, 974, 975, 976, 977, 978, 979, 980, 981, 982, 983, 984, 985, 986, 987, 988, 989, 990, 991, 992, 993, 994, 995, 996, 997, 998, 999, 1000, 1001, 1002, 1003, 1004, 1005, 1006, 1007, 1008, 1009, 1010, 1011, 1012, 1013, 1014, 1015, 1016, 1017, 1018, 1019, 1020, 1021, 1022, 1023, 1024, 1025, 1026, 1027, 1028, 1029, 1030, 1031, 1032, 1033, 1034, 1035, 1036, 1037, 1038, 1039, 1040, 1041, 1042, 1043, 1044, 1045, 1046, 1047, 1048, 1049, 1050, 1051, 1052, 1053, 1054, 1055, 1056, 1057, 1058, 1059, 1060, 1061, 1062, 1063, 1064, 1065, 1066, 1067, 1068, 1069, 1070, 1071, 1072, 1073, 1074, 1075, 1076, 1077, 1078, 1079, 1080, 1081, 1082, 1083, 1084, 1085, 1086, 1087, 1088, 1089, 1090, 1091, 1092, 1093, 1094, 1095, 1096, 1097, 1098, 1099, 1100, 1101, 1102, 1103, 1104, 1105, 1106, 1107, 1108, 1109, 1110, 1111, 1112, 1113, 1114, 1115, 1116, 1117, 1118, 1119, 1120, 1121, 1122, 1123, 1124, 1125, 1126, 1127, 1128, 1129, 1130, 1131, 1132, 1133, 1134, 1135, 1136, 1137, 1138, 1139, 1140, 1141, 1142, 1143, 1144, 1145, 1146, 1147, 1148, 1149, 1150, 1151, 1152, 1153, 1154, 1155, 1156, 1157, 1158, 1159, 1160, 1161, 1162, 1163, 1164, 1165, 1166, 1167, 1168, 1169, 1170, 1171, 1172, 1173, 1174, 1175, 1176, 1177, 1178, 1179, 1180, 1181, 1182, 1183, 1184, 1185, 1186, 1187, 1188, 1189, 1190, 1191, 1192, 1193, 1194, 1195, 1196, 1197, 1198, 1199, 1200, 1200, 1201, 1202, 1203, 1204, 1205, 1206, 1207, 1208, 1209, 1210, 1211, 1212, 1213, 1214, 1215, 1216, 1217, 1218, 1219, 1220, 1221, 1222, 1223, 1224, 1225, 1226, 1227, 1228, 1229, 1230, 1231, 1232, 1233, 1234, 1235, 1236, 1237, 1237, 1238, 1239, 1240, 1241, 1242, 1243, 1244, 1245, 1246, 1247, 1248, 1249, 1250, 1251, 1252, 1253, 1254, 1255, 1256, 1257, 1258, 1259, 1260, 1261, 1262, 1263, 1264, 1265, 1266, 1267, 1268, 1269, 1270, 1271, 1272, 1273, 1274, 1275, 1276, 1277, 1278, 1279, 1280, 1281, 1282, 1283, 1284, 1285, 1286, 1287, 1288, 1289, 1290, 1291, 1292, 1293, 1294, 1295, 1296, 1297, 1298, 1299, 1300, 1301, 1302, 1303, 1304, 1305, 1306, 1307, 1308, 1309, 1310, 1311, 1312, 1313, 1314, 1315, 1316, 1317, 1318, 1319, 1320, 1321, 1322, 1323, 1324, 1325, 1326, 1327, 1328, 1329, 1330, 1331, 1332, 1333, 1334, 1335, 1336, 1337, 1338, 1339, 1340, 1341, 1342, 1343, 1344, 1345, 1346, 1347, 1348, 1349, 1350, 1351, 1352, 1353, 1354, 1355, 1356, 1357, 1358, 1359, 1360, 1361, 1362, 1363, 1364, 1365, 1366, 1367, 1368, 1369, 1370, 1371, 1372, 1373, 1374, 1375, 1376, 1377, 1378, 1379, 1380, 1381, 1382, 1383, 1384, 1385, 1386, 1387, 1388, 1389, 1390, 1391, 1392, 1393, 1394, 1395, 1396, 1397, 1398, 1399, 1400, 1401, 1402, 1403, 1404, 1405, 1406, 1407, 1408, 1409, 1410, 1411, 1412, 1413, 1414, 1415, 1416, 1417, 1418, 1419, 1420, 1421, 1422, 1423, 1424, 1425, 1426, 1427, 1428, 1429, 1430, 1431, 1432, 1433, 1434, 1435, 1436, 1437, 1438, 1439, 1440, 1441, 1442, 1443, 1444, 1445, 1446, 1447, 1448, 1449, 1450, 1451, 1452, 1453, 1454, 1455, 1456, 1457, 1458, 1459, 1460, 1461, 1462, 1463, 1464, 1465, 1466, 1467, 1468, 1469, 1470, 1471, 1472, 1473, 1474, 1475, 1476, 1477, 1478, 1479, 1480, 1481, 1482, 1483, 1484, 1485, 1486, 1487, 1488, 1489, 1490, 1491, 1492, 1493, 1494, 1495, 1496, 1497, 1498, 1499, 1500, 1501, 1502, 1503, 1504, 1505, 1506, 1507, 1508, 1509, 1510, 1511, 1512, 1513, 1514, 1515, 1516, 1517, 1518, 1519, 1520, 1521, 1522, 1523, 1524, 1525, 1526, 1527, 1528, 1529, 1530, 1531, 1532, 1533, 1534, 1535, 1536, 1537, 1538, 1539, 1540, 1541, 1542, 1543, 1544, 1545, 1546, 1547, 1548, 1549, 1550, 1551, 1552, 1553, 1554, 1555, 1556, 1557, 1558, 1559, 1560, 1561, 1562, 1563, 1564, 1565, 1566, 1567, 1568, 1569, 1570, 1571, 1572, 1573, 1574, 1575, 1576, 1577, 1578, 1579, 1580, 1581, 1582, 1583, 1584, 1585, 1586, 1587, 1588, 1589, 1590, 1591, 1592, 1593, 1594, 1595, 1596, 1597, 1598, 1599, 1600, 1601, 1602, 1603, 1604, 1605, 1606, 1607, 1608, 1609, 1609, 1610, 1611, 1612, 1613, 1614, 1615, 1616, 1617, 1618, 1619, 1620, 1621, 1622, 1623, 1624, 1625, 1626, 1627, 1628, 1629, 1630, 1631, 1632, 1633, 1617, 1634, 1635, 1636, 1637, 1638, 1639, 1640, 1638, 1641, 1642, 1643, 1639, 1644, 1645, 1646, 1616, 1647, 1648, 1649, 1650, 1651, 1652, 1653, 1654, 1655, 1656, 1657, 1658, 1659, 1660, 1661, 1662, 1663, 1664, 1651, 1665, 1666, 1667, 1668, 1669, 1635, 1670, 1671, 1672, 1673, 1674, 1675, 1676, 1677, 1678, 1679, 1680, 1681, 1682, 1683, 1684]
                    uniform token subdivisionScheme = "none"
                }

                def Scope "VisualMaterials"
                {
                    def Material "vlp_body" (
                        instanceable = false
                    )
                    {
                        color3f inputs:diffuseColor = (0.5225216, 0.5382356, 0.5704816)
                        float inputs:metallic = 0
                        float inputs:opacity = 1
                        float inputs:roughness = 0.5
                        token inputs:wrapMode = "repeat"
                        token outputs:displacement (
                            displayGroup = "Outputs"
                        )
                        token outputs:displacement.connect = </vlp16_mount/Geometry/vlp16_mount/VLP16_base_1/VisualMaterials/vlp_body/PreviewSurface.outputs:displacement>
                        token outputs:surface (
                            displayGroup = "Outputs"
                        )
                        token outputs:surface.connect = </vlp16_mount/Geometry/vlp16_mount/VLP16_base_1/VisualMaterials/vlp_body/PreviewSurface.outputs:surface>
                        token outputs:volume (
                            displayGroup = "Outputs"
                        )

                        def Shader "PreviewSurface" (
                            apiSchemas = ["NodeDefAPI"]
                        )
                        {
                            uniform token info:id = "UsdPreviewSurface"
                            color3f inputs:diffuseColor.connect = </vlp16_mount/Geometry/vlp16_mount/VLP16_base_1/VisualMaterials/vlp_body.inputs:diffuseColor>
                            float inputs:metallic.connect = </vlp16_mount/Geometry/vlp16_mount/VLP16_base_1/VisualMaterials/vlp_body.inputs:metallic>
                            float inputs:opacity.connect = </vlp16_mount/Geometry/vlp16_mount/VLP16_base_1/VisualMaterials/vlp_body.inputs:opacity>
                            float inputs:roughness.connect = </vlp16_mount/Geometry/vlp16_mount/VLP16_base_1/VisualMaterials/vlp_body.inputs:roughness>
                            token outputs:displacement
                            token outputs:surface
                        }
                    }
                }
            }

            def Xform "VLP16_base_2" (
                instanceable = false
            )
            {
                quatd xformOp:orient = (1, 0, 0, 0)
                double3 xformOp:scale = (1, 1, 1)
                double3 xformOp:translate = (0, 0, 0)
                uniform token[] xformOpOrder = ["xformOp:translate", "xformOp:orient", "xformOp:scale"]

                def Mesh "VLP16_base_2" (
                    apiSchemas = ["MaterialBindingAPI"]
                )
                {
                    float3[] extent = [(-0.050837085, -0.050897453, 0.05384799), (0.050837092, 0.05089746, 0.069850005)]
                    int[] faceVertexCounts = [3, 3, 3, 3, 3, 3, 3, 3, 3, 3, 3, 3, 3, 3, 3, 3, 3, 3, 3, 3, 3, 3, 3, 3, 3, 3, 3, 3, 3, 3, 3, 3, 3, 3, 3, 3, 3, 3, 3, 3, 3, 3, 3, 3, 3, 3, 3, 3, 3, 3, 3, 3, 3, 3, 3, 3, 3, 3, 3, 3, 3, 3, 3, 3, 3, 3, 3, 3, 3, 3, 3, 3, 3, 3, 3, 3, 3, 3, 3, 3, 3, 3, 3, 3, 3, 3, 3, 3, 3, 3, 3, 3, 3, 3, 3, 3, 3, 3, 3, 3, 3, 3, 3, 3, 3, 3, 3, 3, 3, 3, 3, 3, 3, 3, 3, 3, 3, 3, 3, 3, 3, 3, 3, 3, 3, 3, 3, 3, 3, 3, 3, 3, 3, 3, 3, 3, 3, 3, 3, 3, 3, 3, 3, 3, 3, 3, 3, 3, 3, 3, 3, 3, 3, 3, 3, 3, 3, 3, 3, 3, 3, 3, 3, 3, 3, 3, 3, 3, 3, 3, 3, 3, 3, 3, 3, 3, 3, 3, 3, 3, 3, 3, 3, 3, 3, 3, 3, 3, 3, 3, 3, 3, 3, 3, 3, 3, 3, 3, 3, 3, 3, 3, 3, 3, 3, 3, 3, 3, 3, 3, 3, 3, 3, 3, 3, 3, 3, 3, 3, 3, 3, 3, 3, 3, 3, 3, 3, 3, 3, 3, 3, 3, 3, 3, 3, 3, 3, 3, 3, 3, 3, 3, 3, 3, 3, 3, 3, 3, 3, 3, 3, 3, 3, 3, 3, 3, 3, 3, 3, 3, 3, 3, 3, 3, 3, 3, 3, 3, 3, 3, 3, 3, 3, 3, 3, 3, 3, 3, 3, 3, 3, 3, 3, 3, 3, 3, 3, 3, 3, 3, 3, 3, 3, 3, 3, 3, 3, 3, 3, 3, 3, 3, 3, 3, 3, 3, 3, 3, 3, 3, 3, 3, 3, 3, 3, 3, 3, 3, 3, 3, 3, 3, 3, 3, 3, 3, 3, 3, 3, 3, 3, 3, 3, 3, 3, 3, 3, 3, 3, 3, 3, 3, 3, 3, 3, 3, 3, 3, 3, 3, 3, 3, 3, 3, 3, 3, 3, 3, 3, 3, 3, 3, 3, 3, 3, 3, 3, 3, 3, 3, 3, 3, 3, 3, 3, 3, 3, 3, 3, 3, 3, 3, 3, 3, 3, 3, 3, 3, 3, 3, 3, 3, 3, 3, 3, 3, 3, 3, 3, 3, 3, 3, 3, 3, 3, 3, 3, 3, 3, 3, 3, 3, 3, 3, 3, 3, 3, 3, 3, 3, 3, 3, 3, 3, 3, 3, 3, 3, 3, 3, 3, 3, 3, 3, 3, 3, 3, 3, 3, 3, 3, 3, 3, 3, 3, 3, 3, 3, 3, 3, 3, 3, 3, 3, 3, 3, 3, 3, 3, 3, 3, 3, 3, 3, 3, 3, 3, 3, 3, 3, 3, 3, 3, 3, 3, 3, 3, 3, 3, 3, 3, 3, 3, 3, 3, 3, 3, 3, 3, 3, 3, 3, 3, 3, 3, 3, 3, 3, 3, 3, 3, 3, 3, 3, 3, 3, 3, 3, 3, 3, 3, 3, 3, 3, 3, 3, 3, 3, 3, 3, 3, 3, 3, 3, 3, 3, 3, 3, 3, 3, 3, 3, 3, 3, 3, 3, 3, 3, 3, 3, 3, 3, 3, 3, 3, 3, 3, 3, 3, 3, 3, 3, 3, 3, 3, 3, 3, 3, 3, 3, 3, 3, 3, 3, 3, 3, 3, 3, 3, 3, 3, 3, 3, 3, 3, 3, 3, 3, 3, 3, 3, 3, 3, 3, 3, 3, 3, 3, 3, 3, 3, 3, 3, 3, 3, 3, 3, 3, 3, 3, 3, 3, 3, 3, 3, 3, 3, 3, 3, 3, 3, 3, 3, 3, 3, 3, 3, 3, 3, 3, 3, 3, 3, 3, 3, 3, 3, 3, 3, 3, 3, 3, 3, 3, 3, 3, 3, 3, 3, 3, 3, 3, 3, 3, 3, 3, 3, 3, 3, 3, 3, 3, 3, 3, 3, 3, 3, 3, 3, 3, 3, 3, 3, 3, 3, 3, 3, 3, 3, 3, 3, 3, 3, 3, 3, 3, 3, 3, 3, 3, 3, 3, 3, 3, 3, 3, 3, 3, 3, 3, 3, 3, 3, 3, 3, 3, 3, 3, 3, 3, 3, 3, 3, 3, 3, 3, 3, 3, 3, 3, 3, 3, 3, 3, 3, 3, 3, 3, 3, 3, 3, 3, 3, 3, 3, 3, 3, 3, 3, 3, 3, 3, 3, 3, 3, 3, 3, 3, 3, 3, 3, 3, 3, 3, 3, 3, 3, 3, 3, 3, 3, 3, 3, 3, 3, 3, 3, 3, 3, 3, 3, 3, 3, 3, 3, 3, 3, 3, 3, 3, 3, 3, 3, 3, 3, 3, 3, 3, 3, 3, 3, 3, 3, 3, 3, 3, 3, 3, 3, 3, 3, 3, 3, 3, 3, 3, 3, 3, 3, 3, 3, 3, 3, 3, 3, 3, 3, 3, 3, 3, 3, 3, 3, 3, 3, 3, 3, 3, 3, 3, 3, 3, 3, 3, 3, 3, 3, 3, 3, 3, 3, 3, 3, 3, 3, 3, 3, 3, 3, 3, 3, 3, 3, 3, 3, 3, 3, 3, 3, 3, 3, 3, 3, 3, 3, 3, 3, 3, 3, 3, 3, 3, 3, 3, 3, 3, 3, 3, 3, 3, 3, 3, 3, 3, 3, 3, 3, 3, 3, 3, 3, 3, 3, 3, 3, 3, 3, 3, 3, 3, 3, 3, 3, 3, 3, 3, 3, 3, 3, 3, 3, 3, 3, 3, 3, 3, 3, 3, 3, 3, 3, 3, 3, 3, 3, 3, 3, 3, 3, 3, 3, 3, 3, 3, 3, 3, 3, 3, 3, 3, 3, 3, 3, 3, 3, 3, 3, 3, 3, 3, 3, 3, 3, 3, 3, 3, 3, 3, 3, 3, 3, 3, 3, 3, 3, 3, 3, 3, 3, 3, 3, 3, 3, 3, 3, 3, 3, 3, 3, 3, 3, 3, 3, 3, 3, 3, 3, 3, 3, 3, 3, 3, 3, 3, 3, 3, 3, 3, 3, 3, 3, 3, 3, 3, 3, 3, 3, 3, 3, 3, 3, 3, 3, 3, 3, 3, 3, 3, 3, 3, 3, 3, 3, 3, 3, 3, 3, 3, 3, 3, 3, 3, 3, 3, 3, 3, 3, 3, 3, 3, 3, 3, 3, 3, 3, 3, 3, 3, 3, 3, 3, 3, 3, 3, 3, 3, 3, 3, 3, 3, 3, 3, 3, 3, 3, 3, 3, 3, 3, 3, 3, 3, 3, 3, 3, 3, 3, 3, 3, 3, 3, 3, 3, 3, 3, 3, 3, 3, 3, 3, 3, 3, 3, 3, 3, 3, 3, 3, 3, 3, 3, 3, 3, 3, 3, 3, 3, 3, 3, 3, 3, 3, 3, 3, 3, 3, 3, 3, 3, 3, 3, 3, 3, 3, 3, 3, 3, 3, 3, 3, 3, 3, 3, 3, 3, 3, 3, 3, 3, 3, 3, 3, 3, 3, 3, 3, 3, 3, 3, 3, 3, 3, 3, 3, 3, 3, 3, 3, 3, 3, 3, 3, 3, 3, 3, 3, 3, 3, 3, 3, 3, 3, 3, 3, 3, 3, 3, 3, 3, 3, 3, 3, 3, 3, 3, 3, 3, 3, 3, 3, 3, 3, 3, 3, 3, 3, 3, 3, 3, 3, 3, 3, 3, 3, 3, 3, 3, 3, 3, 3, 3, 3, 3, 3, 3, 3, 3, 3, 3, 3, 3, 3, 3, 3, 3, 3, 3, 3, 3, 3, 3, 3, 3, 3, 3, 3, 3, 3, 3, 3, 3, 3, 3, 3, 3, 3, 3, 3, 3, 3, 3, 3, 3, 3, 3, 3, 3, 3, 3, 3, 3, 3, 3, 3, 3, 3, 3, 3, 3, 3, 3, 3, 3, 3, 3, 3, 3, 3, 3, 3, 3, 3, 3, 3, 3, 3, 3, 3, 3, 3, 3, 3, 3, 3, 3, 3, 3, 3, 3, 3, 3, 3, 3, 3, 3, 3, 3, 3, 3, 3, 3, 3, 3, 3, 3, 3, 3, 3, 3, 3, 3, 3, 3, 3, 3, 3, 3, 3, 3, 3, 3, 3, 3, 3, 3, 3, 3, 3]
                    int[] faceVertexIndices = [0, 1, 2, 0, 2, 3, 4, 5, 2, 6, 7, 2, 6, 2, 8, 9, 3, 2, 9, 2, 10, 10, 2, 11, 2, 12, 13, 2, 13, 14, 15, 12, 2, 15, 2, 16, 16, 2, 17, 18, 19, 16, 20, 4, 2, 20, 2, 21, 21, 2, 7, 22, 8, 2, 22, 2, 23, 23, 2, 24, 25, 24, 2, 25, 2, 26, 26, 2, 1, 27, 11, 2, 27, 2, 28, 28, 2, 14, 29, 30, 16, 31, 32, 33, 31, 33, 34, 35, 36, 37, 16, 30, 38, 39, 37, 36, 39, 36, 40, 40, 36, 41, 42, 41, 36, 42, 36, 43, 43, 36, 44, 45, 44, 36, 45, 36, 46, 46, 36, 47, 48, 49, 2, 48, 2, 50, 51, 52, 53, 51, 53, 54, 54, 53, 55, 56, 18, 16, 56, 16, 57, 57, 16, 17, 58, 32, 31, 58, 31, 36, 36, 31, 59, 36, 59, 47, 31, 34, 2, 31, 2, 60, 60, 2, 49, 61, 50, 2, 61, 2, 62, 62, 2, 5, 63, 64, 65, 63, 65, 66, 66, 65, 67, 66, 67, 68, 66, 68, 69, 69, 68, 70, 71, 55, 53, 71, 53, 68, 68, 53, 72, 68, 72, 70, 53, 52, 16, 53, 16, 73, 73, 16, 38, 74, 29, 16, 74, 16, 75, 75, 16, 19, 76, 77, 78, 79, 80, 81, 81, 82, 83, 83, 84, 85, 86, 87, 88, 89, 90, 91, 92, 93, 94, 95, 96, 97, 98, 99, 100, 101, 102, 103, 101, 103, 104, 105, 100, 99, 105, 99, 106, 106, 99, 104, 106, 104, 107, 107, 104, 103, 108, 109, 110, 108, 110, 111, 111, 110, 98, 111, 98, 112, 112, 98, 100, 113, 114, 115, 113, 115, 116, 116, 115, 109, 116, 109, 117, 117, 109, 108, 118, 119, 114, 118, 114, 120, 120, 114, 113, 121, 122, 119, 121, 119, 123, 123, 119, 118, 124, 125, 126, 124, 126, 127, 127, 126, 122, 127, 122, 128, 128, 122, 121, 129, 97, 96, 129, 96, 130, 130, 96, 125, 130, 125, 131, 131, 125, 124, 132, 133, 134, 132, 134, 135, 135, 134, 95, 135, 95, 136, 136, 95, 97, 137, 138, 133, 137, 133, 139, 139, 133, 132, 140, 141, 142, 140, 142, 143, 143, 142, 138, 143, 138, 144, 144, 138, 137, 145, 94, 93, 145, 93, 146, 146, 93, 141, 146, 141, 147, 147, 141, 140, 148, 149, 150, 148, 150, 151, 151, 150, 92, 151, 92, 152, 152, 92, 94, 153, 154, 149, 153, 149, 155, 155, 149, 148, 156, 157, 158, 156, 158, 159, 159, 158, 154, 159, 154, 160, 160, 154, 153, 161, 91, 90, 161, 90, 162, 162, 90, 157, 162, 157, 163, 163, 157, 156, 164, 165, 166, 164, 166, 167, 167, 166, 89, 167, 89, 168, 168, 89, 91, 169, 170, 165, 169, 165, 171, 171, 165, 164, 172, 173, 174, 172, 174, 175, 175, 174, 170, 175, 170, 176, 176, 170, 169, 177, 88, 87, 177, 87, 178, 178, 87, 173, 178, 173, 179, 179, 173, 172, 180, 85, 84, 180, 84, 181, 181, 84, 182, 181, 182, 183, 183, 182, 86, 183, 86, 184, 184, 86, 88, 101, 185, 186, 101, 186, 102, 102, 186, 187, 84, 83, 82, 84, 82, 182, 182, 82, 188, 182, 188, 86, 86, 188, 189, 86, 189, 87, 87, 189, 190, 87, 190, 173, 173, 190, 191, 173, 191, 174, 174, 191, 192, 174, 192, 170, 170, 192, 193, 170, 193, 165, 165, 193, 194, 165, 194, 166, 166, 194, 195, 166, 195, 89, 89, 195, 196, 89, 196, 90, 90, 196, 197, 90, 197, 157, 157, 197, 198, 157, 198, 158, 158, 198, 199, 158, 199, 154, 154, 199, 200, 154, 200, 149, 149, 200, 201, 149, 201, 150, 150, 201, 202, 150, 202, 92, 92, 202, 203, 92, 203, 93, 93, 203, 204, 93, 204, 141, 141, 204, 205, 141, 205, 142, 142, 205, 206, 142, 206, 138, 138, 206, 207, 138, 207, 133, 133, 207, 208, 133, 208, 134, 134, 208, 209, 134, 209, 95, 95, 209, 210, 95, 210, 96, 96, 210, 211, 96, 211, 125, 125, 211, 212, 125, 212, 126, 126, 212, 213, 126, 213, 122, 122, 213, 214, 122, 214, 119, 119, 214, 215, 119, 215, 114, 114, 215, 216, 114, 216, 115, 115, 216, 217, 115, 217, 109, 109, 217, 218, 109, 218, 110, 110, 218, 219, 110, 219, 98, 98, 219, 220, 98, 220, 99, 99, 220, 221, 99, 221, 104, 104, 221, 222, 104, 222, 101, 101, 222, 223, 101, 223, 185, 185, 223, 224, 82, 81, 80, 82, 80, 188, 188, 80, 225, 188, 225, 189, 189, 225, 226, 189, 226, 190, 190, 226, 227, 190, 227, 191, 191, 227, 228, 191, 228, 192, 192, 228, 229, 192, 229, 193, 193, 229, 230, 193, 230, 194, 194, 230, 231, 194, 231, 195, 195, 231, 232, 195, 232, 196, 196, 232, 233, 196, 233, 197, 197, 233, 234, 197, 234, 198, 198, 234, 235, 198, 235, 199, 199, 235, 236, 199, 236, 200, 200, 236, 237, 200, 237, 201, 201, 237, 238, 201, 238, 202, 202, 238, 239, 202, 239, 203, 203, 239, 240, 203, 240, 204, 204, 240, 241, 204, 241, 205, 205, 241, 242, 205, 242, 206, 206, 242, 243, 206, 243, 207, 207, 243, 244, 207, 244, 208, 208, 244, 245, 208, 245, 209, 209, 245, 246, 209, 246, 210, 210, 246, 247, 210, 247, 211, 211, 247, 248, 211, 248, 212, 212, 248, 249, 212, 249, 213, 213, 249, 250, 213, 250, 214, 214, 250, 251, 214, 251, 215, 215, 251, 252, 215, 252, 216, 216, 252, 253, 216, 253, 217, 217, 253, 254, 217, 254, 218, 218, 254, 255, 218, 255, 219, 219, 255, 256, 219, 256, 220, 220, 256, 257, 220, 257, 221, 221, 257, 258, 221, 258, 222, 222, 258, 259, 222, 259, 223, 223, 259, 260, 223, 260, 224, 224, 260, 261, 80, 79, 262, 80, 262, 225, 225, 262, 263, 225, 263, 226, 226, 263, 264, 226, 264, 227, 227, 264, 265, 227, 265, 228, 228, 265, 266, 228, 266, 229, 229, 266, 267, 229, 267, 230, 230, 267, 268, 230, 268, 231, 231, 268, 269, 231, 269, 232, 232, 269, 270, 232, 270, 233, 233, 270, 271, 233, 271, 234, 234, 271, 272, 234, 272, 235, 235, 272, 273, 235, 273, 236, 236, 273, 274, 236, 274, 237, 237, 274, 275, 237, 275, 238, 238, 275, 276, 238, 276, 239, 239, 276, 277, 239, 277, 240, 240, 277, 278, 240, 278, 241, 241, 278, 279, 241, 279, 242, 242, 279, 280, 242, 280, 243, 243, 280, 281, 243, 281, 244, 244, 281, 282, 244, 282, 245, 245, 282, 283, 245, 283, 246, 246, 283, 284, 246, 284, 247, 247, 284, 285, 247, 285, 248, 248, 285, 286, 248, 286, 249, 249, 286, 287, 249, 287, 250, 250, 287, 288, 250, 288, 251, 251, 288, 289, 251, 289, 252, 252, 289, 290, 252, 290, 253, 253, 290, 291, 253, 291, 254, 254, 291, 292, 254, 292, 255, 255, 292, 293, 255, 293, 256, 256, 293, 294, 256, 294, 257, 257, 294, 295, 257, 295, 258, 258, 295, 296, 258, 296, 259, 259, 296, 297, 259, 297, 260, 260, 297, 298, 260, 298, 261, 261, 298, 299, 300, 299, 298, 300, 298, 301, 301, 298, 297, 301, 297, 302, 302, 297, 296, 302, 296, 303, 303, 296, 295, 303, 295, 304, 304, 295, 294, 304, 294, 305, 305, 294, 293, 305, 293, 306, 306, 293, 292, 306, 292, 307, 307, 292, 291, 307, 291, 308, 308, 291, 290, 308, 290, 309, 309, 290, 289, 309, 289, 310, 310, 289, 288, 310, 288, 311, 311, 288, 287, 311, 287, 312, 312, 287, 286, 312, 286, 313, 313, 286, 285, 313, 285, 314, 314, 285, 284, 314, 284, 315, 315, 284, 283, 315, 283, 316, 316, 283, 282, 316, 282, 317, 317, 282, 281, 317, 281, 318, 318, 281, 280, 318, 280, 319, 319, 280, 279, 319, 279, 320, 320, 279, 278, 320, 278, 321, 321, 278, 277, 321, 277, 322, 322, 277, 276, 322, 276, 323, 323, 276, 275, 323, 275, 324, 324, 275, 274, 324, 274, 325, 325, 274, 273, 325, 273, 326, 326, 273, 272, 326, 272, 327, 327, 272, 271, 327, 271, 328, 328, 271, 270, 328, 270, 329, 329, 270, 269, 329, 269, 330, 330, 269, 268, 330, 268, 331, 331, 268, 267, 331, 267, 332, 332, 267, 266, 332, 266, 333, 333, 266, 265, 333, 265, 334, 334, 265, 264, 334, 264, 335, 335, 264, 263, 335, 263, 77, 77, 263, 262, 77, 262, 78, 78, 262, 79, 76, 24, 25, 76, 25, 77, 77, 25, 26, 77, 26, 335, 335, 26, 1, 335, 1, 334, 334, 1, 0, 334, 0, 333, 333, 0, 3, 333, 3, 332, 332, 3, 9, 332, 9, 331, 331, 9, 10, 331, 10, 330, 330, 10, 11, 330, 11, 329, 329, 11, 27, 329, 27, 328, 328, 27, 28, 328, 28, 327, 327, 28, 14, 327, 14, 326, 326, 14, 13, 326, 13, 325, 325, 13, 12, 325, 12, 324, 324, 12, 15, 324, 15, 323, 323, 15, 16, 323, 16, 322, 322, 16, 52, 322, 52, 321, 321, 52, 51, 321, 51, 320, 320, 51, 54, 320, 54, 319, 319, 54, 55, 319, 55, 318, 318, 55, 71, 318, 71, 317, 317, 71, 68, 317, 68, 316, 316, 68, 67, 316, 67, 315, 315, 67, 65, 315, 65, 314, 314, 65, 64, 314, 64, 313, 313, 64, 63, 313, 63, 312, 312, 63, 66, 312, 66, 311, 311, 66, 69, 311, 69, 310, 310, 69, 70, 310, 70, 309, 309, 70, 72, 309, 72, 308, 308, 72, 53, 308, 53, 307, 307, 53, 73, 307, 73, 306, 306, 73, 38, 306, 38, 305, 305, 38, 30, 305, 30, 304, 304, 30, 29, 304, 29, 303, 303, 29, 74, 303, 74, 302, 302, 74, 75, 302, 75, 301, 301, 75, 19, 301, 19, 300, 300, 19, 18, 300, 18, 299, 299, 336, 261, 224, 337, 185, 185, 338, 186, 186, 339, 187, 340, 341, 342, 343, 344, 345, 346, 347, 348, 349, 350, 351, 352, 353, 354, 355, 356, 357, 355, 357, 358, 359, 354, 353, 359, 353, 360, 360, 353, 358, 360, 358, 361, 361, 358, 357, 362, 363, 364, 362, 364, 365, 365, 364, 352, 365, 352, 366, 366, 352, 354, 367, 368, 369, 367, 369, 370, 370, 369, 363, 370, 363, 371, 371, 363, 362, 372, 373, 368, 372, 368, 374, 374, 368, 367, 375, 376, 373, 375, 373, 377, 377, 373, 372, 378, 379, 380, 378, 380, 381, 381, 380, 376, 381, 376, 382, 382, 376, 375, 383, 351, 350, 383, 350, 384, 384, 350, 379, 384, 379, 385, 385, 379, 378, 386, 387, 388, 386, 388, 389, 389, 388, 349, 389, 349, 390, 390, 349, 351, 391, 392, 387, 391, 387, 393, 393, 387, 386, 394, 395, 396, 394, 396, 397, 397, 396, 392, 397, 392, 398, 398, 392, 391, 399, 348, 347, 399, 347, 400, 400, 347, 395, 400, 395, 401, 401, 395, 394, 402, 403, 404, 402, 404, 405, 405, 404, 346, 405, 346, 406, 406, 346, 348, 407, 408, 403, 407, 403, 409, 409, 403, 402, 410, 411, 412, 410, 412, 413, 413, 412, 408, 413, 408, 414, 414, 408, 407, 415, 345, 344, 415, 344, 416, 416, 344, 411, 416, 411, 417, 417, 411, 410, 418, 419, 420, 418, 420, 421, 421, 420, 343, 421, 343, 422, 422, 343, 345, 423, 424, 419, 423, 419, 425, 425, 419, 418, 426, 427, 428, 426, 428, 429, 429, 428, 424, 429, 424, 430, 430, 424, 423, 431, 342, 341, 431, 341, 432, 432, 341, 427, 432, 427, 433, 433, 427, 426, 434, 187, 339, 434, 339, 435, 435, 339, 436, 435, 436, 437, 437, 436, 340, 437, 340, 438, 438, 340, 342, 355, 81, 83, 355, 83, 356, 356, 83, 85, 339, 186, 338, 339, 338, 436, 436, 338, 439, 436, 439, 340, 340, 439, 440, 340, 440, 341, 341, 440, 441, 341, 441, 427, 427, 441, 442, 427, 442, 428, 428, 442, 443, 428, 443, 424, 424, 443, 444, 424, 444, 419, 419, 444, 445, 419, 445, 420, 420, 445, 446, 420, 446, 343, 343, 446, 447, 343, 447, 344, 344, 447, 448, 344, 448, 411, 411, 448, 449, 411, 449, 412, 412, 449, 450, 412, 450, 408, 408, 450, 451, 408, 451, 403, 403, 451, 452, 403, 452, 404, 404, 452, 453, 404, 453, 346, 346, 453, 454, 346, 454, 347, 347, 454, 455, 347, 455, 395, 395, 455, 456, 395, 456, 396, 396, 456, 457, 396, 457, 392, 392, 457, 458, 392, 458, 387, 387, 458, 459, 387, 459, 388, 388, 459, 460, 388, 460, 349, 349, 460, 461, 349, 461, 350, 350, 461, 462, 350, 462, 379, 379, 462, 463, 379, 463, 380, 380, 463, 464, 380, 464, 376, 376, 464, 465, 376, 465, 373, 373, 465, 466, 373, 466, 368, 368, 466, 467, 368, 467, 369, 369, 467, 468, 369, 468, 363, 363, 468, 469, 363, 469, 364, 364, 469, 470, 364, 470, 352, 352, 470, 471, 352, 471, 353, 353, 471, 472, 353, 472, 358, 358, 472, 473, 358, 473, 355, 355, 473, 474, 355, 474, 81, 81, 474, 79, 338, 185, 337, 338, 337, 439, 439, 337, 475, 439, 475, 440, 440, 475, 476, 440, 476, 441, 441, 476, 477, 441, 477, 442, 442, 477, 478, 442, 478, 443, 443, 478, 479, 443, 479, 444, 444, 479, 480, 444, 480, 445, 445, 480, 481, 445, 481, 446, 446, 481, 482, 446, 482, 447, 447, 482, 483, 447, 483, 448, 448, 483, 484, 448, 484, 449, 449, 484, 485, 449, 485, 450, 450, 485, 486, 450, 486, 451, 451, 486, 487, 451, 487, 452, 452, 487, 488, 452, 488, 453, 453, 488, 489, 453, 489, 454, 454, 489, 490, 454, 490, 455, 455, 490, 491, 455, 491, 456, 456, 491, 492, 456, 492, 457, 457, 492, 493, 457, 493, 458, 458, 493, 494, 458, 494, 459, 459, 494, 495, 459, 495, 460, 460, 495, 496, 460, 496, 461, 461, 496, 497, 461, 497, 462, 462, 497, 498, 462, 498, 463, 463, 498, 499, 463, 499, 464, 464, 499, 500, 464, 500, 465, 465, 500, 501, 465, 501, 466, 466, 501, 502, 466, 502, 467, 467, 502, 503, 467, 503, 468, 468, 503, 504, 468, 504, 469, 469, 504, 505, 469, 505, 470, 470, 505, 506, 470, 506, 471, 471, 506, 507, 471, 507, 472, 472, 507, 508, 472, 508, 473, 473, 508, 509, 473, 509, 474, 474, 509, 510, 474, 510, 79, 79, 510, 78, 337, 224, 511, 337, 511, 475, 475, 511, 512, 475, 512, 476, 476, 512, 513, 476, 513, 477, 477, 513, 514, 477, 514, 478, 478, 514, 515, 478, 515, 479, 479, 515, 516, 479, 516, 480, 480, 516, 517, 480, 517, 481, 481, 517, 518, 481, 518, 482, 482, 518, 519, 482, 519, 483, 483, 519, 520, 483, 520, 484, 484, 520, 521, 484, 521, 485, 485, 521, 522, 485, 522, 486, 486, 522, 523, 486, 523, 487, 487, 523, 524, 487, 524, 488, 488, 524, 525, 488, 525, 489, 489, 525, 526, 489, 526, 490, 490, 526, 527, 490, 527, 491, 491, 527, 528, 491, 528, 492, 492, 528, 529, 492, 529, 493, 493, 529, 530, 493, 530, 494, 494, 530, 531, 494, 531, 495, 495, 531, 532, 495, 532, 496, 496, 532, 533, 496, 533, 497, 497, 533, 534, 497, 534, 498, 498, 534, 535, 498, 535, 499, 499, 535, 536, 499, 536, 500, 500, 536, 537, 500, 537, 501, 501, 537, 538, 501, 538, 502, 502, 538, 539, 502, 539, 503, 503, 539, 540, 503, 540, 504, 504, 540, 541, 504, 541, 505, 505, 541, 542, 505, 542, 506, 506, 542, 543, 506, 543, 507, 507, 543, 544, 507, 544, 508, 508, 544, 545, 508, 545, 509, 509, 545, 546, 509, 546, 510, 510, 546, 547, 510, 547, 78, 78, 547, 76, 548, 76, 547, 548, 547, 549, 549, 547, 546, 549, 546, 550, 550, 546, 545, 550, 545, 551, 551, 545, 544, 551, 544, 552, 552, 544, 543, 552, 543, 553, 553, 543, 542, 553, 542, 554, 554, 542, 541, 554, 541, 555, 555, 541, 540, 555, 540, 556, 556, 540, 539, 556, 539, 557, 557, 539, 538, 557, 538, 558, 558, 538, 537, 558, 537, 559, 559, 537, 536, 559, 536, 560, 560, 536, 535, 560, 535, 561, 561, 535, 534, 561, 534, 562, 562, 534, 533, 562, 533, 563, 563, 533, 532, 563, 532, 564, 564, 532, 531, 564, 531, 565, 565, 531, 530, 565, 530, 566, 566, 530, 529, 566, 529, 567, 567, 529, 528, 567, 528, 568, 568, 528, 527, 568, 527, 569, 569, 527, 526, 569, 526, 570, 570, 526, 525, 570, 525, 571, 571, 525, 524, 571, 524, 572, 572, 524, 523, 572, 523, 573, 573, 523, 522, 573, 522, 574, 574, 522, 521, 574, 521, 575, 575, 521, 520, 575, 520, 576, 576, 520, 519, 576, 519, 577, 577, 519, 518, 577, 518, 578, 578, 518, 517, 578, 517, 579, 579, 517, 516, 579, 516, 580, 580, 516, 515, 580, 515, 581, 581, 515, 514, 581, 514, 582, 582, 514, 513, 582, 513, 583, 583, 513, 512, 583, 512, 336, 336, 512, 511, 336, 511, 261, 261, 511, 224, 299, 18, 56, 299, 56, 336, 336, 56, 57, 336, 57, 583, 583, 57, 17, 583, 17, 582, 582, 17, 2, 582, 2, 581, 581, 2, 34, 581, 34, 580, 580, 34, 33, 580, 33, 579, 579, 33, 32, 579, 32, 578, 578, 32, 58, 578, 58, 577, 577, 58, 36, 577, 36, 576, 576, 36, 35, 576, 35, 575, 575, 35, 37, 575, 37, 574, 574, 37, 39, 574, 39, 573, 573, 39, 40, 573, 40, 572, 572, 40, 41, 572, 41, 571, 571, 41, 42, 571, 42, 570, 570, 42, 43, 570, 43, 569, 569, 43, 44, 569, 44, 568, 568, 44, 45, 568, 45, 567, 567, 45, 46, 567, 46, 566, 566, 46, 47, 566, 47, 565, 565, 47, 59, 565, 59, 564, 564, 59, 31, 564, 31, 563, 563, 31, 60, 563, 60, 562, 562, 60, 49, 562, 49, 561, 561, 49, 48, 561, 48, 560, 560, 48, 50, 560, 50, 559, 559, 50, 61, 559, 61, 558, 558, 61, 62, 558, 62, 557, 557, 62, 5, 557, 5, 556, 556, 5, 4, 556, 4, 555, 555, 4, 20, 555, 20, 554, 554, 20, 21, 554, 21, 553, 553, 21, 7, 553, 7, 552, 552, 7, 6, 552, 6, 551, 551, 6, 8, 551, 8, 550, 550, 8, 22, 550, 22, 549, 549, 22, 23, 549, 23, 548, 548, 23, 24, 548, 24, 76, 187, 584, 585, 187, 585, 102, 103, 102, 585, 103, 585, 107, 107, 585, 586, 106, 107, 586, 106, 586, 105, 105, 586, 587, 100, 105, 587, 100, 587, 112, 112, 587, 588, 112, 588, 111, 108, 111, 588, 108, 588, 117, 117, 588, 589, 116, 117, 589, 116, 589, 113, 113, 589, 590, 113, 590, 120, 118, 120, 590, 118, 590, 123, 123, 590, 591, 121, 123, 591, 121, 591, 128, 128, 591, 592, 127, 128, 592, 127, 592, 124, 124, 592, 593, 124, 593, 131, 130, 131, 593, 130, 593, 129, 129, 593, 594, 97, 129, 594, 97, 594, 136, 136, 594, 595, 136, 595, 135, 132, 135, 595, 132, 595, 139, 139, 595, 596, 137, 139, 596, 137, 596, 144, 144, 596, 597, 144, 597, 143, 140, 143, 597, 140, 597, 147, 147, 597, 598, 146, 147, 598, 146, 598, 145, 145, 598, 599, 94, 145, 599, 94, 599, 152, 152, 599, 600, 152, 600, 151, 148, 151, 600, 148, 600, 155, 155, 600, 601, 153, 155, 601, 153, 601, 160, 160, 601, 602, 160, 602, 159, 156, 159, 602, 156, 602, 163, 163, 602, 603, 162, 163, 603, 162, 603, 161, 161, 603, 604, 91, 161, 604, 91, 604, 168, 168, 604, 605, 168, 605, 167, 164, 167, 605, 164, 605, 171, 171, 605, 606, 169, 171, 606, 169, 606, 176, 176, 606, 607, 176, 607, 175, 172, 175, 607, 172, 607, 179, 179, 607, 608, 178, 179, 608, 178, 608, 177, 177, 608, 609, 88, 177, 609, 88, 609, 184, 184, 609, 610, 184, 610, 183, 611, 85, 180, 611, 180, 610, 610, 180, 181, 610, 181, 183, 85, 611, 612, 85, 612, 356, 357, 356, 612, 357, 612, 361, 361, 612, 613, 360, 361, 613, 360, 613, 359, 359, 613, 614, 354, 359, 614, 354, 614, 366, 366, 614, 615, 366, 615, 365, 362, 365, 615, 362, 615, 371, 371, 615, 616, 370, 371, 616, 370, 616, 367, 367, 616, 617, 367, 617, 374, 372, 374, 617, 372, 617, 377, 377, 617, 618, 375, 377, 618, 375, 618, 382, 382, 618, 619, 381, 382, 619, 381, 619, 378, 378, 619, 620, 378, 620, 385, 384, 385, 620, 384, 620, 383, 383, 620, 621, 351, 383, 621, 351, 621, 390, 390, 621, 622, 390, 622, 389, 386, 389, 622, 386, 622, 393, 393, 622, 623, 391, 393, 623, 391, 623, 398, 398, 623, 624, 398, 624, 397, 394, 397, 624, 394, 624, 401, 401, 624, 625, 400, 401, 625, 400, 625, 399, 399, 625, 626, 348, 399, 626, 348, 626, 406, 406, 626, 627, 406, 627, 405, 402, 405, 627, 402, 627, 409, 409, 627, 628, 407, 409, 628, 407, 628, 414, 414, 628, 629, 414, 629, 413, 410, 413, 629, 410, 629, 417, 417, 629, 630, 416, 417, 630, 416, 630, 415, 415, 630, 631, 345, 415, 631, 345, 631, 422, 422, 631, 632, 422, 632, 421, 418, 421, 632, 418, 632, 425, 425, 632, 633, 423, 425, 633, 423, 633, 430, 430, 633, 634, 430, 634, 429, 426, 429, 634, 426, 634, 433, 433, 634, 635, 432, 433, 635, 432, 635, 431, 431, 635, 636, 342, 431, 636, 342, 636, 438, 438, 636, 637, 438, 637, 437, 584, 187, 434, 584, 434, 637, 637, 434, 435, 637, 435, 437, 584, 638, 639, 584, 639, 585, 585, 639, 640, 585, 640, 586, 586, 640, 641, 586, 641, 587, 587, 641, 642, 587, 642, 588, 588, 642, 643, 588, 643, 589, 589, 643, 644, 589, 644, 590, 590, 644, 645, 590, 645, 591, 591, 645, 646, 591, 646, 592, 592, 646, 647, 592, 647, 593, 593, 647, 648, 593, 648, 594, 594, 648, 649, 594, 649, 595, 595, 649, 650, 595, 650, 596, 596, 650, 651, 596, 651, 597, 597, 651, 652, 597, 652, 598, 598, 652, 653, 598, 653, 599, 599, 653, 654, 599, 654, 600, 600, 654, 655, 600, 655, 601, 601, 655, 656, 601, 656, 602, 602, 656, 657, 602, 657, 603, 603, 657, 658, 603, 658, 604, 604, 658, 659, 604, 659, 605, 605, 659, 660, 605, 660, 606, 606, 660, 661, 606, 661, 607, 607, 661, 662, 607, 662, 608, 608, 662, 663, 608, 663, 609, 609, 663, 664, 609, 664, 610, 610, 664, 665, 610, 665, 611, 611, 665, 666, 611, 666, 612, 612, 666, 667, 612, 667, 613, 613, 667, 668, 613, 668, 614, 614, 668, 669, 614, 669, 615, 615, 669, 670, 615, 670, 616, 616, 670, 671, 616, 671, 617, 617, 671, 672, 617, 672, 618, 618, 672, 673, 618, 673, 619, 619, 673, 674, 619, 674, 620, 620, 674, 675, 620, 675, 621, 621, 675, 676, 621, 676, 622, 622, 676, 677, 622, 677, 623, 623, 677, 678, 623, 678, 624, 624, 678, 679, 624, 679, 625, 625, 679, 680, 625, 680, 626, 626, 680, 681, 626, 681, 627, 627, 681, 682, 627, 682, 628, 628, 682, 683, 628, 683, 629, 629, 683, 684, 629, 684, 630, 630, 684, 685, 630, 685, 631, 631, 685, 686, 631, 686, 632, 632, 686, 687, 632, 687, 633, 633, 687, 688, 633, 688, 634, 634, 688, 689, 634, 689, 635, 635, 689, 690, 635, 690, 636, 636, 690, 691, 636, 691, 637, 637, 691, 638, 637, 638, 584]
                    custom rel material:binding = </vlp16_mount/Geometry/vlp16_mount/VLP16_base_2/VisualMaterials/vlp_body>
                    uniform token orientation = "rightHanded"
                    point3f[] points = [(0.015630199, 0.046852417, 0.06985), (0.011707774, 0.047983125, 0.06985), (-0.015630187, -0.04685241, 0.06985), (0.019445855, 0.045401663, 0.06985), (-0.030674355, 0.038710922, 0.06985), (-0.033766307, 0.036045637, 0.06985), (-0.01644292, 0.046573404, 0.06985), (-0.02023276, 0.04505649, 0.06985), (-0.012540758, 0.04777218, 0.06985), (0.023128679, 0.043640766, 0.06985), (0.026653506, 0.04158176, 0.06985), (0.029996265, 0.03923871, 0.06985), (0.04323179, 0.0238844, 0.06984999), (0.04111177, 0.027372874, 0.06985), (0.038710922, 0.030674366, 0.06985), (0.04505649, 0.02023277, 0.06984999), (0.046573404, 0.01644293, 0.06984999), (-0.011707761, -0.047983117, 0.06985), (0.00042965138, -0.04938893, 0.06985), (0.0045066895, -0.049184766, 0.06985), (-0.027372863, 0.04111177, 0.06985), (-0.02388439, 0.04323179, 0.06985), (-0.008552929, 0.04864462, 0.06985), (-0.0045066774, 0.049184773, 0.06985), (-0.00042963916, 0.049388938, 0.06985), (0.0036503337, 0.049255732, 0.06985), (0.0077053714, 0.048786055, 0.06985), (0.03313412, 0.036627617, 0.06985), (0.036045637, 0.03376632, 0.06985), (0.01644293, -0.046573397, 0.06985), (0.02023277, -0.04505648, 0.06985), (-0.04798311, 0.011707772, 0.069850005), (-0.026653495, -0.041581754, 0.06985), (-0.023128668, -0.04364076, 0.06985), (-0.019445844, -0.045401655, 0.06985), (-0.036045622, -0.033766314, 0.06985), (-0.033134107, -0.03662761, 0.06985), (-0.038710907, -0.030674359, 0.06985), (0.0238844, -0.04323178, 0.06985), (-0.041111756, -0.027372867, 0.06985), (-0.043231774, -0.023884393, 0.069850005), (-0.045056473, -0.020232763, 0.069850005), (-0.04657339, -0.016442923, 0.069850005), (-0.047772165, -0.012540762, 0.069850005), (-0.048644606, -0.008552934, 0.069850005), (-0.04918476, -0.0045066806, 0.069850005), (-0.049388923, -0.00042964224, 0.069850005), (-0.049255718, 0.003650331, 0.069850005), (-0.04364075, 0.023128679, 0.069850005), (-0.045401648, 0.019445855, 0.069850005), (-0.041581746, 0.026653506, 0.06985), (0.04864462, 0.00855294, 0.06984999), (0.04777218, 0.012540768, 0.06984999), (0.030674366, -0.038710915, 0.06985), (0.049184773, 0.004506687, 0.06984999), (0.049388938, 0.00042964835, 0.06984999), (-0.0036503216, -0.049255725, 0.06985), (-0.0077053593, -0.048786048, 0.06985), (-0.029996254, -0.039238703, 0.06985), (-0.04878604, 0.007705369, 0.069850005), (-0.046852402, 0.015630199, 0.069850005), (-0.039238695, 0.029996265, 0.06985), (-0.0366276, 0.03313412, 0.06985), (0.043640766, -0.023128672, 0.06984999), (0.045401663, -0.019445848, 0.06984999), (0.046852417, -0.015630191, 0.06984999), (0.04158176, -0.026653498, 0.06985), (0.047983125, -0.011707766, 0.06984999), (0.048786055, -0.0077053625, 0.06984999), (0.03923871, -0.029996257, 0.06985), (0.036627617, -0.033134114, 0.06985), (0.049255732, -0.003650325, 0.06984999), (0.03376632, -0.03604563, 0.06985), (0.027372874, -0.041111764, 0.06985), (0.012540771, -0.047772173, 0.06985), (0.008552942, -0.048644613, 0.06985), (-0.00043243926, 0.04971082, 0.069804184), (0.0036741241, 0.049576744, 0.069804184), (-0.00043504644, 0.05001052, 0.069678135), (-0.00043728977, 0.050268393, 0.06948011), (0.0037153345, 0.050132815, 0.06948011), (-0.00043902223, 0.050467543, 0.06922311), (0.0037300535, 0.050331425, 0.06922311), (-0.00044013024, 0.05059491, 0.06892396), (0.0037394671, 0.05045845, 0.06892396), (-0.00044054122, 0.05064215, 0.06860227), (0.011993652, 0.04915477, 0.06892396), (0.016011855, 0.047996454, 0.06892396), (0.01200485, 0.04920066, 0.06860227), (0.03692579, 0.034590818, 0.06892396), (0.039656155, 0.031423368, 0.06892396), (0.036960267, 0.034623116, 0.06860227), (0.04983242, 0.008761784, 0.06892395), (0.05038576, 0.0046167304, 0.06892395), (0.049878947, 0.008769965, 0.068602264), (0.04651027, -0.019920673, 0.06892395), (0.044706378, -0.023693422, 0.06892395), (0.046553697, -0.019939274, 0.068602264), (0.016844431, -0.04771062, 0.06892396), (0.012846989, -0.048938666, 0.06892396), (0.01686016, -0.047755167, 0.06860227), (0.004616733, -0.05038575, 0.06892396), (0.0046210433, -0.050432798, 0.06860227), (0.00631124, -0.050207164, 0.06860227), (0.008761786, -0.04983241, 0.06892396), (0.012858983, -0.04898436, 0.06860227), (0.012101979, -0.049149975, 0.06860227), (0.008769967, -0.04987894, 0.06860227), (0.023103807, -0.045021657, 0.06860227), (0.024467606, -0.04428741, 0.06892396), (0.020726811, -0.046156663, 0.06892396), (0.020746164, -0.046199758, 0.06860227), (0.017723504, -0.047409605, 0.06860227), (0.02819276, -0.042063817, 0.06860227), (0.031423368, -0.039656147, 0.06892396), (0.028041262, -0.042115625, 0.06892396), (0.028067444, -0.042154945, 0.06860227), (0.024490451, -0.04432876, 0.06860227), (0.032861732, -0.03847859, 0.06860227), (0.034590818, -0.03692578, 0.06892396), (0.031452708, -0.039693177, 0.06860227), (0.037122514, -0.034416996, 0.06860227), (0.037521984, -0.033943176, 0.06892396), (0.034623116, -0.03696026, 0.06860227), (0.04085711, -0.029868944, 0.06860227), (0.042597096, -0.02730432, 0.06892396), (0.040196832, -0.030728703, 0.06892396), (0.040234365, -0.030757394, 0.06860227), (0.037557017, -0.033974867, 0.06860227), (0.04474812, -0.023715544, 0.068602264), (0.044044457, -0.024920149, 0.068602264), (0.042636868, -0.027329814, 0.068602264), (0.04859949, -0.014090323, 0.068602264), (0.04915477, -0.011993645, 0.06892395), (0.047996454, -0.016011847, 0.06892395), (0.048041265, -0.016026797, 0.068602264), (0.04666384, -0.019649591, 0.068602264), (0.04993253, -0.008356699, 0.068602264), (0.049977306, -0.007893511, 0.06892395), (0.04920066, -0.012004843, 0.068602264), (0.050546028, -0.0025035967, 0.068602264), (0.05059491, 0.00044013932, 0.06892395), (0.05045845, -0.0037394583, 0.06892395), (0.050505564, -0.0037429496, 0.068602264), (0.05002397, -0.007900882, 0.068602264), (0.050432805, 0.0046210405, 0.068602264), (0.05049482, 0.0033825794, 0.068602264), (0.05064215, 0.00044055024, 0.068602264), (0.048347004, 0.014933687, 0.068602264), (0.047710627, 0.016844431, 0.06892395), (0.048938673, 0.012846987, 0.06892395), (0.048984367, 0.012858981, 0.068602264), (0.049779586, 0.009224121, 0.068602264), (0.04631493, 0.020458441, 0.068602264), (0.04615667, 0.020726811, 0.06892395), (0.047755174, 0.01686016, 0.068602264), (0.043604255, 0.02568263, 0.068602264), (0.042115632, 0.028041262, 0.06892396), (0.044287417, 0.024467606, 0.06892395), (0.044328768, 0.024490451, 0.068602264), (0.046199765, 0.020746164, 0.068602264), (0.039693184, 0.031452708, 0.06860227), (0.040331293, 0.030575227, 0.06860227), (0.042154953, 0.028067444, 0.06860227), (0.032187343, 0.039044473, 0.06860227), (0.03072871, 0.040196832, 0.06892396), (0.033943184, 0.037521984, 0.06892396), (0.033974875, 0.037557017, 0.06860227), (0.036518138, 0.03505762, 0.06860227), (0.027456705, 0.04254793, 0.06860227), (0.027304327, 0.042597096, 0.06892396), (0.030757401, 0.040234365, 0.06860227), (0.022317063, 0.04541679, 0.06860227), (0.01992068, 0.04651027, 0.06892396), (0.02369343, 0.044706378, 0.06892396), (0.023715552, 0.04474812, 0.06860227), (0.027329821, 0.042636868, 0.06860227), (0.016026804, 0.048041265, 0.06860227), (0.01689603, 0.047710773, 0.06860227), (0.019939281, 0.046553697, 0.06860227), (0.0037429584, 0.050505564, 0.06860227), (0.0054368246, 0.050309367, 0.06860227), (0.007893519, 0.049977306, 0.06892396), (0.007900889, 0.05002397, 0.06860227), (0.011245079, 0.049353085, 0.06860227), (0.00043903434, -0.050467536, 0.06922311), (0.0004401423, -0.050594904, 0.06892396), (0.0004405532, -0.050642144, 0.06860227), (0.007873649, 0.049851492, 0.06922311), (0.011963459, 0.049031027, 0.06922311), (0.015971547, 0.047875624, 0.06922311), (0.019870533, 0.046393186, 0.06922311), (0.023633784, 0.044593833, 0.06922311), (0.027235592, 0.04248986, 0.06922311), (0.030651353, 0.040095642, 0.06922311), (0.033857733, 0.037427526, 0.06922311), (0.036832836, 0.03450374, 0.06922311), (0.03955633, 0.03134426, 0.06922311), (0.04200961, 0.027970672, 0.06922311), (0.044175923, 0.02440601, 0.069223106), (0.04604047, 0.020674633, 0.069223106), (0.04759052, 0.016802028, 0.069223106), (0.048815474, 0.012814646, 0.069223106), (0.04970697, 0.008739728, 0.069223106), (0.050258916, 0.004605108, 0.069223106), (0.050467543, 0.00043903134, 0.069223106), (0.050331425, -0.0037300447, 0.069223106), (0.049851492, -0.007873641, 0.069223106), (0.049031027, -0.011963451, 0.069223106), (0.047875624, -0.01597154, 0.069223106), (0.046393186, -0.019870525, 0.069223106), (0.044593833, -0.023633776, 0.069223106), (0.04248986, -0.027235584, 0.06922311), (0.040095642, -0.030651346, 0.06922311), (0.037427526, -0.033857726, 0.06922311), (0.03450374, -0.036832828, 0.06922311), (0.03134426, -0.03955632, 0.06922311), (0.027970672, -0.042009603, 0.06922311), (0.02440601, -0.044175915, 0.06922311), (0.020674633, -0.046040464, 0.06922311), (0.016802028, -0.047590513, 0.06922311), (0.0128146475, -0.048815466, 0.06922311), (0.008739729, -0.049706962, 0.06922311), (0.0046051107, -0.05025891, 0.06922311), (0.00043730193, -0.050268386, 0.06948011), (0.007842579, 0.049654774, 0.06948011), (0.011916252, 0.048837546, 0.06948011), (0.015908523, 0.047686704, 0.06948011), (0.019792123, 0.046210118, 0.06948011), (0.023540525, 0.04441786, 0.06948011), (0.027128119, 0.042322192, 0.06948011), (0.0305304, 0.03993742, 0.06948011), (0.033724133, 0.037279837, 0.06948011), (0.03668749, 0.03436759, 0.06948011), (0.039400235, 0.031220576, 0.06948011), (0.04184384, 0.027860297, 0.06948011), (0.044001605, 0.024309704, 0.069480106), (0.045858797, 0.02059305, 0.069480106), (0.047402725, 0.016735725, 0.069480106), (0.048622847, 0.012764079, 0.069480106), (0.04951082, 0.00870524, 0.069480106), (0.050060593, 0.0045869364, 0.069480106), (0.050268393, 0.0004372989, 0.069480106), (0.050132815, -0.0037153256, 0.069480106), (0.049654774, -0.007842571, 0.069480106), (0.048837546, -0.0119162435, 0.069480106), (0.047686704, -0.015908515, 0.069480106), (0.046210118, -0.019792115, 0.069480106), (0.04441786, -0.023540517, 0.069480106), (0.042322192, -0.027128112, 0.06948011), (0.03993742, -0.030530393, 0.06948011), (0.037279837, -0.033724125, 0.06948011), (0.03436759, -0.036687482, 0.06948011), (0.031220576, -0.039400227, 0.06948011), (0.027860297, -0.04184383, 0.06948011), (0.024309704, -0.044001598, 0.06948011), (0.02059305, -0.04585879, 0.06948011), (0.016735725, -0.047402717, 0.06948011), (0.012764081, -0.04862284, 0.06948011), (0.008705243, -0.049510814, 0.06948011), (0.004586939, -0.050060585, 0.06948011), (0.0004350586, -0.050010514, 0.069678135), (0.0036962747, 0.049875636, 0.069678135), (0.007802347, 0.04940005, 0.069678135), (0.011855122, 0.04858701, 0.069678135), (0.01582691, 0.047442075, 0.069678135), (0.01969059, 0.04597306, 0.069678135), (0.023419762, 0.044190004, 0.069678135), (0.026988953, 0.042105082, 0.069678135), (0.030373782, 0.039732542, 0.069678135), (0.03355113, 0.03708859, 0.069678135), (0.036499284, 0.034191284, 0.069678135), (0.03919811, 0.031060416, 0.069678135), (0.04162918, 0.027717376, 0.069678135), (0.04377588, 0.024184998, 0.06967813), (0.04562354, 0.02048741, 0.06967813), (0.047159553, 0.016649872, 0.06967813), (0.048373412, 0.012698599, 0.06967813), (0.049256835, 0.008660583, 0.06967813), (0.049803782, 0.0045634056, 0.06967813), (0.05001052, 0.0004350556, 0.06967813), (0.049875636, -0.0036962659, 0.06967813), (0.04940005, -0.0078023383, 0.06967813), (0.04858701, -0.011855113, 0.06967813), (0.047442075, -0.015826903, 0.06967813), (0.04597306, -0.019690583, 0.06967813), (0.044190004, -0.023419755, 0.06967813), (0.042105082, -0.026988946, 0.069678135), (0.039732542, -0.030373774, 0.069678135), (0.03708859, -0.033551123, 0.069678135), (0.034191284, -0.036499277, 0.069678135), (0.031060416, -0.039198104, 0.069678135), (0.027717376, -0.041629173, 0.069678135), (0.024184998, -0.04377587, 0.069678135), (0.02048741, -0.045623533, 0.069678135), (0.016649872, -0.047159545, 0.069678135), (0.012698602, -0.048373405, 0.069678135), (0.008660586, -0.049256828, 0.069678135), (0.004563408, -0.049803775, 0.069678135), (0.0004324515, -0.049710814, 0.069804184), (0.0045360606, -0.049505316, 0.069804184), (0.008608684, -0.048961643, 0.069804184), (0.012622503, -0.048083518, 0.069804184), (0.016550094, -0.04687693, 0.069804184), (0.020364633, -0.045350123, 0.069804184), (0.024040062, -0.043513533, 0.069804184), (0.027551273, -0.0413797, 0.069804184), (0.03087428, -0.038963202, 0.069804184), (0.033986386, -0.036280546, 0.069804184), (0.03686633, -0.033350054, 0.069804184), (0.03949444, -0.030191753, 0.069804184), (0.041852757, -0.026827209, 0.069804184), (0.043925185, -0.023279406, 0.06980418), (0.045697555, -0.019572582, 0.06980418), (0.04715777, -0.015732057, 0.06980418), (0.04829584, -0.011784069, 0.06980418), (0.04910401, -0.007755581, 0.06980418), (0.049576744, -0.0036741153, 0.06980418), (0.04971082, 0.00043244846, 0.06980418), (0.049505323, 0.0045360583, 0.06980418), (0.04896165, 0.008608681, 0.06980418), (0.048083525, 0.0126225, 0.06980418), (0.046876937, 0.016550094, 0.06980418), (0.04535013, 0.020364633, 0.06980418), (0.04351354, 0.024040062, 0.06980418), (0.04137971, 0.027551273, 0.069804184), (0.03896321, 0.03087428, 0.069804184), (0.036280554, 0.033986386, 0.069804184), (0.03335006, 0.03686633, 0.069804184), (0.03019176, 0.03949444, 0.069804184), (0.026827216, 0.041852757, 0.069804184), (0.023279414, 0.043925185, 0.069804184), (0.01957259, 0.045697555, 0.069804184), (0.015732065, 0.04715777, 0.069804184), (0.011784078, 0.04829584, 0.069804184), (0.0077555897, 0.04910401, 0.069804184), (-0.003674112, -0.049576737, 0.069804184), (-0.0037153224, -0.050132807, 0.06948011), (-0.0037300414, -0.050331417, 0.06922311), (-0.003739455, -0.050458442, 0.06892396), (-0.011993641, -0.049154762, 0.06892396), (-0.016011843, -0.047996446, 0.06892396), (-0.012004839, -0.049200654, 0.06860227), (-0.036925774, -0.03459081, 0.06892396), (-0.03965614, -0.03142336, 0.06892396), (-0.03696025, -0.03462311, 0.06860227), (-0.049832404, -0.0087617785, 0.068923965), (-0.050385743, -0.004616725, 0.068923965), (-0.049878933, -0.008769959, 0.06860228), (-0.046510257, 0.01992068, 0.068923965), (-0.044706363, 0.02369343, 0.068923965), (-0.046553683, 0.019939281, 0.06860228), (-0.01684442, 0.047710627, 0.06892396), (-0.012846977, 0.048938673, 0.06892396), (-0.016860148, 0.047755174, 0.06860227), (-0.004616721, 0.05038576, 0.06892396), (-0.004621031, 0.050432805, 0.06860227), (-0.006311228, 0.05020717, 0.06860227), (-0.008761775, 0.04983242, 0.06892396), (-0.012858972, 0.048984367, 0.06860227), (-0.012101968, 0.049149983, 0.06860227), (-0.0087699555, 0.049878947, 0.06860227), (-0.023103796, 0.045021664, 0.06860227), (-0.024467595, 0.044287417, 0.06892396), (-0.0207268, 0.04615667, 0.06892396), (-0.020746153, 0.046199765, 0.06860227), (-0.017723493, 0.047409613, 0.06860227), (-0.02819275, 0.042063825, 0.06860227), (-0.031423353, 0.039656155, 0.06892396), (-0.028041251, 0.042115632, 0.06892396), (-0.028067432, 0.042154953, 0.06860227), (-0.02449044, 0.044328768, 0.06860227), (-0.032861717, 0.038478598, 0.06860227), (-0.034590803, 0.03692579, 0.06892396), (-0.031452693, 0.039693184, 0.06860227), (-0.0371225, 0.034417003, 0.06860227), (-0.03752197, 0.033943184, 0.06892396), (-0.0346231, 0.036960267, 0.06860227), (-0.040857095, 0.029868951, 0.06860227), (-0.04259708, 0.027304327, 0.06892396), (-0.040196817, 0.03072871, 0.06892396), (-0.04023435, 0.030757401, 0.06860227), (-0.037557002, 0.033974875, 0.06860227), (-0.044748105, 0.023715552, 0.06860228), (-0.044044442, 0.024920156, 0.06860228), (-0.042636853, 0.027329821, 0.06860228), (-0.048599474, 0.0140903285, 0.06860228), (-0.049154755, 0.01199365, 0.068923965), (-0.04799644, 0.016011855, 0.068923965), (-0.04804125, 0.016026804, 0.06860228), (-0.046663824, 0.019649599, 0.06860228), (-0.049932513, 0.008356704, 0.06860228), (-0.04997729, 0.007893517, 0.068923965), (-0.049200647, 0.012004849, 0.06860228), (-0.050546013, 0.0025036028, 0.06860228), (-0.050594896, -0.00044013327, 0.068923965), (-0.050458435, 0.0037394643, 0.068923965), (-0.05050555, 0.0037429556, 0.06860228), (-0.050023954, 0.007900887, 0.06860228), (-0.05043279, -0.004621035, 0.06860228), (-0.050494805, -0.0033825734, 0.06860228), (-0.050642136, -0.00044054425, 0.06860228), (-0.04834699, -0.014933681, 0.06860228), (-0.047710612, -0.016844423, 0.068923965), (-0.048938658, -0.012846981, 0.068923965), (-0.048984352, -0.012858976, 0.06860228), (-0.04977957, -0.009224116, 0.06860228), (-0.046314914, -0.020458434, 0.06860228), (-0.046156656, -0.020726804, 0.068923965), (-0.04775516, -0.016860152, 0.06860228), (-0.04360424, -0.025682623, 0.06860228), (-0.042115618, -0.028041255, 0.06892396), (-0.044287402, -0.024467599, 0.068923965), (-0.044328753, -0.024490444, 0.06860228), (-0.04619975, -0.020746157, 0.06860228), (-0.03969317, -0.0314527, 0.06860227), (-0.040331278, -0.03057522, 0.06860227), (-0.042154938, -0.028067436, 0.06860227), (-0.032187328, -0.039044466, 0.06860227), (-0.0307287, -0.040196825, 0.06892396), (-0.03394317, -0.037521977, 0.06892396), (-0.03397486, -0.03755701, 0.06860227), (-0.036518123, -0.03505761, 0.06860227), (-0.027456693, -0.042547923, 0.06860227), (-0.027304316, -0.04259709, 0.06892396), (-0.03075739, -0.040234357, 0.06860227), (-0.022317052, -0.045416784, 0.06860227), (-0.01992067, -0.046510264, 0.06892396), (-0.023693418, -0.04470637, 0.06892396), (-0.02371554, -0.044748113, 0.06860227), (-0.02732981, -0.04263686, 0.06860227), (-0.016026793, -0.048041258, 0.06860227), (-0.016896019, -0.047710765, 0.06860227), (-0.01993927, -0.04655369, 0.06860227), (-0.0037429463, -0.050505556, 0.06860227), (-0.0054368125, -0.05030936, 0.06860227), (-0.007893507, -0.0499773, 0.06892396), (-0.007900878, -0.05002396, 0.06860227), (-0.011245068, -0.049353078, 0.06860227), (-0.007873638, -0.049851485, 0.06922311), (-0.011963448, -0.04903102, 0.06922311), (-0.015971536, -0.047875617, 0.06922311), (-0.019870522, -0.04639318, 0.06922311), (-0.023633773, -0.044593826, 0.06922311), (-0.02723558, -0.042489853, 0.06922311), (-0.030651342, -0.040095635, 0.06922311), (-0.033857718, -0.03742752, 0.06922311), (-0.03683282, -0.034503732, 0.06922311), (-0.039556313, -0.031344254, 0.06922311), (-0.042009596, -0.027970664, 0.06922311), (-0.044175908, -0.024406003, 0.06922312), (-0.046040457, -0.020674625, 0.06922312), (-0.047590505, -0.01680202, 0.06922312), (-0.04881546, -0.01281464, 0.06922312), (-0.049706955, -0.008739722, 0.06922312), (-0.0502589, -0.0046051024, 0.06922312), (-0.05046753, -0.0004390253, 0.06922312), (-0.05033141, 0.0037300508, 0.06922312), (-0.049851477, 0.007873647, 0.06922312), (-0.04903101, 0.011963457, 0.06922312), (-0.04787561, 0.015971547, 0.06922312), (-0.04639317, 0.019870533, 0.06922312), (-0.04459382, 0.023633784, 0.06922312), (-0.042489845, 0.027235592, 0.06922311), (-0.040095627, 0.030651353, 0.06922311), (-0.03742751, 0.033857733, 0.06922311), (-0.034503724, 0.036832836, 0.06922311), (-0.031344246, 0.03955633, 0.06922311), (-0.02797066, 0.04200961, 0.06922311), (-0.024406, 0.044175923, 0.06922311), (-0.020674622, 0.04604047, 0.06922311), (-0.016802017, 0.04759052, 0.06922311), (-0.012814636, 0.048815474, 0.06922311), (-0.008739718, 0.04970697, 0.06922311), (-0.0046050986, 0.050258916, 0.06922311), (-0.007842566, -0.049654767, 0.06948011), (-0.011916239, -0.04883754, 0.06948011), (-0.015908511, -0.047686696, 0.06948011), (-0.019792112, -0.04621011, 0.06948011), (-0.023540514, -0.044417854, 0.06948011), (-0.027128108, -0.042322185, 0.06948011), (-0.03053039, -0.039937414, 0.06948011), (-0.033724118, -0.03727983, 0.06948011), (-0.036687475, -0.034367584, 0.06948011), (-0.03940022, -0.031220568, 0.06948011), (-0.041843824, -0.02786029, 0.06948011), (-0.04400159, -0.024309697, 0.06948012), (-0.04585878, -0.020593043, 0.06948012), (-0.04740271, -0.016735718, 0.06948012), (-0.04862283, -0.012764073, 0.06948012), (-0.049510807, -0.008705234, 0.06948012), (-0.050060578, -0.00458693, 0.06948012), (-0.050268378, -0.00043729285, 0.06948012), (-0.0501328, 0.0037153317, 0.06948012), (-0.04965476, 0.007842576, 0.06948012), (-0.04883753, 0.011916249, 0.06948012), (-0.04768669, 0.015908523, 0.06948012), (-0.046210103, 0.019792123, 0.06948012), (-0.044417847, 0.023540525, 0.06948012), (-0.042322177, 0.027128119, 0.06948011), (-0.039937407, 0.0305304, 0.06948011), (-0.037279822, 0.033724133, 0.06948011), (-0.034367576, 0.03668749, 0.06948011), (-0.031220565, 0.039400235, 0.06948011), (-0.027860286, 0.04184384, 0.06948011), (-0.024309693, 0.044001605, 0.06948011), (-0.02059304, 0.045858797, 0.06948011), (-0.016735714, 0.047402725, 0.06948011), (-0.012764068, 0.048622847, 0.06948011), (-0.0087052295, 0.04951082, 0.06948011), (-0.0045869267, 0.050060593, 0.06948011), (-0.0036962626, -0.04987563, 0.069678135), (-0.007802335, -0.049400043, 0.069678135), (-0.011855109, -0.048587, 0.069678135), (-0.0158269, -0.047442067, 0.069678135), (-0.019690579, -0.04597305, 0.069678135), (-0.02341975, -0.044189997, 0.069678135), (-0.026988942, -0.042105075, 0.069678135), (-0.03037377, -0.039732534, 0.069678135), (-0.033551116, -0.037088584, 0.069678135), (-0.03649927, -0.034191277, 0.069678135), (-0.039198097, -0.031060409, 0.069678135), (-0.041629165, -0.027717369, 0.069678135), (-0.043775864, -0.02418499, 0.06967814), (-0.045623526, -0.020487402, 0.06967814), (-0.047159538, -0.016649865, 0.06967814), (-0.048373397, -0.012698594, 0.06967814), (-0.04925682, -0.008660577, 0.06967814), (-0.049803767, -0.004563399, 0.06967814), (-0.050010506, -0.0004350495, 0.06967814), (-0.04987562, 0.003696272, 0.06967814), (-0.049400035, 0.007802345, 0.06967814), (-0.048586994, 0.011855119, 0.06967814), (-0.04744206, 0.01582691, 0.06967814), (-0.045973044, 0.01969059, 0.06967814), (-0.04418999, 0.023419762, 0.06967814), (-0.042105068, 0.026988953, 0.069678135), (-0.039732527, 0.030373782, 0.069678135), (-0.037088577, 0.03355113, 0.069678135), (-0.03419127, 0.036499284, 0.069678135), (-0.031060405, 0.03919811, 0.069678135), (-0.027717365, 0.04162918, 0.069678135), (-0.024184987, 0.04377588, 0.069678135), (-0.020487398, 0.04562354, 0.069678135), (-0.01664986, 0.047159553, 0.069678135), (-0.012698589, 0.048373412, 0.069678135), (-0.008660573, 0.049256835, 0.069678135), (-0.004563396, 0.049803782, 0.069678135), (-0.0045360485, 0.049505323, 0.069804184), (-0.008608671, 0.04896165, 0.069804184), (-0.01262249, 0.048083525, 0.069804184), (-0.016550083, 0.046876937, 0.069804184), (-0.020364622, 0.04535013, 0.069804184), (-0.02404005, 0.04351354, 0.069804184), (-0.027551262, 0.04137971, 0.069804184), (-0.03087427, 0.03896321, 0.069804184), (-0.03398637, 0.036280554, 0.069804184), (-0.036866315, 0.03335006, 0.069804184), (-0.039494425, 0.03019176, 0.069804184), (-0.041852742, 0.026827216, 0.069804184), (-0.04392517, 0.023279414, 0.06980419), (-0.04569754, 0.01957259, 0.06980419), (-0.047157753, 0.015732065, 0.06980419), (-0.048295826, 0.011784075, 0.06980419), (-0.049103994, 0.0077555873, 0.06980419), (-0.04957673, 0.0036741213, 0.06980419), (-0.049710806, -0.00043244235, 0.06980419), (-0.04950531, -0.004536052, 0.06980419), (-0.048961636, -0.008608676, 0.06980419), (-0.04808351, -0.012622494, 0.06980419), (-0.046876922, -0.016550086, 0.06980419), (-0.045350116, -0.020364625, 0.06980419), (-0.043513525, -0.024040055, 0.06980419), (-0.041379694, -0.027551265, 0.069804184), (-0.038963195, -0.030874273, 0.069804184), (-0.03628054, -0.03398638, 0.069804184), (-0.033350047, -0.036866322, 0.069804184), (-0.03019175, -0.039494433, 0.069804184), (-0.026827205, -0.04185275, 0.069804184), (-0.023279402, -0.043925177, 0.069804184), (-0.019572578, -0.045697547, 0.069804184), (-0.015732054, -0.04715776, 0.069804184), (-0.011784065, -0.048295833, 0.069804184), (-0.0077555776, -0.049104, 0.069804184), (0.00044277293, -0.050897453, 0.053974986), (0.0063486127, -0.0505019, 0.053974986), (0.012168598, -0.049423397, 0.053974986), (0.017824026, -0.047676526, 0.053974986), (0.023238413, -0.045284912, 0.053974982), (0.02833854, -0.042280894, 0.05397498), (0.033055436, -0.038705107, 0.05397498), (0.037325315, -0.03460589, 0.05397498), (0.041090433, -0.030038698, 0.05397498), (0.04429988, -0.025065279, 0.05397498), (0.046910238, -0.019752895, 0.05397498), (0.04888622, -0.014173386, 0.05397498), (0.0502011, -0.008402207, 0.05397498), (0.050837092, -0.0025174024, 0.05397498), (0.0507856, 0.0034014455, 0.05397498), (0.050047327, 0.0092742955, 0.05397498), (0.048632246, 0.015021726, 0.05397498), (0.046559494, 0.020566013, 0.05397498), (0.04385711, 0.025832178, 0.05397498), (0.040561628, 0.030749012, 0.05397498), (0.036717623, 0.035250016, 0.05397498), (0.032377075, 0.039274324, 0.05397498), (0.027598687, 0.042767514, 0.053974975), (0.022447068, 0.04568235, 0.053974975), (0.016991895, 0.047979403, 0.05397498), (0.011306931, 0.049627624, 0.05397498), (0.0054690638, 0.050604716, 0.05397498), (-0.0004427635, 0.05089746, 0.05397498), (-0.0063486034, 0.05050191, 0.05397498), (-0.012168589, 0.049423404, 0.05397498), (-0.017824015, 0.047676533, 0.05397498), (-0.023238402, 0.04528492, 0.053974982), (-0.02833853, 0.0422809, 0.053974986), (-0.03305543, 0.038705114, 0.053974986), (-0.037325308, 0.034605898, 0.053974986), (-0.041090425, 0.030038701, 0.053974986), (-0.04429987, 0.025065282, 0.053974986), (-0.04691023, 0.0197529, 0.053974986), (-0.048886213, 0.014173391, 0.053974986), (-0.050201092, 0.0084022125, 0.053974986), (-0.050837085, 0.002517407, 0.053974986), (-0.050785594, -0.0034014408, 0.053974986), (-0.05004732, -0.00927429, 0.053974986), (-0.048632238, -0.01502172, 0.053974986), (-0.046559487, -0.020566009, 0.053974986), (-0.0438571, -0.025832174, 0.053974986), (-0.04056162, -0.030749008, 0.053974986), (-0.036717616, -0.035250008, 0.053974986), (-0.032377068, -0.039274316, 0.053974986), (-0.027598675, -0.042767506, 0.05397499), (-0.022447057, -0.04568234, 0.05397499), (-0.016991884, -0.047979396, 0.053974986), (-0.011306922, -0.049627617, 0.053974986), (-0.0054690544, -0.05060471, 0.053974986), (0.00044170627, -0.050774835, 0.053848002), (0.006333318, -0.050380237, 0.053848002), (0.012139283, -0.04930433, 0.053848002), (0.017781084, -0.047561668, 0.053848002), (0.023182428, -0.045175813, 0.053848), (0.028270269, -0.042179037, 0.053847995), (0.0329758, -0.03861186, 0.053847995), (0.03723539, -0.034522522, 0.053847995), (0.04099144, -0.02996633, 0.053847995), (0.044193152, -0.025004894, 0.053847995), (0.046797223, -0.019705307, 0.053847995), (0.048768446, -0.01413924, 0.053847995), (0.050080154, -0.008381965, 0.053847995), (0.050714616, -0.0025113376, 0.053847995), (0.05066325, 0.0033932508, 0.053847995), (0.049926754, 0.009251952, 0.053847995), (0.04851508, 0.014985536, 0.053847995), (0.046447325, 0.020516464, 0.053847995), (0.04375145, 0.025769947, 0.053847995), (0.04046391, 0.030674933, 0.053847995), (0.036629163, 0.035165094, 0.053847995), (0.032299075, 0.039179705, 0.053847995), (0.027532196, 0.042664483, 0.05384799), (0.02239299, 0.045572292, 0.05384799), (0.016950957, 0.047863815, 0.053847995), (0.011279692, 0.049508065, 0.053847995), (0.0054558883, 0.050482802, 0.053847995), (-0.00044169684, 0.050774843, 0.053847995), (-0.0063333088, 0.050380245, 0.053847995), (-0.012139274, 0.049304336, 0.053847995), (-0.017781073, 0.047561675, 0.053847995), (-0.023182416, 0.04517582, 0.053848), (-0.028270258, 0.042179044, 0.053848002), (-0.032975793, 0.038611867, 0.053848002), (-0.037235383, 0.03452253, 0.053848002), (-0.040991433, 0.029966334, 0.053848002), (-0.044193145, 0.025004897, 0.053848002), (-0.046797216, 0.01970531, 0.053848002), (-0.04876844, 0.014139245, 0.053848002), (-0.050080147, 0.00838197, 0.053848002), (-0.05071461, 0.0025113423, 0.053848002), (-0.050663244, -0.003393246, 0.053848002), (-0.049926747, -0.009251947, 0.053848002), (-0.048515074, -0.014985531, 0.053848002), (-0.046447318, -0.02051646, 0.053848002), (-0.04375144, -0.025769943, 0.053848002), (-0.040463902, -0.030674929, 0.053848002), (-0.036629155, -0.035165086, 0.053848002), (-0.032299068, -0.039179698, 0.053848002), (-0.027532184, -0.042664476, 0.053848006), (-0.022392979, -0.045572285, 0.053848006), (-0.016950946, -0.047863808, 0.053848002), (-0.011279683, -0.049508058, 0.053848002), (-0.005455879, -0.050482795, 0.053848002)]
                    normal3f[] primvars:normals = [(0, 0, 1), (0.0000015564833, -0.0000011898629, 1), (7.908585e-8, 3.9518763e-8, 1), (8.511244e-8, 3.406698e-8, 1), (2.6441569e-8, 9.17259e-8, 1), (-5.8736407e-9, 1.17292934e-7, 1), (-5.8523785e-8, 1.4621497e-7, 1), (-1.0659351e-7, -1.8247825e-7, 1), (-8.196083e-8, -1.7141684e-7, 1), (-7.7021795e-8, 1.5413778e-7, 1), (-0.000008399094, -0.000007240076, 1), (0.0000019974996, 9.981395e-7, 1), (0.0000013899843, 5.5635303e-7, 1), (0.0000010293161, 3.1621443e-7, 1), (7.9528525e-7, 1.7398924e-7, 1), (6.334081e-7, 8.455643e-8, 1), (5.1589166e-7, 2.5834142e-8, 1), (4.2729482e-7, -1.3950555e-8, 1), (1.2120451e-7, -5.7952423e-8, 1), (0.0000022553872, 7.962735e-7, 1), (2.6317426e-7, 5.757618e-8, 1), (3.068644e-7, 4.096469e-8, 1), (3.6037363e-7, 1.8046311e-8, 1), (3.6123626e-9, 1.1064388e-7, 1), (1.2066807e-8, 1.04180835e-7, 1), (1.9636325e-8, 9.788204e-8, 1), (-1.3621575e-7, -1.9433482e-7, 1), (-1.7231748e-7, -2.0708067e-7, 1), (3.0353954e-7, -6.089369e-8, 1), (3.5842794e-7, -4.1515126e-8, 1), (-6.12373e-8, -1.6106142e-7, 1), (1.5133025e-7, -4.362357e-8, 1), (1.3551735e-7, -5.152519e-8, 1), (0.000013563837, -0.000005809485, 1), (0.0000035597702, -0.0000010261659, 1), (0.0000021893711, -4.3921426e-7, 1), (-0.000001226012, 8.5935267e-7, 1), (-8.277048e-7, 6.8875494e-7, 1), (4.2729334e-7, -1.3950507e-8, 1), (5.131094e-7, -5.9431205e-8, 1), (-4.1722723e-7, 4.840188e-7, 1), (-5.806392e-7, 5.706238e-7, 1), (2.2685626e-7, 6.969207e-8, 1), (-1.2429037e-7, 1.7091605e-7, 1), (-9.867629e-8, 1.6237108e-7, 1), (-4.2575913e-8, 1.385897e-7, 1), (-2.871269e-8, 1.3124249e-7, 1), (-1.6573528e-8, 1.2415147e-7, 1), (0.012659902, 0.38775268, 0.9216765), (0.025801474, 0.79027325, 0.61221105), (0.030027945, 0.9197051, 0.3914598), (0.032286238, 0.98887867, 0.14517798), (0.2740541, 0.950695, 0.1451665), (0.74940825, 0.64599544, 0.14517966), (0.98070556, 0.13091828, 0.14517914), (0.89261967, -0.42679518, 0.1451762), (0.29055157, -0.94578177, 0.14517748), (0.13091953, -0.9807049, 0.14518246), (0.13091838, -0.9807061, 0.1451758), (0.29055163, -0.94578165, 0.14517859), (0.21145794, -0.96654475, 0.1451788), (0.21145707, -0.9665447, 0.14518075), (0.21145695, -0.9665448, 0.14517912), (0.13091788, -0.98070556, 0.14517912), (0.44225946, -0.8850602, 0.1451724), (0.44225946, -0.8850602, 0.14517218), (0.36766115, -0.9185588, 0.14517196), (0.36766127, -0.91855764, 0.14517888), (0.367661, -0.91855794, 0.14517765), (0.581904, -0.8001946, 0.14517643), (0.58189297, -0.8002039, 0.14516972), (0.51383746, -0.8455158, 0.1451694), (0.51383734, -0.84551454, 0.14517725), (0.44225836, -0.88506, 0.1451769), (0.64599437, -0.749407, 0.14519122), (0.6459941, -0.7494085, 0.14518446), (0.5819028, -0.8001941, 0.14518477), (0.70567465, -0.6935044, 0.14517234), (0.70567435, -0.69350314, 0.14517978), (0.6459967, -0.7494071, 0.14517966), (0.81019694, -0.56789386, 0.14518127), (0.8101967, -0.56789505, 0.14517757), (0.76053363, -0.6328602, 0.14517727), (0.76053405, -0.6328611, 0.14517142), (0.70567524, -0.69350404, 0.14517103), (0.89261955, -0.42679507, 0.145177), (0.85432607, -0.49904966, 0.14517708), (0.8543271, -0.49904913, 0.14517304), (0.8543272, -0.4990496, 0.14517054), (0.8101988, -0.56789386, 0.14517061), (0.9506939, -0.2740538, 0.14517474), (0.9506944, -0.27405483, 0.14516959), (0.92481613, -0.35162613, 0.14516965), (0.92481494, -0.3516248, 0.14518024), (0.92481387, -0.3516293, 0.145176), (0.97007734, -0.1946093, 0.14518033), (0.970079, -0.19461091, 0.14516634), (0.9506954, -0.27405295, 0.14516653), (0.9888783, -0.032286223, 0.14518037), (0.9888783, -0.032286264, 0.14518021), (0.9828346, -0.11383691, 0.14518014), (0.98283523, -0.11383733, 0.14517581), (0.9700785, -0.19460635, 0.14517592), (0.980705, 0.13091849, 0.14518246), (0.9881668, 0.049481627, 0.14518261), (0.9881684, 0.049484875, 0.1451707), (0.9881673, 0.049485635, 0.14517799), (0.98887867, -0.03228597, 0.14517799), (0.945781, 0.2905512, 0.14518403), (0.94578195, 0.29055065, 0.14517859), (0.9665449, 0.2114571, 0.14517878), (0.966546, 0.21145682, 0.1451719), (0.9665438, 0.21146163, 0.14517905), (0.9185589, 0.36766115, 0.14517215), (0.91855794, 0.3676613, 0.14517777), (0.9457815, 0.29055247, 0.1451775), (0.84551567, 0.51383704, 0.14517193), (0.84551436, 0.51383764, 0.1451769), (0.88505954, 0.44225922, 0.1451769), (0.88506037, 0.4422592, 0.1451721), (0.9185588, 0.36766142, 0.14517196), (0.7494075, 0.6459953, 0.14518447), (0.8001929, 0.5819045, 0.14518479), (0.80019313, 0.5819029, 0.14518914), (0.8001966, 0.58190286, 0.14516978), (0.8455158, 0.5138375, 0.1451694), (0.63286, 0.7605335, 0.14517924), (0.6328617, 0.7605337, 0.14517109), (0.6935045, 0.7056748, 0.14517103), (0.69350314, 0.70567435, 0.14517978), (0.6935031, 0.70567435, 0.14517981), (0.56789464, 0.81019795, 0.14517191), (0.5678938, 0.8101976, 0.14517777), (0.63285995, 0.760534, 0.1451773), (0.426795, 0.8926193, 0.14517868), (0.42679542, 0.8926193, 0.14517704), (0.49904904, 0.8543264, 0.14517707), (0.49904954, 0.8543267, 0.14517337), (0.5678979, 0.8101953, 0.14517388), (0.27405378, 0.9506946, 0.14516959), (0.35162878, 0.9248151, 0.14516963), (0.35162655, 0.92481726, 0.14516151), (0.3516244, 0.9248158, 0.14517595), (0.42679486, 0.8926197, 0.14517619), (0.03228605, 0.9888783, 0.14518021), (0.113839164, 0.9828344, 0.14518012), (0.11383716, 0.9828363, 0.14516869), (0.11383609, 0.9828353, 0.14517581), (0.19460943, 0.9700779, 0.14517593), (0.19460887, 0.9700772, 0.14518094), (0.19461542, 0.9700781, 0.1451664), (0.046023287, -0.9190436, 0.39145973), (0.049484782, -0.9881666, 0.14518262), (0.049484458, -0.9881673, 0.145178), (0.03002774, 0.91970426, 0.39146188), (0.10587383, 0.91408336, 0.39146182), (0.10587385, 0.9140829, 0.39146274), (0.18099593, 0.90221816, 0.39146245), (0.18099593, 0.9022184, 0.391462), (0.25488293, 0.8841901, 0.39146203), (0.25488275, 0.88418746, 0.39146808), (0.32702774, 0.8601197, 0.39146772), (0.32702821, 0.8601223, 0.39146164), (0.3969398, 0.8301787, 0.3914615), (0.3969398, 0.8301786, 0.39146158), (0.46413943, 0.79456437, 0.3914615), (0.46413907, 0.7945633, 0.39146405), (0.5281682, 0.75352144, 0.3914637), (0.5281691, 0.75352365, 0.39145818), (0.588591, 0.7073336, 0.39145857), (0.5885898, 0.70733136, 0.39146453), (0.6449907, 0.6563096, 0.3914647), (0.6449936, 0.65631396, 0.39145273), (0.69698864, 0.6008094, 0.39145225), (0.69698805, 0.6008086, 0.39145446), (0.74422175, 0.5412004, 0.39145374), (0.7442204, 0.54119885, 0.39145857), (0.7863705, 0.47789276, 0.39145863), (0.7863661, 0.47788873, 0.3914725), (0.8231433, 0.41132, 0.39147276), (0.8231441, 0.41132057, 0.3914708), (0.8542991, 0.34194064, 0.39147106), (0.85430336, 0.34194335, 0.39145952), (0.87962306, 0.27022702, 0.39145976), (0.87962216, 0.27022654, 0.3914619), (0.8989329, 0.19666523, 0.39146194), (0.8989328, 0.19666521, 0.39146203), (0.91210294, 0.121760264, 0.3914622), (0.9121026, 0.12176012, 0.39146313), (0.9190421, 0.046023216, 0.3914631), (0.9190436, 0.04602356, 0.3914598), (0.91970515, -0.030027766, 0.3914598), (0.91970426, -0.030027913, 0.39146185), (0.9140833, -0.1058738, 0.3914618), (0.914083, -0.10587382, 0.39146277), (0.90221816, -0.18099593, 0.39146245), (0.9022184, -0.18099593, 0.391462), (0.8841901, -0.25488293, 0.39146203), (0.88418746, -0.25488275, 0.39146808), (0.8601197, -0.32702774, 0.39146772), (0.8601223, -0.32702821, 0.39146164), (0.8301787, -0.3969398, 0.3914615), (0.8301786, -0.3969398, 0.39146158), (0.7945647, -0.4641388, 0.3914615), (0.79456365, -0.46413848, 0.39146405), (0.75352144, -0.5281682, 0.3914637), (0.75352365, -0.5281691, 0.39145818), (0.7073336, -0.588591, 0.39145857), (0.70733136, -0.5885898, 0.39146453), (0.6563096, -0.6449907, 0.3914647), (0.65631396, -0.6449936, 0.39145273), (0.6008094, -0.69698864, 0.39145225), (0.6008086, -0.69698805, 0.39145446), (0.5412004, -0.74422175, 0.39145374), (0.54119885, -0.7442204, 0.39145857), (0.47789338, -0.78637016, 0.39145866), (0.47788933, -0.78636575, 0.39147243), (0.41132, -0.8231433, 0.39147276), (0.41132057, -0.8231441, 0.3914708), (0.34194064, -0.8542991, 0.39147106), (0.34194335, -0.85430336, 0.39145952), (0.2702271, -0.879623, 0.39145973), (0.27022663, -0.8796221, 0.3914619), (0.19666523, -0.8989329, 0.39146194), (0.19666521, -0.8989328, 0.39146203), (0.12176028, -0.91210294, 0.39146218), (0.12176015, -0.9121025, 0.39146316), (0.046023495, -0.9190421, 0.3914631), (0.039546583, -0.7897048, 0.6122111), (0.025802203, 0.7902778, 0.61220527), (0.09097468, 0.78544784, 0.6122053), (0.0909747, 0.78544575, 0.6122079), (0.15552467, 0.7752506, 0.61220795), (0.15552466, 0.7752506, 0.61220795), (0.21901417, 0.75975955, 0.61220765), (0.21901418, 0.75975966, 0.6122076), (0.2810061, 0.7390788, 0.6122075), (0.28100702, 0.7390826, 0.6122026), (0.34108078, 0.7133525, 0.61220264), (0.3410794, 0.7133484, 0.61220825), (0.3988219, 0.68274635, 0.6122079), (0.39882228, 0.6827472, 0.61220664), (0.45384058, 0.6474812, 0.6122065), (0.45383987, 0.6474799, 0.6122085), (0.5057588, 0.6077901, 0.6122085), (0.50576323, 0.60779715, 0.6121978), (0.55422795, 0.5639553, 0.6121975), (0.55422646, 0.56395334, 0.6122007), (0.5989038, 0.51625925, 0.6122015), (0.59890044, 0.5162556, 0.6122078), (0.6394863, 0.465036, 0.612208), (0.6394873, 0.46503696, 0.61220634), (0.6757068, 0.41063854, 0.6122062), (0.6757107, 0.41064164, 0.6121998), (0.7073129, 0.35344037, 0.6121997), (0.70731306, 0.35344046, 0.61219937), (0.7340839, 0.29382437, 0.6121994), (0.7340778, 0.293821, 0.61220825), (0.7558342, 0.23219794, 0.6122082), (0.7558373, 0.23219936, 0.6122037), (0.7724306, 0.16898951, 0.6122037), (0.772427, 0.16898824, 0.61220866), (0.78374374, 0.104625, 0.61220866), (0.7837474, 0.10462598, 0.6122038), (0.7897104, 0.039546862, 0.61220384), (0.7897048, 0.039545868, 0.6122111), (0.7902733, -0.025802054, 0.6122111), (0.79027784, -0.025801623, 0.61220527), (0.78544784, -0.090974644, 0.6122053), (0.78544563, -0.09097469, 0.6122082), (0.7752504, -0.15552461, 0.6122083), (0.7752504, -0.1555246, 0.61220825), (0.7597592, -0.21901406, 0.6122081), (0.7597596, -0.21901414, 0.61220753), (0.7390788, -0.2810061, 0.6122075), (0.7390826, -0.28100702, 0.6122026), (0.7133525, -0.34108078, 0.61220264), (0.7133484, -0.3410794, 0.61220825), (0.6827469, -0.39882097, 0.61220795), (0.6827478, -0.39882135, 0.61220664), (0.6474812, -0.45384058, 0.6122065), (0.6474799, -0.45383987, 0.6122085), (0.6077901, -0.5057588, 0.6122085), (0.60779715, -0.50576323, 0.6121978), (0.5639553, -0.55422795, 0.6121975), (0.56395334, -0.55422646, 0.6122007), (0.51625925, -0.5989038, 0.6122015), (0.5162556, -0.59890044, 0.6122078), (0.465036, -0.6394863, 0.612208), (0.46503696, -0.6394873, 0.61220634), (0.41063946, -0.6757062, 0.6122062), (0.41064256, -0.6757101, 0.6121997), (0.35344037, -0.7073129, 0.6121997), (0.35344046, -0.70731306, 0.61219937), (0.29382437, -0.7340839, 0.6121994), (0.293821, -0.7340778, 0.61220825), (0.23219801, -0.75583416, 0.6122081), (0.23219962, -0.7558377, 0.61220324), (0.16898958, -0.77243096, 0.6122033), (0.16898829, -0.7724273, 0.61220825), (0.104625046, -0.78374386, 0.6122084), (0.10462595, -0.7837474, 0.61220384), (0.03954615, -0.78971034, 0.6122039), (0.030476766, -0.60860085, 0.7928911), (0.019884264, 0.609035, 0.792894), (0.07011069, 0.60531276, 0.79289407), (0.07011075, 0.6053167, 0.79289097), (0.11985764, 0.5974597, 0.792891), (0.11985688, 0.597452, 0.7928969), (0.16878468, 0.58551365, 0.79289687), (0.16878577, 0.5855195, 0.79289234), (0.21656081, 0.5695813, 0.7928926), (0.2165592, 0.56957537, 0.7928973), (0.26285508, 0.54974663, 0.79289716), (0.26285824, 0.54975533, 0.79289), (0.30735904, 0.52617055, 0.7928903), (0.30735767, 0.5261676, 0.7928927), (0.34975797, 0.49898934, 0.79289275), (0.34975603, 0.49898592, 0.79289585), (0.38976708, 0.46839958, 0.79289556), (0.38976783, 0.46840072, 0.79289454), (0.42711756, 0.43461365, 0.7928944), (0.427116, 0.43461174, 0.79289633), (0.46154732, 0.39785644, 0.7928961), (0.46154842, 0.39785758, 0.79289496), (0.49282634, 0.3583847, 0.7928951), (0.49282676, 0.35838506, 0.7928946), (0.5207394, 0.3164621, 0.7928948), (0.5207411, 0.31646338, 0.7928933), (0.54509515, 0.27238107, 0.79289335), (0.5450916, 0.2723789, 0.7928965), (0.5657227, 0.2264354, 0.79289657), (0.565728, 0.22643815, 0.79289186), (0.582495, 0.17894718, 0.79289186), (0.5824907, 0.17894539, 0.7928954), (0.5952783, 0.13023241, 0.79289544), (0.59528273, 0.13023384, 0.7928919), (0.6040041, 0.08063123, 0.7928919), (0.603999, 0.080630034, 0.792896), (0.6085945, 0.03047644, 0.792896), (0.60860074, 0.030477392, 0.792891), (0.60903895, -0.01988439, 0.7928911), (0.609035, -0.019884648, 0.792894), (0.60531276, -0.070110686, 0.79289407), (0.60531664, -0.07011074, 0.792891), (0.5974595, -0.11985761, 0.79289114), (0.5974519, -0.11985686, 0.79289687), (0.5855137, -0.16878466, 0.79289687), (0.58551955, -0.16878572, 0.7928923), (0.5695813, -0.21656081, 0.7928926), (0.56957537, -0.2165592, 0.7928973), (0.54974663, -0.26285508, 0.79289716), (0.54975533, -0.26285824, 0.79289), (0.5261712, -0.30735776, 0.7928903), (0.52616835, -0.30735648, 0.7928927), (0.49898934, -0.34975797, 0.79289275), (0.49898592, -0.34975603, 0.79289585), (0.46839958, -0.38976708, 0.79289556), (0.46840072, -0.38976783, 0.79289454), (0.43461365, -0.42711756, 0.7928944), (0.43461174, -0.427116, 0.79289633), (0.39785644, -0.46154732, 0.7928961), (0.39785758, -0.46154842, 0.79289496), (0.3583847, -0.49282634, 0.7928951), (0.35838506, -0.49282676, 0.7928946), (0.3164633, -0.52073866, 0.79289484), (0.3164646, -0.52074033, 0.79289323), (0.27238107, -0.54509515, 0.79289335), (0.2723789, -0.5450916, 0.7928965), (0.2264354, -0.5657227, 0.79289657), (0.22643815, -0.565728, 0.79289186), (0.17894728, -0.582495, 0.79289186), (0.17894551, -0.5824906, 0.79289544), (0.13023241, -0.5952783, 0.79289544), (0.13023384, -0.59528273, 0.7928919), (0.08063123, -0.6040041, 0.7928919), (0.08063002, -0.603999, 0.7928959), (0.030477075, -0.60859436, 0.792896), (0.01940384, -0.3874738, 0.92167646), (0.019403776, -0.38747552, 0.92167574), (0.051335253, -0.38454974, 0.9216758), (0.051334467, -0.38454616, 0.9216773), (0.08291452, -0.37899354, 0.92167735), (0.082915634, -0.37899712, 0.92167574), (0.113929816, -0.37085548, 0.9216758), (0.11392882, -0.370853, 0.92167693), (0.1441648, -0.36017808, 0.9216769), (0.14416477, -0.36017802, 0.92167693), (0.17341535, -0.34704298, 0.9216769), (0.1734145, -0.3470416, 0.9216776), (0.2014807, -0.3315357, 0.9216776), (0.20148267, -0.33153838, 0.9216763), (0.2281726, -0.31376767, 0.9216763), (0.22817361, -0.3137688, 0.9216756), (0.25330487, -0.29385486, 0.9216757), (0.25330377, -0.2938538, 0.9216763), (0.27670518, -0.27193224, 0.9216763), (0.27670112, -0.2719289, 0.9216784), (0.29821208, -0.24815059, 0.92167825), (0.29821897, -0.24815537, 0.9216747), (0.31769305, -0.2226813, 0.9216746), (0.31768894, -0.22267888, 0.92167664), (0.33499333, -0.1956824, 0.92167664), (0.33499283, -0.19568215, 0.92167693), (0.35000739, -0.16735153, 0.92167693), (0.3500086, -0.16735199, 0.9216764), (0.3626328, -0.13787732, 0.9216764), (0.36263356, -0.13787752, 0.92167604), (0.37278092, -0.10746023, 0.92167604), (0.37278014, -0.107460074, 0.92167634), (0.38038078, -0.07630943, 0.9216764), (0.3803803, -0.07630938, 0.92167664), (0.38538274, -0.044636946, 0.92167664), (0.385383, -0.044636946, 0.92167646), (0.3877528, -0.0126599055, 0.92167646), (0.38775268, -0.0126599055, 0.92167646), (0.3874738, 0.019403687, 0.9216765), (0.3874755, 0.019403923, 0.9216757), (0.3845497, 0.051335257, 0.9216757), (0.38454616, 0.05133447, 0.9216773), (0.37899354, 0.08291452, 0.92167735), (0.37899712, 0.082915634, 0.92167574), (0.37085548, 0.11392974, 0.92167574), (0.370853, 0.11392873, 0.9216768), (0.36017808, 0.1441648, 0.9216769), (0.36017802, 0.14416477, 0.92167693), (0.34704298, 0.17341535, 0.9216769), (0.3470416, 0.1734145, 0.9216776), (0.3315365, 0.20147924, 0.9216776), (0.33153927, 0.20148125, 0.92167616), (0.31376767, 0.2281726, 0.9216763), (0.3137688, 0.22817361, 0.9216756), (0.29385486, 0.25330487, 0.9216757), (0.2938538, 0.25330377, 0.9216763), (0.27193224, 0.27670518, 0.9216763), (0.2719289, 0.27670112, 0.9216784), (0.24815059, 0.29821208, 0.92167825), (0.24815537, 0.29821897, 0.9216747), (0.2226813, 0.31769305, 0.9216746), (0.22267888, 0.31768894, 0.92167664), (0.19568384, 0.33499247, 0.9216767), (0.19568361, 0.33499202, 0.9216769), (0.16735153, 0.35000739, 0.92167693), (0.16735199, 0.3500086, 0.9216764), (0.13787732, 0.3626328, 0.9216764), (0.13787752, 0.36263356, 0.92167604), (0.107460245, 0.3727809, 0.92167604), (0.1074601, 0.37278014, 0.92167634), (0.07630944, 0.3803808, 0.9216764), (0.07630939, 0.38038027, 0.9216766), (0.044636946, 0.38538274, 0.92167664), (0.044636946, 0.385383, 0.92167646), (0.012659909, 0.38775277, 0.92167646), (0.019884776, 0.6090389, 0.792891), (0.0046017272, 0.14094736, 0.9900063), (0.0046018995, 0.14094889, 0.99000615), (0.016225712, 0.14008747, 0.9900062), (0.016225504, 0.1400864, 0.9900064), (0.027738238, 0.13826802, 0.9900063), (0.027738793, 0.13826996, 0.9900061), (0.039062276, 0.13550702, 0.9900061), (0.039061677, 0.13550542, 0.99000627), (0.05011825, 0.13181692, 0.99000627), (0.05011883, 0.13181815, 0.9900061), (0.060833026, 0.12722914, 0.99000615), (0.06083273, 0.12722863, 0.9900062), (0.07113149, 0.121770546, 0.99000615), (0.0711317, 0.121770844, 0.9900061), (0.08094441, 0.115480885, 0.99000615), (0.08094352, 0.11547981, 0.9900064), (0.09020337, 0.108401045, 0.9900063), (0.0902045, 0.108402215, 0.9900061), (0.098848134, 0.10058309, 0.9900061), (0.09884804, 0.100583, 0.9900061), (0.1068166, 0.092076585, 0.99000615), (0.106816225, 0.0920763, 0.9900062), (0.11405507, 0.08294099, 0.99000615), (0.11405393, 0.08294029, 0.9900064), (0.120514505, 0.07323706, 0.9900063), (0.12051592, 0.07323778, 0.9900062), (0.12615146, 0.06303717, 0.99000615), (0.12615187, 0.06303736, 0.9900061), (0.13092661, 0.05240449, 0.990006), (0.13092478, 0.052403923, 0.99000627), (0.13480508, 0.04141322, 0.9900063), (0.13480544, 0.0414133, 0.99000627), (0.13776493, 0.030139642, 0.99000627), (0.13776545, 0.030139716, 0.9900062), (0.1397838, 0.01866036, 0.99000615), (0.13978375, 0.018660357, 0.9900062), (0.14084731, 0.0070531648, 0.99000627), (0.14084598, 0.0070532034, 0.9900064), (0.14094737, -0.0046017272, 0.99000645), (0.14094889, -0.0046019, 0.99000615), (0.14008747, -0.016225712, 0.9900062), (0.1400864, -0.016225504, 0.9900064), (0.13826802, -0.027738234, 0.9900063), (0.13826999, -0.027738793, 0.9900061), (0.13550703, -0.03906227, 0.9900061), (0.13550545, -0.039061677, 0.99000627), (0.13181692, -0.05011825, 0.99000627), (0.13181815, -0.05011883, 0.9900061), (0.12722914, -0.060833026, 0.99000615), (0.12722863, -0.06083273, 0.9900062), (0.1217714, -0.0711299, 0.9900062), (0.12177181, -0.071130194, 0.9900061), (0.115480885, -0.08094441, 0.99000615), (0.11547981, -0.08094352, 0.9900064), (0.108401045, -0.09020337, 0.9900063), (0.108402215, -0.0902045, 0.9900061), (0.10058309, -0.098848134, 0.9900061), (0.100583, -0.09884804, 0.9900061), (0.092076585, -0.1068166, 0.99000615), (0.0920763, -0.106816225, 0.9900062), (0.08294099, -0.11405507, 0.99000615), (0.08294029, -0.11405393, 0.9900064), (0.07323857, -0.1205135, 0.9900063), (0.07323934, -0.12051504, 0.9900062), (0.06303717, -0.12615146, 0.99000615), (0.06303736, -0.12615187, 0.9900061), (0.05240449, -0.13092661, 0.990006), (0.052403923, -0.13092478, 0.99000627), (0.041413244, -0.13480507, 0.9900063), (0.04141332, -0.13480541, 0.99000627), (0.030139642, -0.13776493, 0.99000627), (0.030139716, -0.13776545, 0.9900062), (0.01866036, -0.13978381, 0.99000627), (0.018660357, -0.13978377, 0.9900062), (0.0070531648, -0.14084728, 0.99000615), (0.0070532043, -0.14084598, 0.9900064), (-0.012659902, -0.38775268, 0.9216765), (-0.025801474, -0.79027325, 0.61221105), (-0.030027945, -0.9197051, 0.3914598), (-0.032286238, -0.98887867, 0.14517798), (-0.2740541, -0.950695, 0.1451665), (-0.74940825, -0.64599544, 0.14517966), (-0.98070556, -0.13091828, 0.14517914), (-0.89261967, 0.42679518, 0.1451762), (-0.29055157, 0.94578177, 0.14517748), (-0.13091953, 0.9807049, 0.14518246), (-0.13091835, 0.9807061, 0.14517564), (-0.29055163, 0.94578165, 0.14517859), (-0.21145794, 0.96654475, 0.1451788), (-0.21145707, 0.9665447, 0.14518075), (-0.21145695, 0.9665448, 0.14517912), (-0.13091782, 0.98070556, 0.14517912), (-0.44225946, 0.8850602, 0.1451724), (-0.44225946, 0.8850602, 0.14517218), (-0.36766115, 0.9185588, 0.14517196), (-0.36766127, 0.91855764, 0.14517888), (-0.367661, 0.91855794, 0.14517765), (-0.5819045, 0.8001943, 0.14517668), (-0.58189297, 0.8002039, 0.14516972), (-0.51383746, 0.8455158, 0.1451694), (-0.51383734, 0.84551454, 0.14517725), (-0.44225836, 0.88506, 0.1451769), (-0.64599437, 0.749407, 0.14519122), (-0.6459941, 0.7494085, 0.14518446), (-0.5819033, 0.8001937, 0.14518479), (-0.70567465, 0.6935044, 0.14517234), (-0.70567435, 0.69350314, 0.14517978), (-0.6459967, 0.7494071, 0.14517966), (-0.81019694, 0.56789386, 0.14518127), (-0.8101967, 0.56789505, 0.14517757), (-0.76053363, 0.6328602, 0.14517727), (-0.76053405, 0.6328611, 0.14517142), (-0.70567524, 0.69350404, 0.14517103), (-0.89261955, 0.42679507, 0.145177), (-0.85432607, 0.49904966, 0.14517708), (-0.8543265, 0.49904943, 0.14517523), (-0.8543264, 0.49904913, 0.14517713), (-0.81019765, 0.56789386, 0.1451772), (-0.95069396, 0.2740537, 0.14517394), (-0.9506944, 0.2740546, 0.14516947), (-0.92481613, 0.35162613, 0.14516965), (-0.92481494, 0.3516248, 0.14518024), (-0.92481387, 0.3516293, 0.145176), (-0.97007734, 0.1946093, 0.14518033), (-0.970079, 0.19461091, 0.14516634), (-0.9506954, 0.27405295, 0.14516653), (-0.9888783, 0.032286223, 0.14518037), (-0.9888783, 0.032286264, 0.14518021), (-0.9828346, 0.11383693, 0.14518014), (-0.9828352, 0.11383733, 0.14517581), (-0.9700785, 0.19460635, 0.14517592), (-0.980705, -0.13091849, 0.14518246), (-0.9881668, -0.049481608, 0.14518261), (-0.9881684, -0.049484868, 0.14517064), (-0.9881673, -0.049485635, 0.14517799), (-0.98887867, 0.03228597, 0.14517798), (-0.9457808, -0.29055128, 0.14518483), (-0.94578195, -0.29055065, 0.14517859), (-0.9665449, -0.2114571, 0.14517878), (-0.966546, -0.21145682, 0.1451719), (-0.9665438, -0.21146163, 0.14517905), (-0.9185589, -0.36766115, 0.14517215), (-0.91855794, -0.3676613, 0.14517777), (-0.94578147, -0.29055277, 0.14517751), (-0.8455151, -0.51383734, 0.14517412), (-0.84551436, -0.51383764, 0.1451769), (-0.88505954, -0.44225922, 0.1451769), (-0.88506037, -0.4422592, 0.1451721), (-0.9185588, -0.36766142, 0.14517196), (-0.7494075, -0.6459953, 0.14518447), (-0.8001929, -0.5819045, 0.14518479), (-0.80019313, -0.5819029, 0.14518914), (-0.8001966, -0.58190286, 0.14516978), (-0.8455154, -0.5138381, 0.1451694), (-0.6328608, -0.7605336, 0.14517523), (-0.6328617, -0.7605337, 0.14517109), (-0.6935045, -0.7056748, 0.14517103), (-0.69350314, -0.70567435, 0.14517978), (-0.6935031, -0.70567435, 0.14517981), (-0.56789464, -0.81019795, 0.14517191), (-0.5678938, -0.8101976, 0.14517777), (-0.6328609, -0.76053315, 0.14517729), (-0.426795, -0.8926193, 0.14517868), (-0.42679542, -0.8926193, 0.14517704), (-0.49904904, -0.8543264, 0.14517707), (-0.49904954, -0.8543267, 0.14517337), (-0.5678979, -0.8101953, 0.14517388), (-0.27405378, -0.9506946, 0.14516959), (-0.35162878, -0.9248151, 0.14516963), (-0.35162655, -0.92481726, 0.14516151), (-0.3516244, -0.9248158, 0.14517595), (-0.42679486, -0.8926197, 0.14517619), (-0.03228605, -0.9888783, 0.14518021), (-0.113839164, -0.9828344, 0.14518012), (-0.11383712, -0.9828363, 0.14516853), (-0.11383604, -0.9828353, 0.14517576), (-0.19460943, -0.9700779, 0.14517593), (-0.19460887, -0.9700772, 0.14518094), (-0.19461542, -0.9700781, 0.1451664), (-0.04602329, 0.9190436, 0.39145982), (-0.049484786, 0.9881666, 0.14518262), (-0.049484458, 0.9881673, 0.14517796), (-0.03002774, -0.91970426, 0.39146188), (-0.1058738, -0.9140833, 0.3914618), (-0.10587384, -0.91408294, 0.3914628), (-0.18099593, -0.90221816, 0.39146245), (-0.18099593, -0.9022184, 0.391462), (-0.25488293, -0.8841901, 0.39146203), (-0.25488275, -0.88418746, 0.39146808), (-0.32702774, -0.8601197, 0.39146772), (-0.32702821, -0.8601223, 0.39146164), (-0.3969398, -0.8301787, 0.3914615), (-0.3969398, -0.8301786, 0.39146158), (-0.46413943, -0.79456437, 0.3914615), (-0.46413907, -0.7945633, 0.39146405), (-0.5281682, -0.75352144, 0.3914637), (-0.5281691, -0.75352365, 0.39145818), (-0.5885914, -0.7073333, 0.39145857), (-0.58859015, -0.707331, 0.3914645), (-0.6449907, -0.6563096, 0.3914647), (-0.6449936, -0.65631396, 0.39145273), (-0.69698864, -0.6008094, 0.39145225), (-0.69698805, -0.6008086, 0.39145446), (-0.74422175, -0.5412004, 0.39145374), (-0.7442204, -0.54119885, 0.39145857), (-0.7863698, -0.477894, 0.3914587), (-0.7863654, -0.47788996, 0.39147243), (-0.8231433, -0.41132, 0.39147276), (-0.8231441, -0.41132057, 0.3914708), (-0.8542991, -0.34194064, 0.39147106), (-0.85430336, -0.34194335, 0.39145952), (-0.879623, -0.2702271, 0.39145973), (-0.8796221, -0.27022663, 0.3914619), (-0.8989329, -0.19666523, 0.39146194), (-0.8989328, -0.19666521, 0.39146203), (-0.91210294, -0.121760264, 0.3914622), (-0.9121026, -0.12176012, 0.39146313), (-0.9190422, -0.046023216, 0.39146313), (-0.9190435, -0.04602355, 0.39145976), (-0.91970515, 0.030027766, 0.3914598), (-0.91970426, 0.030027913, 0.39146185), (-0.9140833, 0.1058738, 0.3914618), (-0.91408294, 0.10587384, 0.3914628), (-0.90221816, 0.18099593, 0.39146245), (-0.9022184, 0.18099593, 0.391462), (-0.88419014, 0.2548828, 0.39146203), (-0.8841875, 0.25488263, 0.3914681), (-0.8601197, 0.32702774, 0.39146772), (-0.8601223, 0.32702821, 0.39146164), (-0.8301787, 0.3969398, 0.3914615), (-0.8301786, 0.3969398, 0.39146158), (-0.794564, 0.46414003, 0.39146143), (-0.79456294, 0.4641397, 0.3914641), (-0.75352144, 0.5281682, 0.3914637), (-0.75352365, 0.5281691, 0.39145818), (-0.7073336, 0.588591, 0.39145857), (-0.70733136, 0.5885898, 0.39146453), (-0.6563096, 0.6449907, 0.3914647), (-0.65631396, 0.6449936, 0.39145273), (-0.6008094, 0.69698864, 0.39145225), (-0.6008086, 0.69698805, 0.39145446), (-0.5412008, 0.7442215, 0.39145377), (-0.54119927, 0.7442201, 0.39145857), (-0.47789338, 0.78637016, 0.39145866), (-0.47788933, 0.78636575, 0.39147243), (-0.41132, 0.8231433, 0.39147276), (-0.41132057, 0.8231441, 0.3914708), (-0.34194064, 0.8542991, 0.39147106), (-0.34194335, 0.85430336, 0.39145952), (-0.2702271, 0.879623, 0.39145973), (-0.27022663, 0.8796221, 0.3914619), (-0.19666523, 0.8989329, 0.39146194), (-0.19666521, 0.8989328, 0.39146203), (-0.121760264, 0.91210294, 0.3914622), (-0.12176012, 0.9121026, 0.39146313), (-0.046023495, 0.9190421, 0.3914631), (-0.03954658, 0.78970474, 0.6122111), (-0.025802203, -0.7902778, 0.61220527), (-0.09097466, -0.78544784, 0.61220527), (-0.09097469, -0.7854454, 0.6122083), (-0.15552455, -0.7752501, 0.6122086), (-0.15552455, -0.7752501, 0.61220866), (-0.21901397, -0.75975883, 0.61220866), (-0.2190141, -0.75975966, 0.6122076), (-0.2810061, -0.7390788, 0.6122075), (-0.28100702, -0.7390826, 0.6122026), (-0.34108078, -0.7133525, 0.61220264), (-0.3410794, -0.7133484, 0.61220825), (-0.3988219, -0.68274635, 0.6122079), (-0.39882228, -0.6827472, 0.61220664), (-0.45384058, -0.6474812, 0.6122065), (-0.45383987, -0.6474799, 0.6122085), (-0.5057592, -0.6077898, 0.6122085), (-0.5057636, -0.60779685, 0.6121978), (-0.55422795, -0.5639553, 0.6121975), (-0.55422646, -0.56395334, 0.6122007), (-0.5989038, -0.51625925, 0.6122015), (-0.59890044, -0.5162556, 0.6122078), (-0.6394863, -0.465036, 0.612208), (-0.6394873, -0.46503696, 0.61220634), (-0.6757056, -0.4106404, 0.6122062), (-0.67570955, -0.4106435, 0.61219966), (-0.7073129, -0.35344037, 0.6121997), (-0.70731306, -0.35344046, 0.61219937), (-0.7340839, -0.29382437, 0.6121994), (-0.7340778, -0.293821, 0.61220825), (-0.75583416, -0.23219801, 0.6122081), (-0.7558373, -0.23219945, 0.6122037), (-0.7724306, -0.16898951, 0.6122037), (-0.772427, -0.16898824, 0.61220866), (-0.78374374, -0.104625, 0.61220866), (-0.78374726, -0.104625925, 0.61220396), (-0.78971034, -0.039546855, 0.61220396), (-0.7897048, -0.03954587, 0.6122111), (-0.7902733, 0.025802054, 0.6122111), (-0.79027784, 0.025801623, 0.61220527), (-0.78544784, 0.09097466, 0.61220527), (-0.7854456, 0.09097469, 0.6122082), (-0.7752504, 0.15552461, 0.6122083), (-0.7752504, 0.1555246, 0.61220825), (-0.75975925, 0.21901397, 0.6122082), (-0.75975966, 0.21901402, 0.6122075), (-0.7390788, 0.2810061, 0.6122075), (-0.7390826, 0.28100702, 0.6122026), (-0.7133525, 0.34108078, 0.61220264), (-0.7133484, 0.3410794, 0.61220825), (-0.6827458, 0.39882284, 0.6122079), (-0.68274665, 0.39882326, 0.6122067), (-0.6474812, 0.45384058, 0.6122065), (-0.6474799, 0.45383987, 0.6122085), (-0.6077901, 0.5057588, 0.6122085), (-0.60779715, 0.50576323, 0.6121978), (-0.5639553, 0.55422795, 0.6121975), (-0.56395334, 0.55422646, 0.6122007), (-0.51625925, 0.5989038, 0.6122015), (-0.51625836, 0.59890294, 0.61220306), (-0.46503827, 0.6394887, 0.6122039), (-0.46503696, 0.6394873, 0.61220634), (-0.41063946, 0.6757062, 0.6122062), (-0.41064256, 0.6757101, 0.6121997), (-0.35344037, 0.7073129, 0.6121997), (-0.35344046, 0.70731306, 0.61219937), (-0.29382437, 0.7340839, 0.6121994), (-0.293821, 0.7340778, 0.61220825), (-0.23219801, 0.75583416, 0.6122081), (-0.23219928, 0.7558369, 0.61220425), (-0.16898945, 0.77243036, 0.6122041), (-0.16898817, 0.7724267, 0.612209), (-0.10462497, 0.7837435, 0.61220884), (-0.10462597, 0.7837473, 0.61220384), (-0.03954615, 0.78971034, 0.6122039), (-0.030476766, 0.60860085, 0.7928911), (-0.019884264, -0.609035, 0.792894), (-0.07011071, -0.6053127, 0.79289407), (-0.070110776, -0.60531694, 0.79289085), (-0.119857684, -0.59745985, 0.7928908), (-0.11985691, -0.597452, 0.7928969), (-0.16878462, -0.5855137, 0.79289687), (-0.16878569, -0.58551955, 0.79289234), (-0.21656081, -0.5695813, 0.7928926), (-0.2165592, -0.56957537, 0.7928973), (-0.26285508, -0.54974663, 0.79289716), (-0.26285824, -0.54975533, 0.79289), (-0.30735904, -0.52617055, 0.7928903), (-0.30735767, -0.5261676, 0.7928927), (-0.34975797, -0.49898934, 0.79289275), (-0.34975603, -0.49898592, 0.79289585), (-0.38976735, -0.46839938, 0.79289556), (-0.3897681, -0.4684005, 0.7928946), (-0.42711756, -0.43461365, 0.7928944), (-0.427116, -0.43461174, 0.79289633), (-0.46154732, -0.39785644, 0.7928961), (-0.46154842, -0.39785758, 0.79289496), (-0.49282634, -0.3583847, 0.7928951), (-0.49282676, -0.35838506, 0.7928946), (-0.5207379, -0.3164645, 0.7928949), (-0.5207396, -0.31646582, 0.79289323), (-0.54509515, -0.27238107, 0.79289335), (-0.5450916, -0.2723789, 0.7928965), (-0.5657227, -0.2264354, 0.79289657), (-0.565728, -0.22643815, 0.79289186), (-0.582495, -0.17894726, 0.79289186), (-0.5824907, -0.17894547, 0.7928954), (-0.5952783, -0.13023241, 0.79289544), (-0.59528273, -0.13023384, 0.7928919), (-0.60400414, -0.08063122, 0.792892), (-0.603999, -0.08063001, 0.7928959), (-0.6085944, -0.030476443, 0.792896), (-0.6086008, -0.030477397, 0.7928911), (-0.60903895, 0.01988439, 0.7928911), (-0.609035, 0.019884648, 0.792894), (-0.60531276, 0.07011069, 0.79289407), (-0.6053168, 0.07011075, 0.7928909), (-0.59745973, 0.11985766, 0.7928909), (-0.597452, 0.11985689, 0.7928969), (-0.5855137, 0.16878459, 0.79289687), (-0.58551955, 0.16878565, 0.79289234), (-0.5695813, 0.21656081, 0.7928926), (-0.56957537, 0.2165592, 0.7928973), (-0.54974663, 0.26285508, 0.79289716), (-0.54975533, 0.26285824, 0.79289), (-0.52616984, 0.3073603, 0.7928903), (-0.52616686, 0.30735892, 0.79289275), (-0.49898934, 0.34975797, 0.79289275), (-0.49898592, 0.34975603, 0.79289585), (-0.46839958, 0.38976708, 0.79289556), (-0.46840072, 0.38976783, 0.79289454), (-0.43461365, 0.42711756, 0.7928944), (-0.43461174, 0.427116, 0.79289633), (-0.3978567, 0.46154708, 0.79289615), (-0.39785787, 0.4615482, 0.7928949), (-0.3583847, 0.49282634, 0.7928951), (-0.35838506, 0.49282676, 0.7928946), (-0.3164633, 0.52073866, 0.79289484), (-0.3164646, 0.52074033, 0.79289323), (-0.27238107, 0.54509515, 0.79289335), (-0.2723789, 0.5450916, 0.7928965), (-0.2264354, 0.5657227, 0.79289657), (-0.22643815, 0.565728, 0.79289186), (-0.17894721, 0.582495, 0.79289186), (-0.17894544, 0.5824907, 0.79289544), (-0.13023241, 0.5952783, 0.79289544), (-0.13023384, 0.59528273, 0.7928919), (-0.08063124, 0.6040041, 0.792892), (-0.08063004, 0.603999, 0.792896), (-0.030477075, 0.60859436, 0.792896), (-0.01940384, 0.3874738, 0.92167646), (-0.019403776, 0.38747552, 0.92167574), (-0.051335268, 0.38454974, 0.9216758), (-0.051334478, 0.3845462, 0.9216773), (-0.08291452, 0.37899354, 0.92167735), (-0.082915634, 0.37899712, 0.92167574), (-0.11392978, 0.37085554, 0.9216758), (-0.11392876, 0.37085298, 0.92167693), (-0.1441648, 0.36017808, 0.9216769), (-0.14416477, 0.36017802, 0.92167693), (-0.17341535, 0.34704298, 0.9216769), (-0.1734145, 0.3470416, 0.9216776), (-0.2014807, 0.3315357, 0.9216776), (-0.20148267, 0.33153838, 0.9216763), (-0.2281726, 0.31376767, 0.9216763), (-0.22817361, 0.3137688, 0.9216756), (-0.25330505, 0.2938547, 0.9216756), (-0.25330392, 0.29385364, 0.9216763), (-0.27670518, 0.27193224, 0.9216763), (-0.27670112, 0.2719289, 0.9216784), (-0.29821208, 0.24815059, 0.92167825), (-0.29821897, 0.24815537, 0.9216747), (-0.31769305, 0.2226813, 0.9216746), (-0.31768894, 0.22267888, 0.92167664), (-0.33499157, 0.19568524, 0.9216767), (-0.33499125, 0.19568507, 0.9216769), (-0.35000739, 0.16735153, 0.92167693), (-0.3500086, 0.16735199, 0.9216764), (-0.3626328, 0.13787732, 0.9216764), (-0.36263356, 0.13787752, 0.92167604), (-0.3727809, 0.10746018, 0.921676), (-0.37278014, 0.10746002, 0.9216764), (-0.3803808, 0.07630945, 0.92167634), (-0.38038027, 0.0763094, 0.9216766), (-0.38538274, 0.044636935, 0.9216765), (-0.385383, 0.044636946, 0.92167646), (-0.3877528, 0.0126599055, 0.92167646), (-0.38775268, 0.0126599055, 0.92167646), (-0.3874738, -0.019403689, 0.9216765), (-0.38747552, -0.019403925, 0.9216758), (-0.3845497, -0.051335245, 0.92167574), (-0.3845462, -0.05133446, 0.9216773), (-0.37899354, -0.08291452, 0.92167735), (-0.37899712, -0.082915634, 0.92167574), (-0.3708555, -0.1139298, 0.9216758), (-0.37085295, -0.11392878, 0.9216769), (-0.36017808, -0.1441648, 0.9216769), (-0.36017802, -0.14416477, 0.92167693), (-0.34704298, -0.17341535, 0.9216769), (-0.3470416, -0.1734145, 0.9216776), (-0.33153486, -0.20148218, 0.9216776), (-0.33153743, -0.20148405, 0.9216763), (-0.31376767, -0.2281726, 0.9216763), (-0.3137688, -0.22817361, 0.9216756), (-0.29385486, -0.25330487, 0.9216757), (-0.2938538, -0.25330377, 0.9216763), (-0.27193224, -0.27670518, 0.9216763), (-0.2719289, -0.27670112, 0.9216784), (-0.24815074, -0.2982119, 0.9216783), (-0.24815556, -0.29821885, 0.9216747), (-0.2226813, -0.31769305, 0.9216746), (-0.22267888, -0.31768894, 0.92167664), (-0.19568384, -0.33499247, 0.9216767), (-0.19568361, -0.33499202, 0.9216769), (-0.16735153, -0.35000739, 0.92167693), (-0.16735199, -0.3500086, 0.9216764), (-0.13787732, -0.3626328, 0.9216764), (-0.13787752, -0.36263356, 0.92167604), (-0.1074602, -0.37278092, 0.92167604), (-0.10746005, -0.37278014, 0.9216764), (-0.07630945, -0.38038078, 0.92167634), (-0.076309405, -0.3803803, 0.9216766), (-0.044636946, -0.38538274, 0.92167664), (-0.044636946, -0.385383, 0.92167646), (-0.012659909, -0.38775277, 0.92167646), (-0.019884776, -0.6090389, 0.792891), (-0.0046017272, -0.14094736, 0.9900063), (-0.0046018995, -0.14094889, 0.99000615), (-0.016225712, -0.14008747, 0.9900062), (-0.016225504, -0.1400864, 0.9900064), (-0.027738245, -0.13826802, 0.9900063), (-0.027738798, -0.13826996, 0.9900061), (-0.039062258, -0.13550702, 0.990006), (-0.03906167, -0.13550545, 0.9900063), (-0.05011825, -0.13181692, 0.99000627), (-0.05011883, -0.13181815, 0.9900061), (-0.060833026, -0.12722914, 0.99000615), (-0.06083273, -0.12722863, 0.9900062), (-0.07113149, -0.121770546, 0.99000615), (-0.0711317, -0.121770844, 0.9900061), (-0.08094441, -0.115480885, 0.99000615), (-0.08094352, -0.11547981, 0.9900064), (-0.09020343, -0.10840099, 0.9900063), (-0.09020456, -0.108402155, 0.9900061), (-0.098848134, -0.10058309, 0.9900061), (-0.09884804, -0.100583, 0.9900061), (-0.1068166, -0.092076585, 0.99000615), (-0.106816225, -0.0920763, 0.9900062), (-0.11405507, -0.08294099, 0.99000615), (-0.11405393, -0.08294029, 0.9900064), (-0.1205125, -0.07324007, 0.9900063), (-0.12051417, -0.07324091, 0.9900061), (-0.12615146, -0.06303717, 0.99000615), (-0.12615187, -0.06303736, 0.9900061), (-0.13092661, -0.05240449, 0.990006), (-0.13092478, -0.052403923, 0.99000627), (-0.13480508, -0.04141324, 0.9900063), (-0.13480544, -0.04141332, 0.99000627), (-0.13776493, -0.030139642, 0.99000627), (-0.13776545, -0.030139716, 0.9900062), (-0.1397838, -0.018660353, 0.99000615), (-0.13978377, -0.018660355, 0.9900062), (-0.14084728, -0.0070531648, 0.99000615), (-0.14084598, -0.0070532043, 0.9900064), (-0.14094737, 0.0046017272, 0.99000645), (-0.14094889, 0.0046019, 0.99000615), (-0.14008747, 0.016225712, 0.9900062), (-0.14008635, 0.016225494, 0.99000627), (-0.13826804, 0.027738241, 0.9900063), (-0.13826998, 0.027738798, 0.9900061), (-0.13550703, 0.039062254, 0.9900061), (-0.13550544, 0.039061654, 0.9900063), (-0.13181692, 0.05011825, 0.99000627), (-0.13181815, 0.05011883, 0.9900061), (-0.12722914, 0.060833026, 0.99000615), (-0.12722863, 0.06083273, 0.9900062), (-0.121769704, 0.07113309, 0.99000615), (-0.121769875, 0.07113321, 0.9900061), (-0.115480885, 0.08094441, 0.99000615), (-0.11547981, 0.08094352, 0.9900064), (-0.108401045, 0.09020337, 0.9900063), (-0.108402215, 0.0902045, 0.9900061), (-0.10058309, 0.098848134, 0.9900061), (-0.100583, 0.09884804, 0.9900061), (-0.092076644, 0.106816545, 0.9900061), (-0.09207636, 0.106816165, 0.9900062), (-0.08294099, 0.11405507, 0.99000615), (-0.08294029, 0.11405393, 0.9900064), (-0.07323857, 0.1205135, 0.9900063), (-0.07323934, 0.12051504, 0.9900062), (-0.06303717, 0.12615146, 0.99000615), (-0.06303736, 0.12615187, 0.9900061), (-0.05240449, 0.13092661, 0.990006), (-0.052403923, 0.13092478, 0.99000627), (-0.041413233, 0.13480508, 0.9900063), (-0.041413303, 0.13480543, 0.99000627), (-0.030139642, 0.13776493, 0.99000627), (-0.030139716, 0.13776545, 0.9900062), (-0.018660361, 0.13978378, 0.99000615), (-0.018660361, 0.13978377, 0.9900062), (-0.0070531648, 0.14084728, 0.99000615), (-0.0070532043, 0.14084598, 0.9900064), (0.066816434, -0.99761313, 0.017422779), (0.05001151, -0.99869215, 0.010624809), (0.13229421, -0.9910025, 0.020306556), (0.13229246, -0.9910026, 0.020306556), (0.182196, -0.9831925, 0.011713059), (0.21368171, -0.976714, 0.01923049), (0.2136827, -0.9767138, 0.01923049), (0.29509366, -0.9553545, 0.014746927), (0.2936332, -0.9558126, 0.014210247), (0.37152728, -0.9282174, 0.019491447), (0.40397567, -0.91456264, 0.019465262), (0.3715931, -0.92838085, 0.0052489084), (0.44690353, -0.8943539, 0.02020874), (0.44690263, -0.8943543, 0.020208739), (0.5074729, -0.8615714, 0.012881223), (0.51926446, -0.8544448, 0.016981054), (0.58802927, -0.8086424, 0.017861135), (0.6040171, -0.7967716, 0.017844306), (0.588106, -0.80872434, 0.009810275), (0.6527765, -0.7572766, 0.020371564), (0.6527786, -0.75727475, 0.020371564), (0.692495, -0.7213257, 0.011826702), (0.7131029, -0.7008036, 0.01893693), (0.7131029, -0.7008036, 0.018936928), (0.7715175, -0.6360261, 0.015217115), (0.7686063, -0.6395783, 0.013558002), (0.81871295, -0.5738644, 0.019719291), (0.8400731, -0.54211575, 0.01969156), (0.81886584, -0.57396924, 0.0042392793), (0.86330026, -0.5042911, 0.020078404), (0.8632999, -0.50429165, 0.020078404), (0.8974249, -0.44097, 0.013189655), (0.90205485, -0.43130642, 0.01649196), (0.9345607, -0.3553352, 0.018252302), (0.94247544, -0.33377767, 0.01823338), (0.9346805, -0.35537577, 0.008963117), (0.96067303, -0.27693135, 0.020404216), (0.96067363, -0.27692932, 0.020404216), (0.9749443, -0.22212675, 0.011972783), (0.980295, -0.19666037, 0.01861101), (0.98029584, -0.19665605, 0.018611012), (0.9940879, -0.107434765, 0.015720118), (0.9932767, -0.115046725, 0.012873495), (0.9992692, -0.03262552, 0.019914977), (0.99926925, -0.032625213, 0.019914981), (0.9998952, 0.008698579, 0.011566761), (0.99855036, 0.0500056, 0.019915052), (0.99855053, 0.050001584, 0.01991505), (0.9921001, 0.12471662, 0.013529874), (0.99108064, 0.13230357, 0.015970312), (0.97672445, 0.21368895, 0.01861112), (0.97083414, 0.23903018, 0.018590229), (0.97686285, 0.21371387, 0.008083087), (0.9557104, 0.29360077, 0.020404113), (0.95570976, 0.29360253, 0.020404112), (0.9366126, 0.35015598, 0.0121510895), (0.928239, 0.37153623, 0.018252311), (0.9282391, 0.37153602, 0.018252311), (0.88957715, 0.4564954, 0.016255127), (0.8944706, 0.44696143, 0.012156395), (0.8543957, 0.519235, 0.020078095), (0.854396, 0.51923454, 0.020078095), (0.8306203, 0.55671877, 0.011583215), (0.8086068, 0.58801883, 0.01971923), (0.80860484, 0.58802164, 0.01971923), (0.7603505, 0.6493641, 0.01390321), (0.7573427, 0.65283555, 0.015416264), (0.7008036, 0.7131029, 0.018937103), (0.6797668, 0.7331845, 0.018914348), (0.7009112, 0.7132125, 0.0071707834), (0.63950485, 0.7685171, 0.020371439), (0.6395037, 0.7685181, 0.020371439), (0.5901136, 0.80722564, 0.012361976), (0.5738831, 0.8187424, 0.01786136), (0.573887, 0.8187397, 0.017861357), (0.4923781, 0.8702188, 0.016822929), (0.50436014, 0.863418, 0.01140722), (0.43127736, 0.90199304, 0.020208733), (0.4312767, 0.90199333, 0.020208735), (0.38805085, 0.9215646, 0.011631979), (0.35532197, 0.93454075, 0.019491589), (0.35532606, 0.9345392, 0.019491587), (0.27843076, 0.96034974, 0.014308976), (0.27695748, 0.9607676, 0.014829693), (0.19666262, 0.9802826, 0.019230474), (0.16504467, 0.98609906, 0.019205945), (0.196689, 0.98044616, 0.006226549), (0.032626826, 0.9993156, 0.01743739), (0.049453914, 0.99869686, 0.012605597), (0.115034446, 0.9931539, 0.02030691), (0.115031265, 0.9931543, 0.02030691), (-0.06681644, 0.99761313, 0.017422782), (-0.050011512, 0.99869215, 0.010624813), (-0.13229421, 0.9910025, 0.02030657), (-0.13229242, 0.9910027, 0.020306569), (-0.18219598, 0.9831924, 0.011713073), (-0.21368174, 0.9767141, 0.019230511), (-0.21368271, 0.97671384, 0.01923051), (-0.29509374, 0.9553545, 0.014746952), (-0.2936332, 0.9558125, 0.014210239), (-0.37152728, 0.9282174, 0.019491436), (-0.40397564, 0.9145626, 0.01946525), (-0.3715931, 0.92838085, 0.0052489084), (-0.44690353, 0.8943539, 0.02020874), (-0.44690263, 0.8943543, 0.020208739), (-0.5074728, 0.8615714, 0.012881224), (-0.51926446, 0.8544448, 0.016981063), (-0.58802927, 0.8086424, 0.017861145), (-0.6040168, 0.7967718, 0.017844312), (-0.58810645, 0.80872405, 0.009810658), (-0.6527764, 0.7572766, 0.020371906), (-0.6527786, 0.75727475, 0.020371908), (-0.6924949, 0.7213257, 0.011827066), (-0.7131029, 0.7008036, 0.018937303), (-0.71310294, 0.7008036, 0.018937303), (-0.77151775, 0.6360258, 0.015217496), (-0.7686063, 0.6395783, 0.013558239), (-0.8187129, 0.5738644, 0.019719573), (-0.84007305, 0.54211575, 0.019691857), (-0.8188658, 0.57396924, 0.004239534), (-0.8633002, 0.5042911, 0.020078706), (-0.86329985, 0.50429165, 0.020078702), (-0.89742494, 0.44096997, 0.013189994), (-0.9020547, 0.4313064, 0.0164923), (-0.9345607, 0.35533527, 0.01825268), (-0.9424754, 0.3337778, 0.018233765), (-0.9346805, 0.35537577, 0.00896353), (-0.9606731, 0.2769311, 0.020404695), (-0.9606736, 0.2769293, 0.020404693), (-0.9749443, 0.22212677, 0.011973274), (-0.980295, 0.19666037, 0.018611498), (-0.9802959, 0.19665605, 0.0186115), (-0.9940879, 0.10743476, 0.015720617), (-0.99327666, 0.11504673, 0.012873983), (-0.9992692, 0.03262552, 0.019915473), (-0.99926925, 0.03262521, 0.019915475), (-0.9998953, -0.008698581, 0.011567266), (-0.99855036, -0.0500056, 0.019915555), (-0.99855053, -0.050001565, 0.019915553), (-0.9921001, -0.12471664, 0.01353038), (-0.9910805, -0.13230355, 0.015970808), (-0.97672445, -0.21368895, 0.018611608), (-0.97083414, -0.23903018, 0.018590713), (-0.97686285, -0.21371387, 0.008083586), (-0.95571035, -0.29360074, 0.020404588), (-0.95570976, -0.2936028, 0.020404588), (-0.9366126, -0.35015586, 0.012151619), (-0.928239, -0.37153623, 0.01825287), (-0.92823905, -0.371536, 0.018252868), (-0.8895772, -0.4564954, 0.016255692), (-0.8944706, -0.4469614, 0.012156937), (-0.8543957, -0.51923496, 0.020078652), (-0.85439587, -0.5192346, 0.020078652), (-0.8306203, -0.55671877, 0.0115837855), (-0.80860686, -0.58801883, 0.019719802), (-0.80860484, -0.58802164, 0.019719804), (-0.7603502, -0.6493644, 0.013903738), (-0.75734276, -0.6528356, 0.0154166585), (-0.7008036, -0.71310294, 0.018937472), (-0.6797667, -0.73318446, 0.0189147), (-0.7009112, -0.7132125, 0.0071711354), (-0.6395049, -0.76851714, 0.020371776), (-0.6395047, -0.7685172, 0.020371774), (-0.59011334, -0.80722576, 0.012362088), (-0.5738832, -0.8187424, 0.01786138), (-0.57388705, -0.8187397, 0.017861376), (-0.4923781, -0.87021875, 0.016822943), (-0.50436014, -0.86341804, 0.011407232), (-0.43127733, -0.90199304, 0.020208754), (-0.43127674, -0.90199333, 0.020208757), (-0.38805085, -0.92156464, 0.011631988), (-0.35532194, -0.93454075, 0.019491598), (-0.35532603, -0.9345392, 0.019491596), (-0.27843085, -0.9603497, 0.014308988), (-0.27695748, -0.9607677, 0.014829738), (-0.19666262, -0.9802826, 0.01923051), (-0.16504468, -0.98609906, 0.019205976), (-0.19668898, -0.9804461, 0.0062265797), (-0.032626815, -0.9993156, 0.017437404), (-0.049453914, -0.99869686, 0.012605614), (-0.11503444, -0.9931539, 0.02030694), (-0.11503124, -0.9931543, 0.020306941), (0.04811103, -0.7183305, -0.6940365), (0.048111264, -0.7183325, -0.6940344), (0.13117969, -0.70788985, -0.6940344), (0.13117865, -0.7078853, -0.69403934), (0.21247198, -0.68787026, -0.6940389), (0.21247256, -0.6878719, -0.6940372), (0.29089275, -0.658554, -0.6940375), (0.29088995, -0.65854836, -0.69404405), (0.36537555, -0.6203251, -0.6940443), (0.36538285, -0.6203363, -0.6940304), (0.43492866, -0.5737226, -0.6940313), (0.4349209, -0.5737133, -0.6940439), (0.49858424, -0.51934206, -0.69404423), (0.49858677, -0.5193445, -0.6940407), (0.555506, -0.45795003, -0.69404244), (0.5555084, -0.4579518, -0.69403934), (0.60491747, -0.39036506, -0.69403887), (0.60491514, -0.39036372, -0.6940416), (0.64614314, -0.31749696, -0.6940423), (0.64614195, -0.3174964, -0.69404364), (0.6786322, -0.24033757, -0.6940434), (0.6786317, -0.24033742, -0.6940439), (0.7019446, -0.1599275, -0.69404393), (0.70193785, -0.15992625, -0.694051), (0.7157578, -0.07735475, -0.69405115), (0.715761, -0.07735495, -0.69404787), (0.7199016, 0.006262459, -0.6940478), (0.719909, 0.0062628416, -0.6940402), (0.7143141, 0.08979643, -0.69404024), (0.7143096, 0.08979565, -0.6940451), (0.6990549, 0.17211516, -0.6940451), (0.6990538, 0.17211485, -0.6940463), (0.674346, 0.25210652, -0.69404596), (0.67434937, 0.25210792, -0.6940422), (0.6405213, 0.32868993, -0.69404286), (0.64052093, 0.32868966, -0.6940432), (0.5980322, 0.40082774, -0.69404215), (0.5980341, 0.4008291, -0.6940397), (0.547457, 0.46754637, -0.6940398), (0.54745364, 0.46754324, -0.6940445), (0.4894735, 0.5279373, -0.6940446), (0.48947525, 0.52793944, -0.6940418), (0.42487627, 0.5811938, -0.6940418), (0.42487857, 0.58119726, -0.69403744), (0.35453278, 0.6265945, -0.6940359), (0.3545299, 0.6265887, -0.6940425), (0.27938947, 0.6635103, -0.6940429), (0.27939054, 0.66351324, -0.6940397), (0.20047332, 0.6914626, -0.69403887), (0.2004734, 0.691463, -0.69403845), (0.11884381, 0.7100612, -0.69403845), (0.11884365, 0.7100599, -0.6940398), (0.03560664, 0.71905535, -0.69403994), (0.03560667, 0.71905875, -0.6940366), (-0.048111025, 0.71833044, -0.6940365), (-0.04811126, 0.7183326, -0.69403434), (-0.13117969, 0.70788985, -0.6940344), (-0.13117865, 0.7078853, -0.69403934), (-0.21247205, 0.68787026, -0.6940389), (-0.21247272, 0.6878722, -0.69403684), (-0.29089358, 0.6585537, -0.6940375), (-0.29089075, 0.658548, -0.69404405), (-0.3653763, 0.6203246, -0.69404423), (-0.3653836, 0.6203359, -0.6940304), (-0.43492842, 0.5737228, -0.69403124), (-0.43492025, 0.5737129, -0.6940446), (-0.49858424, 0.51934206, -0.69404423), (-0.49858677, 0.5193445, -0.6940407), (-0.55550617, 0.45794982, -0.69404244), (-0.5555087, 0.45795166, -0.6940391), (-0.60491747, 0.39036506, -0.69403887), (-0.60491514, 0.39036372, -0.6940416), (-0.64614314, 0.31749696, -0.6940423), (-0.64614195, 0.3174964, -0.69404364), (-0.67863214, 0.24033765, -0.69404346), (-0.67863166, 0.24033748, -0.694044), (-0.7019446, 0.1599275, -0.69404393), (-0.70193785, 0.15992625, -0.694051), (-0.7157578, 0.07735473, -0.6940511), (-0.71576095, 0.07735494, -0.6940479), (-0.7199016, -0.006262459, -0.6940478), (-0.719909, -0.0062628416, -0.6940402), (-0.71431416, -0.08979645, -0.69404024), (-0.71430945, -0.08979565, -0.6940451), (-0.6990549, -0.17211516, -0.6940451), (-0.6990538, -0.17211485, -0.6940463), (-0.674346, -0.25210643, -0.69404596), (-0.67434907, -0.25210774, -0.6940425), (-0.6405213, -0.32868993, -0.69404286), (-0.64052093, -0.32868966, -0.6940432), (-0.5980322, -0.40082774, -0.69404215), (-0.5980341, -0.4008291, -0.6940397), (-0.54745674, -0.46754658, -0.69403976), (-0.54745334, -0.4675434, -0.6940447), (-0.4894735, -0.5279373, -0.6940446), (-0.48947525, -0.52793944, -0.6940418), (-0.42487532, -0.58119446, -0.69404167), (-0.4248777, -0.5811981, -0.6940372), (-0.35453278, -0.6265945, -0.6940359), (-0.3545299, -0.6265887, -0.6940425), (-0.27939022, -0.6635099, -0.6940429), (-0.27939132, -0.66351295, -0.6940396), (-0.20047338, -0.6914626, -0.6940389), (-0.20047355, -0.6914633, -0.6940381), (-0.11884381, -0.7100612, -0.69403845), (-0.11884365, -0.7100599, -0.6940398), (-0.03560664, -0.71905535, -0.69403994), (-0.03560667, -0.71905875, -0.69403654)] (
                        interpolation = "uniform"
                    )
                    int[] primvars:normals:indices = [0, 0, 0, 0, 0, 0, 0, 0, 1, 0, 2, 3, 4, 5, 0, 0, 0, 0, 0, 0, 0, 0, 0, 0, 0, 0, 6, 7, 8, 0, 9, 0, 10, 11, 12, 13, 14, 15, 16, 17, 18, 19, 20, 21, 22, 23, 24, 25, 26, 27, 28, 29, 30, 31, 32, 0, 0, 0, 0, 33, 34, 35, 36, 37, 38, 39, 40, 41, 42, 43, 44, 45, 46, 47, 48, 49, 50, 51, 52, 53, 54, 55, 56, 57, 58, 59, 60, 61, 62, 63, 64, 65, 66, 67, 68, 69, 70, 71, 72, 73, 74, 75, 76, 77, 78, 79, 80, 81, 82, 83, 84, 85, 86, 87, 88, 89, 90, 91, 92, 93, 94, 95, 96, 97, 98, 99, 100, 101, 102, 103, 104, 105, 106, 107, 108, 109, 110, 111, 112, 113, 114, 115, 116, 117, 118, 119, 120, 121, 122, 123, 124, 125, 126, 127, 128, 129, 130, 131, 132, 133, 134, 135, 136, 137, 138, 139, 140, 141, 142, 143, 144, 145, 146, 147, 148, 149, 150, 151, 152, 153, 154, 155, 156, 157, 158, 159, 160, 161, 162, 163, 164, 165, 166, 167, 168, 169, 170, 171, 172, 173, 174, 175, 176, 177, 178, 179, 180, 181, 182, 183, 184, 185, 186, 187, 188, 189, 190, 191, 192, 193, 194, 195, 196, 197, 198, 199, 200, 201, 202, 203, 204, 205, 206, 207, 208, 209, 210, 211, 212, 213, 214, 215, 216, 217, 218, 219, 220, 221, 222, 223, 224, 225, 226, 227, 228, 229, 230, 231, 232, 233, 234, 235, 236, 237, 238, 239, 240, 241, 242, 243, 244, 245, 246, 247, 248, 249, 250, 251, 252, 253, 254, 255, 256, 257, 258, 259, 260, 261, 262, 263, 264, 265, 266, 267, 268, 269, 270, 271, 272, 273, 274, 275, 276, 277, 278, 279, 280, 281, 282, 283, 284, 285, 286, 287, 288, 289, 290, 291, 292, 293, 294, 295, 296, 297, 298, 299, 300, 301, 302, 303, 304, 305, 306, 307, 308, 309, 310, 311, 312, 313, 314, 315, 316, 317, 318, 319, 320, 321, 322, 323, 324, 325, 326, 327, 328, 329, 330, 331, 332, 333, 334, 335, 336, 337, 338, 339, 340, 341, 342, 343, 344, 345, 346, 347, 348, 349, 350, 351, 352, 353, 354, 355, 356, 357, 358, 359, 360, 361, 362, 363, 364, 365, 366, 367, 368, 369, 370, 371, 372, 373, 374, 375, 376, 377, 378, 379, 380, 381, 382, 383, 384, 385, 386, 387, 388, 389, 390, 391, 392, 393, 394, 395, 396, 397, 398, 399, 400, 401, 402, 403, 404, 405, 406, 407, 408, 409, 410, 411, 412, 413, 414, 415, 416, 417, 418, 419, 420, 421, 422, 423, 424, 425, 426, 427, 428, 429, 430, 431, 432, 433, 434, 435, 436, 437, 438, 439, 440, 441, 442, 443, 444, 445, 446, 447, 448, 449, 450, 451, 452, 453, 454, 455, 456, 457, 458, 459, 460, 461, 462, 463, 464, 465, 466, 467, 468, 469, 470, 471, 472, 473, 474, 475, 476, 477, 478, 479, 480, 481, 482, 483, 484, 485, 486, 487, 488, 489, 490, 491, 492, 493, 494, 495, 496, 497, 498, 499, 500, 501, 502, 503, 504, 505, 506, 507, 508, 509, 510, 511, 512, 513, 514, 515, 516, 517, 518, 519, 520, 521, 522, 523, 524, 525, 526, 527, 528, 529, 530, 531, 532, 533, 534, 535, 536, 537, 538, 539, 540, 541, 542, 543, 544, 545, 546, 547, 548, 549, 550, 551, 552, 553, 554, 555, 556, 557, 558, 559, 560, 561, 562, 563, 564, 565, 566, 567, 568, 569, 570, 571, 572, 573, 574, 575, 576, 577, 578, 579, 580, 581, 582, 583, 584, 585, 586, 587, 588, 589, 590, 591, 592, 593, 594, 595, 596, 597, 598, 599, 600, 601, 602, 603, 604, 605, 606, 607, 608, 609, 610, 611, 612, 613, 614, 615, 616, 617, 618, 619, 620, 621, 622, 623, 624, 625, 626, 627, 628, 629, 630, 631, 632, 633, 634, 635, 636, 637, 638, 639, 640, 641, 642, 643, 644, 645, 646, 647, 648, 649, 650, 651, 652, 653, 654, 655, 656, 657, 658, 659, 660, 661, 662, 663, 664, 665, 666, 667, 668, 669, 670, 671, 672, 673, 674, 675, 676, 677, 678, 679, 680, 681, 682, 683, 684, 685, 686, 687, 688, 689, 690, 691, 692, 693, 694, 695, 696, 697, 698, 699, 700, 701, 702, 703, 704, 705, 706, 707, 708, 709, 710, 711, 712, 713, 714, 715, 716, 717, 718, 719, 720, 721, 722, 723, 724, 725, 726, 727, 728, 729, 730, 731, 732, 733, 734, 735, 736, 737, 738, 739, 740, 741, 742, 743, 744, 745, 746, 747, 748, 749, 750, 751, 752, 753, 754, 755, 756, 757, 758, 759, 760, 761, 762, 763, 764, 765, 766, 767, 768, 769, 770, 771, 772, 773, 774, 775, 776, 777, 778, 779, 780, 781, 782, 783, 784, 785, 786, 787, 788, 789, 790, 791, 792, 793, 794, 795, 796, 797, 798, 799, 800, 801, 802, 803, 804, 805, 806, 807, 808, 809, 810, 811, 812, 813, 814, 815, 816, 817, 818, 819, 820, 821, 822, 823, 824, 825, 826, 827, 828, 829, 830, 831, 832, 833, 834, 835, 836, 837, 838, 839, 840, 841, 842, 843, 844, 845, 846, 847, 848, 849, 850, 851, 852, 853, 854, 855, 856, 857, 858, 859, 860, 861, 862, 863, 864, 865, 866, 867, 868, 869, 870, 871, 872, 873, 874, 875, 876, 877, 878, 879, 880, 881, 882, 883, 884, 885, 886, 887, 888, 889, 890, 891, 892, 893, 894, 895, 896, 897, 898, 899, 900, 901, 902, 903, 904, 905, 906, 907, 908, 909, 910, 911, 912, 913, 914, 915, 916, 917, 918, 919, 920, 921, 922, 923, 924, 925, 926, 927, 928, 929, 930, 931, 932, 933, 934, 935, 936, 937, 938, 939, 940, 941, 942, 943, 944, 945, 946, 947, 948, 949, 950, 951, 952, 953, 954, 955, 956, 957, 958, 959, 960, 961, 962, 963, 964, 965, 966, 967, 968, 969, 970, 971, 972, 973, 974, 975, 976, 977, 978, 979, 980, 981, 982, 983, 984, 985, 986, 987, 988, 989, 990, 991, 992, 993, 994, 995, 996, 997, 998, 999, 1000, 1001, 1002, 1003, 1004, 1005, 1006, 1007, 1008, 1009, 1010, 1011, 1012, 1013, 1014, 1015, 1016, 1017, 1018, 1019, 1020, 1021, 1022, 1023, 1024, 1025, 1026, 1027, 1028, 1029, 1030, 1031, 1032, 1033, 1034, 1035, 1036, 1037, 1038, 1039, 1040, 1041, 1042, 1043, 1044, 1045, 1046, 1047, 1048, 1049, 1050, 1051, 1052, 1053, 1054, 1055, 1056, 1057, 1058, 1059, 1060, 1061, 1062, 1063, 1064, 1065, 1066, 1067, 1068, 1069, 1070, 1071, 1072, 1073, 1074, 1075, 1076, 1077, 1078, 1079, 1080, 1081, 1082, 1083, 1084, 1085, 1086, 1087, 1088, 1089, 1090, 1091, 1092, 1093, 1094, 1095, 1096, 1097, 1098, 1099, 1100, 1101, 1102, 1103, 1104, 1105, 1106, 1107, 1108, 1109, 1110, 1111, 1112, 1113, 1114, 1115, 1116, 1117, 1118, 1119, 1120, 1121, 1122, 1123, 1124, 1125, 1126, 1127, 1128, 1129, 1130, 1131, 1132, 1133, 1134, 1135, 1136, 1137, 1138, 1139, 1140, 1141, 1142, 1143, 1144, 1145, 1146, 1147, 1148, 1149, 1150, 1151, 1152, 1153, 1154, 1155, 1156, 1157, 1158, 1159, 1160, 1161, 1162, 1163, 1164, 1165, 1166, 1167, 1168, 1169, 1170, 1171, 1172, 1173, 1174, 1175, 1176, 1177, 1178, 1179, 1180, 1181, 1182, 1183, 1184, 1185, 1186, 1187, 1188, 1189, 1190, 1191, 1192, 1193, 1194, 1195, 1196, 1197, 1198, 1199, 1200, 1201, 1202, 1203, 1204, 1205, 1206, 1207, 1208, 1209, 1210, 1211, 1212, 1213, 1214, 1215, 1216, 1217, 1218, 1219, 1220, 1221, 1222, 1223, 1224, 1225, 1226, 1227, 1228, 1229, 1230, 1231, 1232, 1233, 1234, 1235, 1236, 1237, 1238, 1239, 1240, 1241, 1242, 1243, 1244, 1245, 1246, 1247, 1248, 1249, 1250, 1251, 1252, 1253, 1254, 1255, 1256, 1257, 1258, 1259, 1260, 1261, 1262, 1263, 1264, 1265, 1266, 1267, 1268, 1269, 1270, 1271, 1272, 1273, 1274, 1275, 1276, 1277, 1278, 1279, 1280, 1281, 1282, 1283, 1284, 1285, 1286, 1287, 1288, 1289, 1290, 1291, 1292, 1293, 1294, 1295, 1296, 1297, 1298, 1299, 1300, 1301]
                    uniform token subdivisionScheme = "none"
                }

                def Scope "VisualMaterials"
                {
                    def Material "vlp_body" (
                        instanceable = false
                    )
                    {
                        color3f inputs:diffuseColor = (0.5225216, 0.5382356, 0.5704816)
                        float inputs:metallic = 0
                        float inputs:opacity = 1
                        float inputs:roughness = 0.5
                        token inputs:wrapMode = "repeat"
                        token outputs:displacement (
                            displayGroup = "Outputs"
                        )
                        token outputs:displacement.connect = </vlp16_mount/Geometry/vlp16_mount/VLP16_base_2/VisualMaterials/vlp_body/PreviewSurface.outputs:displacement>
                        token outputs:surface (
                            displayGroup = "Outputs"
                        )
                        token outputs:surface.connect = </vlp16_mount/Geometry/vlp16_mount/VLP16_base_2/VisualMaterials/vlp_body/PreviewSurface.outputs:surface>
                        token outputs:volume (
                            displayGroup = "Outputs"
                        )

                        def Shader "PreviewSurface" (
                            apiSchemas = ["NodeDefAPI"]
                        )
                        {
                            uniform token info:id = "UsdPreviewSurface"
                            color3f inputs:diffuseColor.connect = </vlp16_mount/Geometry/vlp16_mount/VLP16_base_2/VisualMaterials/vlp_body.inputs:diffuseColor>
                            float inputs:metallic.connect = </vlp16_mount/Geometry/vlp16_mount/VLP16_base_2/VisualMaterials/vlp_body.inputs:metallic>
                            float inputs:opacity.connect = </vlp16_mount/Geometry/vlp16_mount/VLP16_base_2/VisualMaterials/vlp_body.inputs:opacity>
                            float inputs:roughness.connect = </vlp16_mount/Geometry/vlp16_mount/VLP16_base_2/VisualMaterials/vlp_body.inputs:roughness>
                            token outputs:displacement
                            token outputs:surface
                        }
                    }
                }
            }

            def Xform "VLP16_scan" (
                instanceable = false
            )
            {
                quatd xformOp:orient = (1, 0, 0, 0)
                double3 xformOp:scale = (1, 1, 1)
                double3 xformOp:translate = (0, 0, 0)
                uniform token[] xformOpOrder = ["xformOp:translate", "xformOp:orient", "xformOp:scale"]

                def Mesh "VLP16_scan" (
                    apiSchemas = ["MaterialBindingAPI"]
                )
                {
                    float3[] extent = [(-0.051464852, -0.051464852, 0.015748), (0.051464852, 0.051464852, 0.053848)]
                    int[] faceVertexCounts = [3, 3, 3, 3, 3, 3, 3, 3, 3, 3, 3, 3, 3, 3, 3, 3, 3, 3, 3, 3, 3, 3, 3, 3, 3, 3, 3, 3, 3, 3, 3, 3, 3, 3, 3, 3, 3, 3, 3, 3, 3, 3, 3, 3, 3, 3, 3, 3, 3, 3, 3, 3, 3, 3, 3, 3, 3, 3, 3, 3, 3, 3, 3, 3, 3, 3, 3, 3, 3, 3, 3, 3, 3, 3, 3, 3, 3, 3, 3, 3, 3, 3, 3, 3, 3, 3, 3, 3, 3, 3, 3, 3, 3, 3, 3, 3, 3, 3, 3, 3, 3, 3, 3, 3]
                    int[] faceVertexIndices = [0, 1, 2, 0, 2, 3, 3, 2, 4, 3, 4, 5, 5, 4, 6, 5, 6, 7, 7, 6, 8, 7, 8, 9, 9, 8, 10, 9, 10, 11, 11, 10, 12, 11, 12, 13, 13, 12, 14, 13, 14, 15, 15, 14, 16, 15, 16, 17, 17, 16, 18, 17, 18, 19, 19, 18, 20, 19, 20, 21, 21, 20, 22, 21, 22, 23, 23, 22, 24, 23, 24, 25, 25, 24, 26, 25, 26, 27, 27, 26, 28, 27, 28, 29, 29, 28, 30, 29, 30, 31, 31, 30, 32, 31, 32, 33, 33, 32, 34, 33, 34, 35, 35, 34, 36, 35, 36, 37, 37, 36, 38, 37, 38, 39, 39, 38, 40, 39, 40, 41, 41, 40, 42, 41, 42, 43, 43, 42, 44, 43, 44, 45, 45, 44, 46, 45, 46, 47, 47, 46, 48, 47, 48, 49, 49, 48, 50, 49, 50, 51, 51, 50, 52, 51, 52, 53, 53, 52, 54, 53, 54, 55, 55, 54, 56, 55, 56, 57, 57, 56, 58, 57, 58, 59, 59, 58, 60, 59, 60, 61, 61, 60, 62, 61, 62, 63, 63, 62, 64, 63, 64, 65, 65, 64, 66, 65, 66, 67, 67, 66, 68, 67, 68, 69, 69, 68, 70, 69, 70, 71, 71, 70, 72, 71, 72, 73, 73, 72, 74, 73, 74, 75, 75, 74, 76, 75, 76, 77, 77, 76, 78, 77, 78, 79, 79, 78, 80, 79, 80, 81, 81, 80, 82, 81, 82, 83, 83, 82, 84, 83, 84, 85, 85, 84, 86, 85, 86, 87, 87, 86, 88, 87, 88, 89, 89, 88, 90, 89, 90, 91, 91, 90, 92, 91, 92, 93, 93, 92, 94, 93, 94, 95, 95, 94, 96, 95, 96, 97, 97, 96, 98, 97, 98, 99, 99, 98, 100, 99, 100, 101, 101, 100, 102, 101, 102, 103, 103, 102, 1, 103, 1, 0]
                    custom rel material:binding = </vlp16_mount/Geometry/vlp16_mount/VLP16_scan/VisualMaterials/vlp_band>
                    uniform token orientation = "rightHanded"
                    point3f[] points = [(0.050799813, -0.0001370619, 0.053848), (0.051464852, -0.00013885622, 0.015748), (0.051106352, 0.006065558, 0.015748), (0.05044595, 0.0059871785, 0.053848), (0.050002605, 0.012181524, 0.015748), (0.049356468, 0.012024112, 0.053848), (0.048169713, 0.018119855, 0.015748), (0.047547255, 0.017885707, 0.053848), (0.045634393, 0.023793956, 0.015748), (0.045044698, 0.02348649, 0.053848), (0.042433623, 0.02912109, 0.015748), (0.04188529, 0.028744785, 0.053848), (0.038614076, 0.034023575, 0.015748), (0.0381151, 0.033583917, 0.053848), (0.034231447, 0.038429916, 0.015748), (0.0337891, 0.03793332, 0.053848), (0.029349644, 0.042275865, 0.015748), (0.028970385, 0.04172957, 0.053848), (0.024039859, 0.04550533, 0.015748), (0.023729214, 0.044917308, 0.053848), (0.01837952, 0.04807123, 0.015748), (0.018142018, 0.04745005, 0.053848), (0.012451166, 0.049936146, 0.015748), (0.01229027, 0.049290866, 0.053848), (0.006341246, 0.051072877, 0.015748), (0.0062593035, 0.05041291, 0.053848), (0.00013885622, 0.051464852, 0.015748), (0.0001370619, 0.050799813, 0.053848), (-0.006065558, 0.051106352, 0.015748), (-0.0059871785, 0.05044595, 0.053848), (-0.012181524, 0.050002605, 0.015748), (-0.012024112, 0.049356468, 0.053848), (-0.018119855, 0.048169713, 0.015748), (-0.017885707, 0.047547255, 0.053848), (-0.023793956, 0.045634393, 0.015748), (-0.02348649, 0.045044698, 0.053848), (-0.02912109, 0.042433623, 0.015748), (-0.028744785, 0.04188529, 0.053848), (-0.034023575, 0.038614076, 0.015748), (-0.033583917, 0.0381151, 0.053848), (-0.038429916, 0.034231447, 0.015748), (-0.03793332, 0.0337891, 0.053848), (-0.042275865, 0.029349644, 0.015748), (-0.04172957, 0.028970385, 0.053848), (-0.04550533, 0.024039859, 0.015748), (-0.044917308, 0.023729214, 0.053848), (-0.04807123, 0.01837952, 0.015748), (-0.04745005, 0.018142018, 0.053848), (-0.049936146, 0.012451166, 0.015748), (-0.049290866, 0.01229027, 0.053848), (-0.051072877, 0.006341246, 0.015748), (-0.05041291, 0.0062593035, 0.053848), (-0.051464852, 0.00013885622, 0.015748), (-0.050799813, 0.0001370619, 0.053848), (-0.051106352, -0.006065558, 0.015748), (-0.05044595, -0.0059871785, 0.053848), (-0.050002605, -0.012181524, 0.015748), (-0.049356468, -0.012024112, 0.053848), (-0.048169713, -0.018119855, 0.015748), (-0.047547255, -0.017885707, 0.053848), (-0.045634393, -0.023793956, 0.015748), (-0.045044698, -0.02348649, 0.053848), (-0.042433623, -0.02912109, 0.015748), (-0.04188529, -0.028744785, 0.053848), (-0.038614076, -0.034023575, 0.015748), (-0.0381151, -0.033583917, 0.053848), (-0.034231447, -0.038429916, 0.015748), (-0.0337891, -0.03793332, 0.053848), (-0.029349644, -0.042275865, 0.015748), (-0.028970385, -0.04172957, 0.053848), (-0.024039859, -0.04550533, 0.015748), (-0.023729214, -0.044917308, 0.053848), (-0.01837952, -0.04807123, 0.015748), (-0.018142018, -0.04745005, 0.053848), (-0.012451166, -0.049936146, 0.015748), (-0.01229027, -0.049290866, 0.053848), (-0.006341246, -0.051072877, 0.015748), (-0.0062593035, -0.05041291, 0.053848), (-0.00013885622, -0.051464852, 0.015748), (-0.0001370619, -0.050799813, 0.053848), (0.006065558, -0.051106352, 0.015748), (0.0059871785, -0.05044595, 0.053848), (0.012181524, -0.050002605, 0.015748), (0.012024112, -0.049356468, 0.053848), (0.018119855, -0.048169713, 0.015748), (0.017885707, -0.047547255, 0.053848), (0.023793956, -0.045634393, 0.015748), (0.02348649, -0.045044698, 0.053848), (0.02912109, -0.042433623, 0.015748), (0.028744785, -0.04188529, 0.053848), (0.034023575, -0.038614076, 0.015748), (0.033583917, -0.0381151, 0.053848), (0.038429916, -0.034231447, 0.015748), (0.03793332, -0.0337891, 0.053848), (0.042275865, -0.029349644, 0.015748), (0.04172957, -0.028970385, 0.053848), (0.04550533, -0.024039859, 0.015748), (0.044917308, -0.023729214, 0.053848), (0.04807123, -0.01837952, 0.015748), (0.04745005, -0.018142018, 0.053848), (0.049936146, -0.012451166, 0.015748), (0.049290866, -0.01229027, 0.053848), (0.051072877, -0.006341246, 0.015748), (0.05041291, -0.0062593035, 0.053848)]
                    normal3f[] primvars:normals = [(0.9991421, 0.037542388, 0.017480744), (0.99681675, 0.0777868, 0.017480742), (0.98733205, 0.15770194, 0.017480744), (0.9801727, 0.19737263, 0.017480744), (0.9611244, 0.2755618, 0.017480744), (0.9492355, 0.31408033, 0.017480744), (0.9209014, 0.3894034, 0.017480744), (0.90445626, 0.42620805, 0.017480744), (0.8672496, 0.49756664, 0.017480744), (0.8464881, 0.5321206, 0.017480744), (0.80095136, 0.5984742, 0.017480744), (0.77617615, 0.63027376, 0.017480742), (0.72297347, 0.69065464, 0.017480744), (0.6945458, 0.7192361, 0.017480744), (0.6344529, 0.77276385, 0.017480744), (0.6027875, 0.79771024, 0.017480744), (0.5366806, 0.8436044, 0.017480744), (0.50223917, 0.864552, 0.017480744), (0.4310824, 0.90214324, 0.017480744), (0.39436704, 0.91878676, 0.017480744), (0.31919792, 0.9475268, 0.017480744), (0.28074417, 0.95962346, 0.017480744), (0.20265888, 0.9790934, 0.017480744), (0.16302739, 0.98646665, 0.017480742), (0.08316462, 0.9963825, 0.017480742), (0.04293333, 0.998925, 0.017480744), (-0.037542388, 0.9991421, 0.017480744), (-0.0777868, 0.99681675, 0.017480742), (-0.15770194, 0.98733205, 0.017480744), (-0.19737263, 0.9801727, 0.017480744), (-0.2755618, 0.9611244, 0.017480744), (-0.31408033, 0.9492355, 0.017480744), (-0.3894034, 0.9209014, 0.017480744), (-0.42620805, 0.90445626, 0.017480744), (-0.49756664, 0.8672496, 0.017480744), (-0.5321206, 0.8464881, 0.017480744), (-0.5984742, 0.80095136, 0.017480744), (-0.63027376, 0.77617615, 0.017480742), (-0.69065464, 0.72297347, 0.017480744), (-0.7192361, 0.6945458, 0.017480744), (-0.77276385, 0.6344529, 0.017480744), (-0.79771024, 0.6027875, 0.017480744), (-0.8436044, 0.5366806, 0.017480744), (-0.864552, 0.50223917, 0.017480744), (-0.90214324, 0.4310824, 0.017480744), (-0.91878676, 0.39436704, 0.017480744), (-0.9475268, 0.31919792, 0.017480744), (-0.95962346, 0.28074417, 0.017480744), (-0.9790934, 0.20265888, 0.017480744), (-0.98646665, 0.16302739, 0.017480742), (-0.9963825, 0.08316462, 0.017480742), (-0.998925, 0.04293333, 0.017480744), (-0.9991421, -0.037542388, 0.017480744), (-0.99681675, -0.0777868, 0.017480742), (-0.98733205, -0.15770194, 0.017480744), (-0.9801727, -0.19737263, 0.017480744), (-0.9611244, -0.2755618, 0.017480744), (-0.9492355, -0.31408033, 0.017480744), (-0.9209014, -0.3894034, 0.017480744), (-0.90445626, -0.42620805, 0.017480744), (-0.8672496, -0.49756664, 0.017480744), (-0.8464881, -0.5321206, 0.017480744), (-0.80095136, -0.5984742, 0.017480744), (-0.77617615, -0.63027376, 0.017480742), (-0.72297347, -0.69065464, 0.017480744), (-0.6945458, -0.7192361, 0.017480744), (-0.6344529, -0.77276385, 0.017480744), (-0.6027875, -0.79771024, 0.017480744), (-0.5366806, -0.8436044, 0.017480744), (-0.50223917, -0.864552, 0.017480744), (-0.4310824, -0.90214324, 0.017480744), (-0.39436704, -0.91878676, 0.017480744), (-0.31919792, -0.9475268, 0.017480744), (-0.28074417, -0.95962346, 0.017480744), (-0.20265888, -0.9790934, 0.017480744), (-0.16302739, -0.98646665, 0.017480742), (-0.08316462, -0.9963825, 0.017480742), (-0.04293333, -0.998925, 0.017480744), (0.037542388, -0.9991421, 0.017480744), (0.0777868, -0.99681675, 0.017480742), (0.15770194, -0.98733205, 0.017480744), (0.19737263, -0.9801727, 0.017480744), (0.2755618, -0.9611244, 0.017480744), (0.31408033, -0.9492355, 0.017480744), (0.3894034, -0.9209014, 0.017480744), (0.42620805, -0.90445626, 0.017480744), (0.49756664, -0.8672496, 0.017480744), (0.5321206, -0.8464881, 0.017480744), (0.5984742, -0.80095136, 0.017480744), (0.63027376, -0.77617615, 0.017480742), (0.69065464, -0.72297347, 0.017480744), (0.7192361, -0.6945458, 0.017480744), (0.77276385, -0.6344529, 0.017480744), (0.79771024, -0.6027875, 0.017480744), (0.8436044, -0.5366806, 0.017480744), (0.864552, -0.50223917, 0.017480744), (0.90214324, -0.4310824, 0.017480744), (0.91878676, -0.39436704, 0.017480744), (0.9475268, -0.31919792, 0.017480744), (0.95962346, -0.28074417, 0.017480744), (0.9790934, -0.20265888, 0.017480744), (0.98646665, -0.16302739, 0.017480742), (0.9963825, -0.08316462, 0.017480742), (0.998925, -0.04293333, 0.017480744)] (
                        interpolation = "uniform"
                    )
                    int[] primvars:normals:indices = None
                    uniform token subdivisionScheme = "none"
                }

                def Scope "VisualMaterials"
                {
                    def Material "vlp_band" (
                        instanceable = false
                    )
                    {
                        color3f inputs:diffuseColor = (0.0039359396, 0.0039359396, 0.0039359396)
                        float inputs:metallic = 0
                        float inputs:opacity = 1
                        float inputs:roughness = 0.5
                        token inputs:wrapMode = "repeat"
                        token outputs:displacement (
                            displayGroup = "Outputs"
                        )
                        token outputs:displacement.connect = </vlp16_mount/Geometry/vlp16_mount/VLP16_scan/VisualMaterials/vlp_band/PreviewSurface.outputs:displacement>
                        token outputs:surface (
                            displayGroup = "Outputs"
                        )
                        token outputs:surface.connect = </vlp16_mount/Geometry/vlp16_mount/VLP16_scan/VisualMaterials/vlp_band/PreviewSurface.outputs:surface>
                        token outputs:volume (
                            displayGroup = "Outputs"
                        )

                        def Shader "PreviewSurface" (
                            apiSchemas = ["NodeDefAPI"]
                        )
                        {
                            uniform token info:id = "UsdPreviewSurface"
                            color3f inputs:diffuseColor.connect = </vlp16_mount/Geometry/vlp16_mount/VLP16_scan/VisualMaterials/vlp_band.inputs:diffuseColor>
                            float inputs:metallic.connect = </vlp16_mount/Geometry/vlp16_mount/VLP16_scan/VisualMaterials/vlp_band.inputs:metallic>
                            float inputs:opacity.connect = </vlp16_mount/Geometry/vlp16_mount/VLP16_scan/VisualMaterials/vlp_band.inputs:opacity>
                            float inputs:roughness.connect = </vlp16_mount/Geometry/vlp16_mount/VLP16_scan/VisualMaterials/vlp_band.inputs:roughness>
                            token outputs:displacement
                            token outputs:surface
                        }
                    }
                }
            }
        }
    }

    def Scope "Materials"
    {
        def Material "mount_grey" (
            instanceable = false
        )
        {
            color3f inputs:diffuseColor = (0.05087609, 0.05087609, 0.059253525)
            float inputs:metallic = 0
            float inputs:opacity = 1
            float inputs:roughness = 0.5
            token inputs:wrapMode = "repeat"
            token outputs:displacement (
                displayGroup = "Outputs"
            )
            token outputs:displacement.connect = </vlp16_mount/Materials/mount_grey/PreviewSurface.outputs:displacement>
            token outputs:surface (
                displayGroup = "Outputs"
            )
            token outputs:surface.connect = </vlp16_mount/Materials/mount_grey/PreviewSurface.outputs:surface>
            token outputs:volume (
                displayGroup = "Outputs"
            )

            def Shader "PreviewSurface" (
                apiSchemas = ["NodeDefAPI"]
            )
            {
                uniform token info:id = "UsdPreviewSurface"
                color3f inputs:diffuseColor.connect = </vlp16_mount/Materials/mount_grey.inputs:diffuseColor>
                float inputs:metallic.connect = </vlp16_mount/Materials/mount_grey.inputs:metallic>
                float inputs:opacity.connect = </vlp16_mount/Materials/mount_grey.inputs:opacity>
                float inputs:roughness.connect = </vlp16_mount/Materials/mount_grey.inputs:roughness>
                token outputs:displacement
                token outputs:surface
            }
        }
    }

    def Scope "VisualMaterials"
    {
    }
}

