episode,updates,wall_s,travel_dist,explored_rate,success_rate,episode_reward,coverage_3d,wall_cov,ceiling_cov,time_s,turn_total_rad,turn_time_s,steps
6,0,15,262.5710268793366,1.0,1.0,23.284103556224345,0.9978493884842654,0.9988164124145187,0.9995699541284404,309.3302450358944,49.13882723483666,46.75921815655777,36
17,0,19,388.93172705084925,1.0,1.0,17.220826991824225,0.9805705557626854,0.9979162891828229,0.9481837606837606,441.5689307114577,52.705805490912454,52.637203660608286,49
11,0,20,364.19285387287806,1.0,1.0,32.23521173498672,0.9840424896106845,0.9751443330294743,0.9828374335106383,408.8503103047288,42.236184647775765,44.6574564318505,46
3,0,20,464.4119577912043,1.0,1.0,24.696355665831387,0.9973386372695465,0.9997333191103526,0.9940664556962026,540.1425828950852,74.5959376558206,75.73062510388041,62
9,0,21,394.7939800323695,1.0,1.0,29.39336883063629,0.9655084632759686,0.9718111346018323,0.930186170212766,452.52399806465803,58.095027048432364,57.730018032288214,53
5,0,21,391.9874551408501,1.0,1.0,17.390603385962628,0.9757581419246354,0.980405137031643,0.94921875,464.37744259879156,74.83498118691213,72.38998745794146,54
8,0,21,409.447687868817,1.0,1.0,35.32705096052269,0.9494783729926152,0.9668119939496397,0.8923657161803713,469.3148801155082,59.05078837003626,59.867192246690834,52
19,0,21,471.6905982412085,1.0,1.0,12.067585408169231,0.9378043803564141,0.9558832565284178,0.847109375,560.4985663725182,94.21195219696395,88.80796813130932,61
16,0,22,444.95801788932715,1.0,1.0,19.209569898155298,0.9649500303997568,0.9606114357262103,0.9382672991071429,507.5890235649992,58.69650851350756,62.63100567567173,59
15,0,22,482.75510354171195,1.0,1.0,28.436955929575976,0.9810442046641141,0.9914403104314083,0.9624439461883408,551.8425838364618,66.13122044212426,69.08748029474953,59
20,0,24,423.40632699374675,1.0,1.0,26.90511226348121,0.9013988502087976,0.9216013668310488,0.7815290178571429,500.23634571978477,79.99502808905655,76.83001872603765,61
18,0,24,506.2479199342467,1.0,1.0,22.101109328920167,0.965214979864477,0.9786844034775322,0.92021484375,574.4009139630837,69.9794910432552,68.15299402883682,61
7,0,25,545.9899395252629,1.0,1.0,14.093064368936837,0.9879290092280691,0.9974934551328469,0.96405029296875,629.0338500970108,83.3158658576215,83.04391057174773,68
2,0,25,539.3888133657713,1.0,1.0,22.412294857653794,0.9714365868603869,0.9731081926203877,0.9490970254957507,641.9597106646361,102.85634594829703,102.57089729886467,72
10,0,30,623.4852403022105,1.0,1.0,21.66387076526292,0.9637733933979457,0.9788098988769754,0.9263535031847133,715.6351206590194,90.22482053521279,92.14988035680852,80
13,0,31,591.1659010057679,1.0,1.0,28.07055638050977,0.9136262667112104,0.939433714607163,0.8057047526041666,684.293260492489,92.44103923008122,93.12735948672083,80
4,0,32,637.854676891196,1.0,1.0,20.72866987494519,0.9801435693604481,0.9796111087264454,0.9633605072463768,733.3975710331355,94.56434121290846,95.54289414193902,80
1,0,34,711.7870251776479,1.0,1.0,13.428003882637698,0.9740663136543469,0.978832423351533,0.947875,834.1627249745712,126.56354969538478,122.37569979692326,97
22,0,39,462.2128518852661,1.0,1.0,22.01482105617823,0.9857456867766146,0.9864287645309543,0.9730603448275862,541.8289069721161,81.92408263027457,79.61605508684971,61
25,0,41,466.3306008913576,1.0,1.0,32.257090789015244,0.9604260417682545,0.9492254733218589,0.9419975186104218,523.3596002789819,55.54349908143628,57.028999387624154,63
28,0,42,467.73825194236866,0.9997577519379846,1.0,26.118586576189763,0.9448659604144776,0.9310780637822809,0.9261803405572755,534.687781232577,65.17429393531192,66.94952929020795,62
27,0,43,450.8991433862815,1.0,1.0,25.54945230910685,0.9382056133711764,0.9189399844115355,0.9096927966101694,517.5397256349356,67.71087337298088,66.64058224865389,57
23,0,43,530.2041154677933,1.0,1.0,26.352129188016637,0.9879578793857767,0.9883266533066132,0.981796875,616.6527149272177,86.92289918913617,86.4485994594242,69
21,0,45,596.8402688832358,1.0,1.0,21.998803436439037,0.9980154186703305,0.9973473271437633,0.9987268518518518,695.7776792105238,95.90611549093187,98.93741032728789,84
34,0,46,475.7557655703441,1.0,1.0,30.93665097857326,0.9661799855607816,0.982182413560628,0.9289772727272727,542.6280772460536,69.5584675135642,66.87231167570945,64
38,0,46,307.9348734638941,1.0,1.0,22.523198829504015,0.994502501114358,0.9988161010260458,0.9942180616740088,360.3713838892262,51.65476563799779,52.43651042533184,40
31,0,47,424.5598060774508,1.0,1.0,36.194094635889876,0.8521856035088639,0.913557395681117,0.677460407239819,487.8972006644719,65.75609188053133,63.337394587020846,62
35,0,47,366.1252021593297,0.9998617256637168,1.0,28.782204687199886,0.9910775284890552,0.9899524466942783,0.992415450928382,422.35316371447936,53.591942332723896,56.22796155514931,52
29,0,49,583.4852403022105,1.0,1.0,18.48694961394492,0.9822257578552542,0.9745247568523431,0.97734375,668.3086048865587,79.98504687652229,84.8233645843482,73
30,0,50,630.4971639257578,1.0,1.0,5.7957944800917796,0.9949184144680275,0.9976395211600068,0.9894259818731118,732.5452238024029,102.07208981496686,102.04805987664459,77
24,0,52,664.0537827971343,0.9999384842519685,1.0,8.953766050660757,0.980546106695406,0.9747071890145396,0.9751742160278746,782.8109896410406,122.63581026585922,118.75720684390629,85
33,0,52,593.8458996806935,1.0,1.0,16.831908631933896,0.9762319605431142,0.9770435935059403,0.9551164215686274,689.6978335019614,95.02790073190127,95.85193382126751,77
37,8,58,467.84341529628057,1.0,1.0,16.198416999735777,0.9956242223143924,0.997842170160296,0.9901283914728682,559.1632686493889,94.97978002966208,91.31985335310807,64
40,16,66,537.7933180037373,1.0,1.0,24.626347999562633,0.9451091101176108,0.9487615731581863,0.8905270376175548,622.0487907166753,84.38320906940642,84.25547271293765,67
52,24,70,388.4771251203399,0.9997710622710623,1.0,29.8552930131109,0.986677527069269,0.98975344220301,0.9792437130177515,444.55622017732225,55.61864258547343,56.079095056982304,50
12,24,70,1230.4018973164693,0.7179939516129032,0.0,-79.12282640534734,0.6998902037330731,0.727483241925655,0.6602746212121212,1611.6280663565242,430.0892535600842,381.22616904005656,200
42,24,70,586.3180560322077,1.0,1.0,9.291878771471682,0.9986148158547429,0.9997048841670355,0.9992213455149501,683.0590751403241,99.36152866217415,96.74101910811609,74
44,24,70,472.1276865437424,1.0,1.0,25.562034598850953,0.9491571624833722,0.9446897228354182,0.9217800151975684,534.9545948054815,63.49036239260835,62.826908261738886,57
47,24,70,541.4564650793196,1.0,1.0,20.18628694560142,0.9785044917463419,0.9945388687656729,0.9452678571428571,625.4477959671515,86.23699633174749,83.99133088783168,71
51,24,70,351.4977851613602,1.0,1.0,32.216629002997664,0.9205678533243576,0.9288216405565827,0.8508245114006515,400.694761758489,46.04546489569286,49.196976597128575,51
57,72,100,1013.7019006291546,1.0,1.0,-10.797472492324104,0.9997468390036709,1.0,0.9996758298755186,1194.0850205223467,183.57467983978933,180.38311989319303,135
60,72,100,371.9348734638941,1.0,1.0,26.7110030679986,0.9740147455630296,0.9908270238788585,0.9382127192982456,430.72389413782895,58.93353101090209,58.78902067393471,50
58,72,100,601.2861343962721,1.0,1.0,17.465622620308572,0.9758656952134697,0.986471835965119,0.9469436813186813,704.7256045266761,103.40920519560517,103.4394701304035,77
14,72,100,1371.193392964426,1.0,0.0,-63.44098835900278,0.9805810001204787,0.9779244525710208,0.9734190088757396,1680.4847066472712,333.4369705242687,309.2913136828461,200
54,72,100,409.4213970303391,1.0,1.0,23.94301662082413,0.9953308714291778,0.9941570068796531,0.9928424401197605,475.3869237442334,65.94829007084108,65.96552671389405,52
45,72,100,1152.3643448830755,0.9996113184079602,0.0,-65.01144561910546,0.9331084153095809,0.9391548984995587,0.8775652985074627,1512.1848640992364,397.23077882424167,359.8205192161614,200
43,72,100,1232.4519946090113,0.8372587316176471,0.0,-71.32874772964335,0.866197401469813,0.8805979293022116,0.8752684707903781,1625.4329288355855,445.47140133985937,392.9809342265739,200
26,72,100,1473.1608500928876,0.935538967611336,0.0,-82.50411341850806,0.918741403557575,0.8827881947363996,0.9367159498207885,1784.5154663090314,339.5319243242172,311.35461621614496,200
48,72,100,615.0218611611987,1.0,1.0,6.810159674555539,0.9998018021502051,0.9999231242312423,0.9998307761732852,715.5146787554987,100.48922639144972,100.4928175942999,80
55,72,100,444.9580178893272,1.0,1.0,25.281248414229538,0.984024751402499,0.9840866873065015,0.973696608040201,510.0769544045855,63.928404772887305,65.11893651525816,56
32,72,100,1153.8546768911965,0.9978587962962963,0.0,-58.05023005598936,0.9005862616565772,0.8914550757901784,0.8577248349834984,1516.7797737990588,413.13764536179065,362.92509690786187,200
41,72,100,674.6937854472835,1.0,1.0,15.779623942127307,0.9790228404309413,0.9729801441648609,0.9792147806004619,792.05556531306,118.29266979866446,117.36177986577638,91
50,72,100,1345.5277615044306,0.9767857142857143,0.0,-53.46399548360037,0.9786827628361858,0.9849016853932584,0.9768518518518519,1656.6846864472852,337.7353874142813,311.15692494285474,200
39,72,100,1236.5308671244456,0.9175180288461539,0.0,-60.9634242598694,0.9230027666961884,0.95609810729085,0.9051339285714286,1573.2300346095237,366.2987512276175,336.6991674850787,200
59,72,100,687.2185234757538,1.0,1.0,5.875053721854282,0.9945856676979681,0.9950080949811118,0.9884375,800.7631559342027,114.066948687673,113.54463245844863,87
53,72,100,384.4245434433839,1.0,1.0,21.98676069936808,0.9563178820791313,0.9780176311030742,0.8836277173913043,443.37037332624,58.41874482428363,58.94582988285574,50
36,72,100,1387.8533528339328,0.9997246696035242,0.0,-75.95007149231618,0.9885946721965225,0.996676891615542,0.9686254980079682,1720.5609993609305,366.31146979049464,332.70764652699717,200
46,72,100,1299.9448517945766,0.7269978005865103,0.0,-66.82010337413234,0.7342995321585737,0.6597103489892386,0.7931840551181102,1638.9629546312804,369.77715425505596,339.0181028367045,200
49,72,100,510.623649349322,1.0,1.0,23.698151038575027,0.9889337783242577,0.9875190258751902,0.9846034356725146,584.9202982215094,69.44497330828035,74.29664887218689,67
56,72,100,452.73510552932373,1.0,1.0,24.738996641189203,0.9058943784447608,0.9760532150776053,0.7685395077720207,528.1391814829084,73.3561139303766,75.40407595358438,61
77,232,199,522.9429886457643,1.0,1.0,23.126187129186533,0.9169753021100082,0.9666086668323804,0.7885387569832403,599.5634162555959,75.1806414147467,76.62042760983114,65
61,232,199,1100.47712512034,0.9997957516339869,0.0,-45.51663231261977,0.890801298640192,0.9088779494143608,0.7734375,1461.1255750664343,419.4726749191386,360.64844994609405,200
65,232,199,301.8058628628873,1.0,1.0,27.8017112118951,0.9444215244352763,0.955712712306533,0.8887354651162791,343.0512683516141,40.86810823308992,41.24540548872661,42
72,232,199,465.21599829831104,1.0,1.0,22.076532080012143,0.9940449275238672,0.9911882142365414,0.9952982522796353,528.1690351069025,60.679555212886946,62.95303680859128,60
73,232,199,391.016892392373,0.9998497596153846,1.0,35.40744176112507,0.9900260682307606,0.9880124399208369,0.9907238442822385,442.605349886515,53.38268624121284,51.588457494141856,54
63,232,199,496.3067944372924,1.0,1.0,18.0141809779539,0.9951030336408279,0.9967462039045553,0.9900102459016393,582.7188798366088,86.86812809897395,86.41208539931598,70
71,232,199,493.09824929221946,1.0,1.0,20.556909423067996,0.9933581660321548,0.9993280390959072,0.9803261861313869,586.1221408438153,95.28583732739324,93.02389155159557,68
74,232,199,1218.098911320852,0.9261067708333334,0.0,-62.39291930619983,0.915707444868441,0.9551267147175075,0.8454861111111112,1571.02766373791,413.89312862558415,352.9287524170575,200
67,232,199,1296.0800736356127,0.9996448863636364,0.0,-60.206182610714215,0.9078725386103529,0.9245900377242282,0.8257649739583334,1656.505301126272,412.38784123598276,360.4252274906564,200
70,232,199,507.89599697323644,1.0,1.0,21.34385711798062,0.9622630242131327,0.9837614575082041,0.9149639423076923,593.0241390155361,84.94221306344897,85.12814204229934,67
64,232,199,506.05510685439833,1.0,1.0,22.139071006203523,0.9280656303972366,0.9840849956634865,0.8035714285714286,571.0152664813888,65.94023944048533,64.96015962699019,70
75,232,199,365.41261981983644,1.0,1.0,23.853264551676755,0.9683414614155157,0.9714548802946593,0.9438422509225092,419.0852949151074,55.00901264290616,53.67267509527077,46
69,232,199,423.8697061347585,1.0,1.0,22.685859521624963,0.9626749893395996,0.9807387025082019,0.8995445344129555,490.3902734604523,65.28085098854018,66.52056732569345,53
79,232,199,503.4151042042492,0.9998922413793103,1.0,21.978822962679327,0.9489489252612898,0.9470828971162082,0.9045797413793103,569.7361796939049,62.73161323448312,66.32107548965543,62
68,232,199,366.7676891938915,1.0,1.0,28.57391226826731,0.9896067540546546,0.9871938418474457,0.9908524525316456,426.187767578691,57.630117577198725,59.42007838479914,47
76,232,199,640.8841141427189,1.0,1.0,16.10040392637854,0.9693305292674378,0.9622448069893911,0.9539331896551724,745.4619862102014,102.11680810122355,104.57787206748249,83
66,232,199,674.916697807287,1.0,1.0,24.198015153148035,0.9311127613968168,0.9425458318920789,0.8772085970464135,779.3126040012448,102.59385929093659,104.39590619395771,92
78,232,199,672.8227552552605,1.0,1.0,19.984399914954178,0.9638194679836664,0.9780638381715486,0.9295693844492441,785.8128529736364,115.48514657756382,112.99009771837589,92
62,232,199,412.013745979328,1.0,1.0,28.77784480080338,0.9831273369549806,0.987124963588698,0.9703995601173021,482.55410125166225,69.8105329085009,70.54035527233391,56
80,232,199,312.46834790983735,1.0,1.0,26.942806573540224,0.9867960118566425,0.9846493087948435,0.9839717741935484,359.4140264362596,48.668517789633206,46.94567852642215,39
100,392,298,430.85533891982794,1.0,1.0,28.16002133643685,0.9195059047101941,0.9394673123486683,0.8092847472924187,504.54906764926875,73.79059309416051,73.69372872944032,58
84,392,298,346.83778449882305,1.0,1.0,26.26055589635326,0.9820666558634473,0.9807899075335101,0.9729759786476868,409.85329920673513,63.02327206186795,63.01551470791197,47
92,392,298,367.9874551408501,1.0,1.0,31.48168136750235,0.9268056741662194,0.950374038562849,0.8604468997361477,411.7042568296397,41.57520253318408,43.71680168878939,49
83,392,298,1252.3518000239258,0.9991347719869706,0.0,-53.32199040035318,0.9597967957285356,0.9754463281917525,0.9256786992840096,1604.882220599201,390.0456308629122,352.5304205752755,200
99,392,298,486.7288127032339,1.0,1.0,13.876602290110826,0.9964259166861833,0.9926574777792091,0.9984312248995983,569.641728519517,80.86937372442422,82.91291581628286,62
86,392,298,464.8928505601917,1.0,1.0,15.163047846304668,0.9918996857078055,0.9883613278666843,0.9893922018348624,534.9240138139639,71.29674488065817,70.03116325377212,54
82,392,298,1246.3756064779911,0.9966711956521739,0.0,-64.50056605422158,0.8872925214952886,0.9020723934741652,0.768070652173913,1582.5683549320622,367.7891226811081,336.19274845407267,200
89,392,298,1385.2347538394947,0.9501639941690962,0.0,-57.32277791560002,0.9190844587938827,0.9347235507939544,0.8789473684210526,1694.4816905205678,331.8704050216094,309.24693668107335,200
98,392,298,231.64182500592977,1.0,1.0,23.399705206195822,0.9240436227315327,0.9300518134715026,0.8427854938271605,273.9428018621573,40.95146528434122,42.300976856227464,33
81,392,298,547.6205029362771,1.0,1.0,23.876217994804197,0.9152448153440579,0.9157850633706923,0.842626633986928,635.646824341198,87.78948210738064,88.02632140492041,73
90,392,298,392.2454355498339,1.0,1.0,19.663382410826014,0.9428997528039388,0.9626143790849673,0.8699704935622318,461.53469174936447,70.93388429929531,69.28925619953023,52
91,392,298,375.49778516136024,1.0,1.0,27.699191196416407,0.9866895521258892,0.9936095505617978,0.971203071672355,439.19894343798273,62.551737414933584,63.70115827662241,52
94,392,298,486.79398003236946,1.0,1.0,35.19336720394258,0.9946124873806012,0.9895063070900392,0.9969811571125266,552.5061453820801,64.06824802456559,65.71216534971038,69
95,392,298,1274.7738182898674,1.0,1.0,-24.014804817108743,0.9627897860902677,0.9890801272779867,0.9063460553278688,1531.8798396543848,273.90903204677795,257.1060213645189,175
96,392,298,440.9755723103322,1.0,1.0,24.718476206671625,0.9532484783266637,0.97010329757648,0.8831018518518519,513.766667144867,73.18664225180162,72.79109483453439,56
93,392,298,543.4238814147519,1.0,1.0,19.55424930066285,0.9475124059113147,0.9486748545572075,0.894134963768116,631.7175905442331,87.44056369422158,88.29370912948109,74
87,392,298,504.56477484627624,1.0,1.0,20.54991069332183,0.9840420484596947,0.9915808464256183,0.9672197164948454,592.3951321326572,88.24553592957092,87.8303572863806,69
85,392,298,301.12834857237465,1.0,1.0,25.253589285869523,0.9800156648196208,0.9741765270227055,0.974609375,351.5676140067328,51.65889815153705,50.439265434358035,39
88,392,298,486.1602702083102,0.9998668323863636,1.0,30.342065937407295,0.9883677784312077,0.9753455608718766,0.9903257978723404,560.5240340337417,74.04564573814652,74.36376382543104,64
97,392,298,309.3600381428806,1.0,1.0,29.949367257954574,0.9597597059087241,0.9813326419497018,0.9067365916955017,353.4690348404688,42.91349504638223,44.108996697588154,39
120,552,397,310.75891198338905,1.0,1.0,26.83399625919476,0.9857044419075828,0.9905676855895197,0.976010101010101,354.6506921109483,43.337670191338916,43.891780127559265,41
101,552,397,1348.0412379379852,0.7075492831541219,0.0,-76.64362036572878,0.6134540935968141,0.6718452246374471,0.42983678343949044,1679.6683103677894,359.4406086447065,331.62707242980446,200
102,552,397,538.3092788217051,1.0,1.0,30.627126067700974,0.8557036074098147,0.9842858953237866,0.6786922770700637,620.4681351748491,77.48828452971513,82.15885635314343,70
108,552,397,1313.1120360645787,0.5164211783439491,0.0,-81.77870415956622,0.5701276762618683,0.6797814810727293,0.516007133152174,1662.2022962304786,389.3853902488505,349.0902601659009,200
118,552,397,394.9254342247594,1.0,1.0,22.814726316538398,0.9550127119032978,0.9463036203224825,0.9332752145922747,456.906386677321,65.22142867884216,61.980952452561425,50
103,552,397,297.0669896849162,1.0,1.0,31.776111109426903,0.9418089497146688,0.9536669314270585,0.8696836099585062,352.3239203136861,58.88539594315452,55.25693062876967,46
117,552,397,672.0663684493137,1.0,1.0,23.432127474549272,0.9639877568867511,0.9822629186143306,0.9065290178571429,783.9146365362437,116.02240213039516,111.84826808693008,89
109,552,397,648.3418624862732,1.0,1.0,22.495735864261793,0.9305316488584326,0.9953245893499938,0.8223471669980119,745.0027913331018,93.24139327024267,96.66092884682857,87
105,552,397,393.89351258882374,1.0,1.0,25.64941788115086,0.9942465517571214,0.9963747512084162,0.9879261363636364,454.6755951919088,58.173123904627346,60.78208260308491,54
115,552,397,460.7876872062796,1.0,1.0,20.118773629392138,0.9968190819243211,0.997062954922743,0.9970113255033557,534.8663832200485,70.61804402065276,74.07869601376854,63
104,552,397,518.1690474188127,1.0,1.0,20.16905148029398,0.9261643114795355,0.9534711280007415,0.8473899147727273,602.5514343798123,83.82358044149899,84.38238696099934,70
114,552,397,376.0137459793281,1.0,1.0,24.647656237491823,0.9927487552359124,0.9994165694282381,0.9968171296296297,437.25556471626004,61.862728105397515,61.24181873693169,48
107,552,397,382.5885813003415,1.0,1.0,27.65200290861081,0.9820579765456943,0.9698982125124131,0.9810980243161094,438.85662442996903,54.40206469444077,56.26804312962719,49
110,552,397,1007.7031838933883,0.9988364361702128,0.0,-46.99836390652562,0.9683668092987608,0.9648498439937597,0.9526499155405406,1365.14403153667,421.4112714649201,357.44084764328164,200
106,552,397,364.44205707135933,1.0,1.0,23.079905044445155,0.9965931213497727,0.998282967032967,0.9937304075235109,422.9487812243615,60.010086229502846,58.5067241530019,50
112,552,397,576.1101729157671,1.0,1.0,26.50067009355864,0.9763880640138686,0.9658811429593525,0.9710553278688525,660.2173249546747,82.66072805836126,84.10715203890749,74
119,552,397,385.6706002288204,0.9997799295774648,1.0,28.756026611152908,0.9848397546703543,0.9854171134462792,0.9807524441340782,445.00908131832796,59.757721634260825,59.33848108950722,53
116,552,397,293.12834857237465,1.0,1.0,30.213043706686868,0.9400985490133745,0.9532648525259807,0.875,340.3631303704297,46.85217269708228,47.23478179805485,37
111,552,397,541.473978707295,1.0,1.0,25.8081836031405,0.9936562503414044,0.9927579169135559,0.9910130718954249,615.3510339626554,71.81558288304025,73.87705525536022,72
113,552,397,1299.3198783879895,0.996822033898305,0.0,-71.30468550155018,0.9260269712476322,0.9283501161890008,0.8733072916666667,1642.4171202828682,380.3958628423176,343.09724189487883,200
129,712,496,606.4620958767771,1.0,1.0,23.608558340811115,0.9331089715203886,0.9203224306309099,0.9059413580246913,701.6183594502481,92.48439536020562,95.15626357347043,79
140,712,496,1122.0387535535726,1.0,1.0,-7.522848656702405,0.992239273752156,0.9984200131665569,0.9825981498194946,1319.9700997975604,206.147019365984,197.93134624398957,150
127,712,496,707.5378219791664,1.0,1.0,15.799725729693122,0.9762208040344696,0.9761904761904762,0.9541750672043011,817.121952195878,109.62619532506682,109.58413021671129,92
135,712,496,309.87599896084845,1.0,1.0,22.45931953952883,0.9973727859365354,0.9991368893492145,0.9940017772511849,357.78302672237743,47.11054164229324,47.90702776152882,37
137,712,496,642.5935500691672,1.0,1.0,15.476430087590469,0.9789068358080277,0.9933330389862687,0.9432565789473685,747.7911676308111,104.5464263424647,105.19761756164318,83
134,712,496,659.8697469277887,1.0,1.0,9.974278681617658,0.8976768653321201,0.9528125,0.7555555555555555,768.164624965085,107.69231705594463,108.29487803729647,87
130,712,496,371.9874551408501,1.0,1.0,19.956833749205245,0.9276818332779807,0.9425087108013938,0.8305044416243654,432.21408710949026,61.83994795296021,60.226631968640135,47
121,712,496,434.3043100528797,1.0,1.0,33.86755914548166,0.9807201465095823,0.9740670461733081,0.9789099178403756,506.77474399487426,71.95565091299142,72.47043394199427,63
132,712,496,395.5854348872966,1.0,1.0,25.298202339345895,0.9688972488220096,0.9705882352941176,0.9403219063545151,465.0751419253045,67.48456055701138,69.48970703800761,52
122,712,496,495.87848334526103,1.0,1.0,22.21056050486455,0.9224288660117138,0.932584742198671,0.8312733208955224,583.2807970834579,89.85347060729454,87.40231373819636,67
138,712,496,265.4126198198366,1.0,1.0,26.660826858421746,0.9609511228533686,0.9622375300854843,0.9316227064220184,309.23881671686513,46.23929534554254,43.82619689702835,32
124,712,496,430.6148721388195,1.0,1.0,28.018922039036468,0.9826921307654563,0.9769965277777778,0.9770484449760766,498.5383518915458,64.38521962908887,67.92347975272594,58
125,712,496,337.8409309118679,1.0,1.0,27.089760698901568,0.8690051576813528,0.8757366128619011,0.7480126096491229,391.37444043047833,51.80026427791552,53.53350951861034,47
133,712,496,538.7638807522145,1.0,1.0,30.805580658379768,0.9881068923641231,0.9804633471645919,0.9862023305084746,620.6623172078591,77.84765468346643,81.8984364556443,71
139,712,496,1322.0825988130548,0.9996157786885246,0.0,-67.21125257953001,0.9913259193006734,0.9915724956904808,0.9867130474452555,1663.413775466031,381.4967649794606,341.3311766529746,200
131,712,496,530.8991433862814,1.0,1.0,20.705893954250513,0.9754011745526682,0.9692621788691658,0.964524647887324,617.1657122158629,88.89985324437204,86.26656882958142,74
128,712,496,511.71196110389064,1.0,1.0,27.68083088155562,0.9551208097340651,0.9506651037154069,0.9413357400722022,603.3702000886587,93.98735847715149,91.65823898476765,73
136,712,496,181.9586799179594,1.0,1.0,22.561096105222415,0.9521186168847832,0.9574952107279694,0.9157986111111112,211.01408038095752,27.833100694497162,29.0554004629981,24
126,712,496,411.1571237952653,1.0,1.0,26.66677648674479,0.9404956518641371,0.9268322010461132,0.9121586134453782,471.1577645991802,58.500961205872,60.00064080391465,50
123,712,496,330.30431005287977,1.0,1.0,31.50234402193652,0.9809500833210475,0.9811745447104563,0.9710610932475884,384.0398737135318,53.6033454909779,53.73556366065192,44
159,872,595,360.64745580338734,1.0,1.0,23.61237721333335,0.9722596311888274,0.9774280718486728,0.9565906954887218,415.4304342640858,53.67446769104752,54.78297846069835,47
150,872,595,918.282987983228,1.0,1.0,-13.612472515825159,0.9789242084529473,0.9871706614932099,0.9564513305322129,1161.8056712209452,273.03402485657483,243.5226832377169,144
153,872,595,294.4483498974492,0.9997888513513513,1.0,30.413178215975726,0.9857656416241324,0.9808267939487096,0.9885135135135135,328.9205859637433,32.20835409944101,34.47223606629401,39
151,872,595,362.5885813003416,1.0,1.0,30.945429123035233,0.9661811717118998,0.9732001582278481,0.9278428819444444,412.39486822498463,48.459430386964385,49.80628692464291,47
154,872,595,371.14834658476275,1.0,1.0,22.87608627469372,0.9637918865992703,0.9798534798534798,0.9142470472440944,424.0141447661909,52.298697272141816,52.86579818142787,48
158,872,595,485.6793774393228,1.0,1.0,25.23492026476944,0.9573443826141461,0.9614754442717305,0.9153975474683544,564.0826383443342,75.60489135751641,78.40326090501095,68
146,872,595,382.5622904618636,1.0,1.0,23.370529478057197,0.9914529490550126,0.9906106369008536,0.9861180278884463,435.6637657704399,51.15221296286433,53.101475308576205,50
145,872,595,328.7526191572993,1.0,1.0,24.55810326235478,0.9973246200741211,0.9981867633726201,0.9947473404255319,371.0102703829688,42.38647683850406,42.257651225669385,39
142,872,595,900.3468312550995,1.0,1.0,-2.318366205980955,0.9144453238963061,0.9910754529883711,0.7904784115138592,1046.522339295695,147.26326206089482,146.17550804059647,120
147,872,595,992.4157662328817,0.9547290874524715,0.0,-55.13990058659061,0.9725680036883356,0.9877430262045647,0.9792854234527687,1399.158151320935,483.3635776320791,406.7423850880546,200
143,872,595,1396.2817047189944,0.9156901041666666,0.0,-66.62779492418682,0.9429417558112986,0.9935137030327821,0.9237788865546218,1724.7265252386035,350.9172307794136,328.4448205196094,200
141,872,595,655.0306383717012,1.0,1.0,17.524485292738326,0.9856877022932008,0.9893857163440757,0.9733455882352942,759.5353166065095,101.25701735221202,104.50467823480808,87
144,872,595,1399.4250825349313,0.9802215189873418,0.0,-66.71833300493532,0.96636463879982,0.9743602266067591,0.944641620498615,1746.5192893692893,381.14131025153694,347.0942068343582,200
148,872,595,303.7294747318662,1.0,1.0,23.633084898558714,0.995720611766457,0.9970969614863557,0.9911684782608695,352.9001951714477,49.75608065937209,49.17072043958137,38
156,872,595,479.73825194236866,1.0,1.0,31.93482253212804,0.942446066889588,0.9165074896953855,0.9295254149377593,550.2847285182095,68.31971486376071,70.54647657584046,66
157,872,595,394.15149299780774,1.0,1.0,30.451167919565403,0.9677970227065732,0.9837170405352224,0.9235733695652174,456.7450603837277,62.39035107887983,62.59356738591989,53
155,872,595,605.5090467562754,1.0,1.0,29.668436377103653,0.8816675580247504,0.9531256676494466,0.7820111031518625,691.7976734502124,80.68294004090494,86.28862669393662,82
149,872,595,629.5704056437344,1.0,1.0,31.91749931686636,0.9654489107017362,0.9770935594228767,0.925789911308204,717.2111283494929,84.96108405863811,87.64072270575879,85
160,872,595,448.07510486678643,1.0,1.0,18.773499962993135,0.9863669116587404,0.9864038917300736,0.9747785433070866,516.9642844630777,68.83376939443636,68.88917959629094,58
152,872,595,400.9930859383077,0.9999372489959839,1.0,24.624849125062966,0.9864592402511113,0.9823428079242033,0.9816433566433567,459.59725270867,56.40625015554302,58.60416677036202,51
165,1032,694,607.7432207111943,1.0,1.0,4.9556413546720055,0.9177059092626847,0.9103041589075108,0.8552389705882353,720.054956389764,119.71760351785423,112.3117356785695,79
169,1032,694,399.58543488729674,1.0,1.0,20.83605290598746,0.9283253597802986,0.9300034766485108,0.8683692226890757,473.115396084846,73.54494179632361,73.52996119754908,55
180,1032,694,827.2836500118595,1.0,1.0,7.385224858989754,0.998049045358117,0.9968033509700176,0.998260498046875,1016.8598861271304,207.11435417290798,189.57623611527222,133
168,1032,694,813.6843462081491,1.0,1.0,0.7571529854127783,0.9960813830777825,0.9975901089689857,0.9918560606060606,962.2114773946861,153.04069677980578,148.52713118653725,113
174,1032,694,420.5034159588178,0.9998282967032966,1.0,29.144246836645703,0.9736510572208661,0.9783561106388544,0.9648228609625669,495.0147448072171,75.0169932725986,74.51132884839905,58
172,1032,694,342.95553350491446,1.0,1.0,26.369433523201767,0.9222361395552955,0.9714877136752137,0.8238113496932515,399.4260029836106,59.95570421804406,56.470469478696,47
162,1032,694,421.73195911627886,1.0,1.0,17.72762086160533,0.9668916511203808,0.9852807283763277,0.920324427480916,487.1893436336697,65.93607677608583,65.45738451739055,55
176,1032,694,435.6380165642526,1.0,1.0,22.754037084990948,0.9881144593842857,0.9849271240668326,0.981632053291536,509.73260922079004,74.39188898480548,74.09459265653696,58
173,1032,694,977.0418999666174,1.0,1.0,-8.589593312877716,0.9572708938594757,0.9475616921269095,0.9342843007915568,1169.9857923608822,202.41583859139817,192.94389239426562,134
164,1032,694,560.8490460937383,1.0,1.0,24.31313653394853,0.9963764495127269,0.9936264726710874,0.9968250570776256,650.1215625535978,89.65877468978869,89.27251645985916,73
161,1032,694,452.1276865437423,1.0,1.0,20.25709145947436,0.994695561290084,0.9922788281137249,0.9940476190476191,512.1043431000232,56.21498483442088,59.97665655628059,56
179,1032,694,547.3625225272932,1.0,1.0,26.45881184162252,0.9857307483731018,0.9873112416107382,0.9775094696969697,629.8966053727497,81.05112426818376,82.5340828454559,72
167,1032,694,415.79083361932464,1.0,1.0,25.23788798928413,0.9935235191637629,0.9986665120593692,0.9840042372881356,484.49075217145406,65.54987782819369,68.69991855212913,56
177,1032,694,469.0105995662832,1.0,1.0,27.47063699245229,0.9951813754186429,0.9969829753609655,0.9915571515892421,541.8413487659249,73.99612379946201,72.83074919964135,63
175,1032,694,334.53599962338564,1.0,1.0,22.443997532395823,0.9325465475023229,0.9728431435342343,0.8308662280701754,386.2716678687637,49.853502368066934,51.73566824537794,43
170,1032,694,390.964310715417,1.0,1.0,22.72157369294584,0.9735525038408249,0.9707209686296092,0.9554115853658537,454.08339381609244,65.428624651013,63.11908310067532,52
171,1032,694,445.16341662135517,1.0,1.0,25.524571176250664,0.9841836714081986,0.9869942996291992,0.9713250698324022,514.1596766638604,68.24439006375768,68.99626004250511,61
163,1032,694,1308.727529439001,0.8033368644067796,0.0,-69.90636794152039,0.8141898209099895,0.8125308067254504,0.8448840725806451,1658.3422173869074,384.1720319218611,349.6146879479075,200
178,1032,694,784.9016277706949,1.0,1.0,17.687928747747247,0.9581155955561806,0.9821257109092252,0.9085286458333334,904.9668381005603,120.09781549479845,120.06521032986572,111
166,1032,694,512.5647748462762,1.0,1.0,18.12019572639533,0.8865707596648176,0.9063326199169079,0.7591047932330827,588.7152787002556,74.47575578096853,76.15050385397902,66
197,1192,792,388.066327656284,1.0,1.0,32.287864003681705,0.9318394844756882,0.9396853146853147,0.8563587816455697,443.02264561851206,53.18447694334187,54.95631796222793,49
183,1192,792,1116.586096915929,0.996358082706767,0.0,-55.74131903703662,0.9280411020622967,0.9815147283728971,0.8690744173728814,1483.7806710442012,433.79186119240586,367.19457412827217,200
190,1192,792,669.5966964822121,1.0,1.0,20.52353003794783,0.9850017629030946,0.983991462113127,0.9779596977329975,783.8322832638028,117.35338017238557,114.23558678159036,91
191,1192,792,691.4852403022107,0.9997596153846153,1.0,17.754587319868993,0.9569297431922437,0.970906408785445,0.9106673481308412,799.3962286885481,106.3664825795061,107.9109883863375,90
200,1192,792,480.7351055293237,1.0,1.0,21.355054124008767,0.9837072018890202,0.9847016828148903,0.9731617647058823,573.6405275642469,92.85813305238443,92.90542203492292,67
199,1192,792,329.87599896084845,1.0,1.0,13.82727519408331,0.9998388993604305,1.0,0.9997366573033708,387.4975736688606,60.182362062018065,57.621574708012034,41
185,1192,792,483.59421209779924,1.0,1.0,17.83991564796496,0.9694854627166835,0.9687978979636523,0.944343507751938,557.6553986648189,74.34177985052902,74.06118656701935,63
184,1192,792,517.1070265027221,1.0,1.0,17.00680811708836,0.9239102160688065,0.922296258329062,0.8652626811594203,600.2342752878764,84.94087317773122,83.12724878515414,66
198,1192,792,646.6762310262782,1.0,1.0,17.885598067487575,0.989691827140935,0.987309980171844,0.9870140750670241,744.9494605976182,99.40984435700979,98.27322957133991,90
187,1192,792,1330.0174314839205,0.9783992946708464,0.0,-53.17211814741794,0.9586131694381799,0.9536642109344707,0.9559948979591837,1648.0535858425585,343.5542315379583,318.03615435863907,200
189,1192,792,510.7112990752585,1.0,1.0,15.57219575184193,0.9777795082267582,0.9863021549747822,0.947015977443609,587.0626744221422,74.77706302032503,76.35137534688336,61
181,1192,792,1299.467726674235,0.9997306034482759,0.0,-70.93662067295891,0.9344233006862305,0.9649315354865684,0.8314144736842105,1643.9714894770227,392.25564420417794,344.50376280278647,200
192,1192,792,345.1809302493306,1.0,1.0,26.26520891042645,0.9314474809863592,0.9168246745038554,0.9060235507246377,394.4181077557575,48.355766259640134,49.23717750642675,43
186,1192,792,406.6148721388196,1.0,1.0,23.4713103565759,0.9955721201375706,0.9949039322360719,0.9950405290102389,469.5329542947856,62.12712323394878,62.918082155965855,54
188,1192,792,680.936695819675,1.0,1.0,0.7465724185433283,0.9959499522637053,0.998555103113096,0.9891581632653061,808.8582271097587,131.8822969351252,127.92153129008344,93
196,1192,792,444.3330852757704,1.0,1.0,21.23689293422753,0.964006245656471,0.9701275801265429,0.9243872549019608,527.3382807942951,87.00779327778656,83.00519551852437,58
195,1192,792,318.7852028218671,1.0,1.0,33.94652143396967,0.9334922574570805,0.9459107527420243,0.8789925078864353,365.89225060487246,46.66057167450787,47.10704778300524,44
182,1192,792,460.3330852757705,0.9999340717299579,1.0,18.788878335735365,0.980193836084439,0.9877015295576684,0.9580462598425197,537.9055337250087,78.10867267385669,77.57244844923781,58
194,1192,792,639.6818618237361,1.0,1.0,5.021802378724172,0.9946690275259052,0.9887323943661972,0.9963121118012422,762.7335671017036,129.82755791695146,123.05170527796771,87
193,1192,792,448.2454355498339,1.0,1.0,19.004868167912083,0.985632505907286,0.9946627850557982,0.9669877819548872,528.6175209263099,83.80812806471377,80.37208537647582,63
211,1352,891,707.6818618237362,1.0,1.0,9.096863873120531,0.8889098672072447,0.9278463220365454,0.7045351985559567,837.7014193203939,132.02933624498712,130.01955749665814,99
201,1352,891,527.904774183739,1.0,1.0,29.799189015846043,0.9549960874394184,0.9662129510309279,0.9091723815461347,612.8911796174312,86.22960815053763,84.98640543369173,66
207,1352,891,364.47712512033985,1.0,1.0,25.662310370446626,0.9741143831679357,0.9578732106339468,0.9789828431372549,429.6035398793058,62.43962213844846,65.12641475896565,49
217,1352,891,403.0519604413533,1.0,1.0,29.117045224243995,0.989319097601208,0.982078131292791,0.9885221179624665,465.0412996379028,58.484008794823495,61.98933919654902,54
205,1352,891,579.5679212593213,1.0,1.0,25.621404306685037,0.9687171763213698,0.9632999564649543,0.9584104938271605,665.6104807704587,86.31383926670573,86.04255951113716,78
204,1352,891,382.56229046186354,1.0,1.0,28.32286538041148,0.9678504307302427,0.973224043715847,0.94625,442.7381952037392,58.01385711281301,60.17590474187534,52
218,1352,891,347.5503668383162,1.0,1.0,17.538788839734373,0.9890332170091768,0.976781051846326,0.9920794930875576,400.16100437070173,51.165956298577974,52.61063753238531,45
220,1352,891,1420.3605772344272,0.8254449838187702,0.0,-79.41659078297629,0.7677259057941881,0.7693811824246607,0.7249903250773994,1745.949024140524,355.63267035914384,325.5884469060965,200
219,1352,891,447.3362316888153,1.0,1.0,25.58230930574347,0.9226024775908952,0.9362041467304625,0.8522995283018868,516.800129817782,68.94584719344962,69.46389812896642,59
216,1352,891,459.18341463374327,1.0,1.0,14.56524288641009,0.9216847090663057,0.9491392801251957,0.7999855324074074,542.4544363980835,86.65653264651014,83.27102176434005,57
209,1352,891,325.3863289813586,1.0,1.0,22.379448473255632,0.9911493811762447,0.9934715821812596,0.9883510044642857,377.05520378274855,52.003312202084835,51.668874801389904,41
203,1352,891,503.7996108298271,1.0,1.0,32.88068916688971,0.9828489400495278,0.9702309836718439,0.9826758274231678,578.0233475233133,72.33560504022851,74.22373669348569,66
202,1352,891,557.884776171351,1.0,1.0,21.388464894969136,0.9662863241750382,0.9910977577477327,0.9224759615384616,638.3356636159778,75.67633116693997,80.45088744462667,76
215,1352,891,503.1308329567873,1.0,1.0,17.238082607363797,0.9862278581478409,0.9829224447868515,0.9839891975308642,588.6507350563727,87.77985314937786,85.51990209958524,68
214,1352,891,366.8728525478035,1.0,1.0,23.56567154514001,0.9921341659826057,0.9878134192463931,0.9909780334728033,420.6203159229212,52.871195062676236,53.7474633751175,48
212,1352,891,675.6994162447411,1.0,1.0,8.008763449537085,0.997951432750482,0.9957706766917294,0.9991803278688525,799.6413590009552,128.16291413432074,123.94194275621382,84
208,1352,891,1353.2735895371231,0.9990511133603239,0.0,-65.03217744862997,0.9406490764320944,0.9649900563473649,0.8419447211155379,1658.246555307116,342.7094486549851,304.97296576999116,200
206,1352,891,997.8158411935696,1.0,1.0,-17.391435063045734,0.9850534567091529,0.9890140845070422,0.9743806306306306,1211.3837868151827,226.6019184324227,213.56794562161502,137
210,1352,891,629.7670271652596,1.0,1.0,19.033683250514255,0.9746426973205794,0.9742479055597868,0.9544505141388174,722.6053260562885,91.2574483365429,92.8382988910286,79
213,1352,891,469.35622970120346,1.0,1.0,27.429339738506776,0.9322155617323229,0.9180784404734277,0.8976261127596439,545.6136609580852,77.6361468853222,76.2574312568815,57
233,1512,991,360.18407666237556,1.0,1.0,26.668566824810917,0.9295057470760681,0.9266676002427298,0.8752637130801688,414.9270443514125,55.11445153355539,54.74296768903692,48
222,1512,991,548.7438827398263,1.0,1.0,25.21799740034771,0.994354303389471,0.9932043910088866,0.9925933441558441,634.1155512718565,82.30750279804454,85.37166853202974,76
237,1512,991,379.2748728013568,1.0,1.0,23.001264269946315,0.9991264769435889,0.9997283346916599,0.9982527955271565,434.01340264860096,52.107794770865866,54.73852984724391,48
232,1512,991,541.8196088422153,1.0,1.0,14.120210747979657,0.9946759420491746,0.9937169312169312,0.9924627371273713,635.8702383549063,93.82594426903584,94.05062951269053,69
223,1512,991,324.69126026984077,1.0,1.0,29.814878396201415,0.9909541096613413,0.9895395766411333,0.9880952380952381,372.578048886584,45.58018292511456,47.88678861674306,44
221,1512,991,331.7031838933882,1.0,1.0,31.192289838060116,0.939117436904048,0.9643118785975929,0.8778184335443038,383.8576180749093,48.98165127228135,52.15443418152089,45
224,1512,991,460.2542127603365,1.0,1.0,29.028319311249334,0.9741156689416406,0.9834449884050502,0.95361328125,526.8616368264622,63.161136099188454,66.60742406612563,59
231,1512,991,1024.4081901425586,1.0,1.0,-13.048007599540801,0.9973395907752552,0.9991494790559218,0.9939738292011019,1212.7224957862006,191.72145846546567,188.31430564364382,140
229,1512,991,604.8753369322162,1.0,1.0,18.248858213722777,0.9463713832186917,0.966385911179173,0.8699549373040752,712.3497885804356,108.71167747232859,107.47445164821909,78
234,1512,991,545.7319591162789,1.0,1.0,22.790259567313207,0.937596534644874,0.9769352561085198,0.8534564393939394,640.5942675681499,95.7934626778064,94.862308451871,75
240,1512,991,1159.830870437132,0.9990727002967359,0.0,-46.08130449912671,0.9468459764383219,0.9925024826216484,0.8867710325047801,1511.612758437641,389.67283200076355,351.78188800050935,200
227,1512,991,627.9398422327198,1.0,1.0,12.668392015624553,0.9782818453889807,0.9884947267497604,0.9484599820143885,742.1715858145233,121.0976153727051,114.23174358180344,80
238,1512,991,459.3888133657711,1.0,1.0,28.354273920418994,0.9869735093854604,0.9716948083794578,0.9897794117647059,529.287632757167,66.59822908709326,69.89881939139552,61
235,1512,991,342.0989113208518,1.0,1.0,27.795708100608444,0.9768943106079444,0.9662857548442046,0.9686925551470589,401.47708329349086,59.81725795895829,59.37817197263886,46
239,1512,991,517.7056682778009,1.0,1.0,18.030731497621815,0.9987130044049745,0.9977936184657162,0.998828125,589.1550779735348,73.4241145436007,71.44940969573379,64
236,1512,991,344.49463874831537,1.0,1.0,24.58797470222412,0.9937385603342193,0.9981132075471698,0.9836791497975709,392.9230783128012,47.1426593467286,48.42843956448574,41
226,1512,991,398.8728525478035,1.0,1.0,26.802641274630126,0.9783187113476198,0.9845132743362832,0.9506671348314607,468.65154089624076,71.66803252265564,69.7786883484371,53
230,1512,991,1301.49269345545,0.9996514869888475,0.0,-68.16339319687455,0.9761890232739785,0.976843870847505,0.9621438419117647,1655.7248769564474,392.5982752514937,354.2321835009964,200
228,1512,991,340.90543621237117,1.0,1.0,23.764773201236814,0.9345201869188553,0.9473404608539744,0.8662415919282511,404.75806490924356,65.77894304530797,63.85262869687198,47
225,1512,991,464.2805035988144,1.0,1.0,31.83347136747822,0.9847671399183894,0.9848940974088808,0.9782098121085595,528.4522052171228,64.00755242746203,64.171701618308,57
252,1672,1104,408.19285387287795,1.0,1.0,22.942587339677992,0.9940602558659012,0.9941088615997344,0.9918879056047197,469.74552385547463,61.57900497389471,61.55266998259646,53
247,1672,1104,518.881629758306,1.0,1.0,19.12535488139822,0.9919130035227447,0.9932529518335728,0.9838077557755776,601.9162418976285,83.30191820898347,83.0346121393223,68
245,1672,1104,493.4739787072949,1.0,1.0,28.733629564368908,0.982078484975106,0.9856451435485645,0.9681490384615384,566.1298185830005,69.98375981355807,72.6558398757054,67
246,1672,1104,576.9366958196749,0.9998473127035831,1.0,16.487545940555567,0.9923206730416495,0.9933256321396483,0.9861761527377522,678.8321423704662,104.09316982618633,101.89544655079091,73
256,1672,1104,462.6411629772975,1.0,1.0,12.128061437873475,0.9903726922017086,0.9850589225589226,0.9884146341463415,538.927987316605,77.68023650896103,76.28682433930739,60
251,1672,1104,455.8171244578026,0.9998972039473685,1.0,27.560714701856114,0.9722877671641338,0.970633323752036,0.9501768867924528,520.5395428348186,64.08362756552359,64.72241837701573,59
249,1672,1104,431.63801656425267,1.0,1.0,23.260669036265774,0.9851959461796549,0.9791962174940898,0.9788572607260726,494.8136773552316,61.01349118646807,63.17566079097875,57
242,1672,1104,551.3712997377959,1.0,1.0,22.87051095488963,0.9766715815809681,0.9689034369885434,0.9666792168674698,643.0208414959595,87.22431263724516,91.6495417581635,76
248,1672,1104,509.84589968069326,1.0,1.0,13.956940146735537,0.9691591213447663,0.9771330218834522,0.9275323275862069,592.7864853941671,83.16087857021009,82.94058571347344,65
253,1672,1104,362.38318256831366,1.0,1.0,31.02741179472205,0.9841444126374129,0.9754957601655873,0.9868673312883436,413.29977515541503,48.62488888065188,50.91659258710125,49
260,1672,1104,702.8252396396736,1.0,1.0,11.908090369138392,0.972840964554258,0.9795852235904083,0.9328847864768683,818.0806599002377,112.88313039084603,115.25542026056411,94
241,1672,1104,713.6054736927148,1.0,1.0,11.135571471731911,0.9189556884552165,0.9979169012498592,0.8049932065217391,813.8449777426124,96.3592560748458,100.23950404989722,96
255,1672,1104,332.87914537389327,1.0,1.0,26.435649245255913,0.9874143554218392,0.9832810104402424,0.980712890625,377.3648069146149,40.478492311082334,44.485661540721544,43
254,1672,1104,350.09891132085176,1.0,1.0,26.301887503921968,0.98668375938996,0.9846689469826533,0.9792071984435797,400.1124992920874,50.27038195685303,50.01358797123535,46
250,1672,1104,626.2304063062713,1.0,1.0,21.254463345861787,0.9868958996417679,0.9852141769949989,0.9829832995951417,722.7980574339539,90.85147669152275,96.56765112768186,85
243,1672,1104,372.67374664186525,1.0,1.0,22.487266394074954,0.9912092669637388,0.9906409104522312,0.9845005020080321,433.45466930770385,60.42138399875776,60.78092266583851,50
244,1672,1104,234.98182434339242,1.0,1.0,18.820868662906374,0.9988918661156274,0.999710773680405,0.9979940878378378,271.8913813934981,36.61433557515831,36.90955705010552,30
258,1672,1104,380.09261849476206,1.0,1.0,16.599106139582787,0.9866574161511431,0.9969388599321585,0.9606854838709677,448.98825789570753,70.34345910141815,68.89563940094546,51
259,1672,1104,304.9317270508493,1.0,1.0,24.08679374384757,0.9870755137240569,0.988054094665665,0.9752482476635514,352.407924614568,47.964296345577814,47.47619756371853,40
257,1672,1104,484.368153324751,1.0,1.0,21.69472764507558,0.994235635954635,0.9937641050005939,0.9934895833333334,555.1223344529844,68.63127169234966,70.75418112823313,62
269,1832,1216,743.3412004576413,1.0,1.0,6.789635077515884,0.9765323081235858,0.9991788133853419,0.9438291139240507,866.2645432758753,122.13501422735084,122.92334281823396,100
262,1832,1216,473.9899395252627,1.0,1.0,20.396032307283747,0.973155409887237,0.979662986635677,0.9449246453900709,564.6339914705569,90.96607791794074,90.6440519452939,70
267,1832,1216,380.1402721959221,1.0,1.0,22.61626972073565,0.985958485958486,0.9937913239800032,0.9673639112903226,440.6222238230683,58.47292744071909,60.48195162714605,51
277,1832,1216,406.0813976928763,1.0,1.0,20.760723722363448,0.9941371230643846,0.9906457871396895,0.9934363382899628,468.5218501196045,62.16067864009187,62.44045242672791,55
274,1832,1216,550.6850082367805,1.0,1.0,26.178180415613557,0.9797880358153841,0.9716114285714286,0.978080985915493,637.6875391566346,81.75379637978054,87.00253091985373,76
278,1832,1216,429.9636486867848,1.0,1.0,20.771131479406794,0.9965284225729908,0.9989731437598737,0.9931225868725869,496.8026240714268,67.25846307696274,66.83897538464187,57
270,1832,1216,310.55351325136104,1.0,1.0,24.22834749164947,0.9941112905379973,0.9907427341227126,0.9946307915057915,360.62031884328593,50.35020838788711,50.066805591924734,42
276,1832,1216,477.9110670098288,1.0,1.0,22.097325388050542,0.99668051939094,0.9998639455782313,0.9932971014492754,545.8519705653849,64.41135533333374,67.94090355555585,64
266,1832,1216,1013.2560759091477,1.0,1.0,4.121100475310575,0.9904622366956356,0.981872428913702,0.9933115008880995,1180.815754975676,163.58951859979294,167.55967906652873,137
268,1832,1216,968.9241509605262,1.0,1.0,-7.2537592281212735,0.9804801666318296,0.9757810718358039,0.9704810495626822,1132.152390230586,162.34235890509046,163.22823927006047,133
271,1832,1216,420.18407666237545,1.0,1.0,22.29846337249123,0.9964041396246273,0.9986170480261504,0.9925,491.7831615240114,70.64862729245363,71.59908486163577,60
280,1832,1216,738.396928547642,1.0,1.0,17.012247081948153,0.9885227741556134,0.9991708530458957,0.9704822616407982,853.501615721088,115.65703076016821,115.10468717344557,100
273,1832,1216,381.33374730440255,1.0,1.0,26.968125128163685,0.9607783779692924,0.9800698848194642,0.9140050551470589,453.27291923970364,70.40875790295132,71.9391719353009,57
261,1832,1216,620.3769305352537,1.0,1.0,13.683281880879097,0.9685732394197768,0.9836924868957484,0.9147518382352942,717.5832886156123,94.8095371205373,97.2063580803583,80
265,1832,1216,532.8490460937383,1.0,1.0,21.57679509860774,0.9838817917205692,0.9983057228915663,0.9604547050561798,610.8330074545346,78.72594204119372,77.9839613607958,68
272,1832,1216,366.7676891938915,1.0,1.0,19.151161191849,0.9877003113174792,0.9835801946677952,0.9809262387387387,430.4312583497711,63.99535373381875,63.66356915587915,50
279,1832,1216,582.4883867152554,1.0,1.0,20.34906599797547,0.990495670823735,0.9896251673360107,0.9839717741935484,674.5650756452962,89.36503339506066,92.07668893004042,80
263,1832,1216,315.5240759998383,0.9998585972850679,1.0,24.07157626083674,0.9916942352361512,0.9908482928546286,0.9871776905829597,370.7676159556445,58.11530993370921,55.243539955806135,42
275,1832,1216,757.7194142571295,1.0,1.0,3.164107317462007,0.9987129566450255,0.9998321302669129,0.9966796875,889.2620145335117,133.56390041457283,131.54260027638182,101
264,1832,1216,649.8809677296742,1.0,1.0,14.49146234946524,0.9969371494795223,0.9960803527682509,0.9960309485530546,761.7572475698466,113.0644197602585,111.87627984017242,84
298,1992,1329,370.15149299780774,1.0,1.0,23.577571510631508,0.9642940149504624,0.9860856829000366,0.9085771276595744,431.8996248621541,61.87219779651912,61.74813186434608,52
293,1992,1329,445.395106191861,1.0,1.0,26.62404359749832,0.9347208297841868,0.9767197786470757,0.8488353018372703,513.1655888916398,66.40572404966788,67.77048269977858,60
295,1992,1329,400.2366583393314,1.0,1.0,20.679508242183505,0.9726216785732641,0.9627831715210357,0.9659090909090909,452.9659274799027,50.59390371085688,52.72926914057125,56
282,1992,1329,354.579804089839,1.0,1.0,35.55065638904809,0.9224140470789264,0.925531914893617,0.8568706445993032,415.8941584203915,58.22153149582849,61.31435433055233,53
289,1992,1329,447.1045421183094,1.0,1.0,25.574646071791783,0.9495450613792874,0.9536821705426357,0.9126580056179775,509.27668220617034,63.25821013179105,62.1721400878607,59
291,1992,1329,508.8753369322161,1.0,1.0,18.753266496463194,0.9556505022068869,0.9814619442351168,0.8859812062937062,616.5777025082017,116.55354836397795,107.70236557598533,71
284,1992,1329,492.0488140283084,1.0,1.0,30.231125219013297,0.9254901182633541,0.9355474055963053,0.8353207236842105,568.694791334497,75.21896595928236,76.64597730618824,69
283,1992,1329,300.7000374803433,1.0,1.0,27.869115110608853,0.9759472835092002,0.9713016967126193,0.9614928909952607,354.79485500445196,53.39222628616268,54.09481752410844,43
286,1992,1329,480.96679509982965,1.0,1.0,32.95153128273114,0.9869753090633553,0.9931698230363242,0.9745615256124721,555.255561411786,70.93314946793352,74.28876631195573,66
288,1992,1329,319.98745514085005,1.0,1.0,19.883769631577596,0.9944624392674722,0.9972651829498302,0.993853672985782,367.3025762173392,46.97268161473352,47.31512107648901,39
294,1992,1329,370.1076885313543,1.0,1.0,28.58961427980981,0.9943955060819298,0.9956140350877193,0.9924038461538461,434.7403753940111,61.69903029398484,64.63268686265656,51
290,1992,1329,1018.2704431240786,1.0,1.0,1.9071549505954428,0.9792611138433108,0.9810261128914554,0.9589213709677419,1179.121030467892,162.52588101572184,160.85058734381468,141
281,1992,1329,547.3625225272933,1.0,1.0,28.19434155809079,0.9665443853647141,0.9919814306815784,0.9260440835266821,634.3966821673215,85.55123946004187,87.034159640028,80
292,1992,1329,631.5679212593216,1.0,1.0,12.527190788204491,0.9902636741909749,0.9868337226587386,0.9879943502824858,715.8071977113088,82.85891467798088,84.23927645198731,87
287,1992,1329,346.8202708708475,1.0,1.0,25.09742436395841,0.9900028663813696,0.9879029283764845,0.99041445035461,399.36124114440753,50.311455410339576,52.540970273559715,46
285,1992,1329,452.2542127603365,1.0,1.0,26.50111177233163,0.9707306434023991,0.9694269848050284,0.9617677111716622,528.7186658362424,73.44667961385863,76.46445307590575,63
297,1992,1329,376.4771251203399,1.0,1.0,23.309912860813668,0.9903592814371258,0.9969040247678018,0.9780371485943775,430.9754535818201,52.497492692219915,54.498328461479936,47
299,1992,1329,498.0162303637407,1.0,1.0,26.808163026433373,0.9675443045418127,0.966776283973305,0.9426056338028169,582.0100057706144,83.9906631103099,83.9937754068733,65
300,1992,1329,586.2742107727247,1.0,1.0,35.28378964210851,0.9679379542925426,0.9688257280157719,0.9465588521400778,673.4470405649737,83.50924468837258,87.17282979224844,83
296,1992,1329,436.9580178893271,1.0,1.0,18.77254158452647,0.9909107217604498,0.9915177219024538,0.9851804123711341,507.6890481959635,67.84654545995434,70.73103030663626,60
302,2152,1442,348.01374597932806,1.0,1.0,25.803431929673366,0.9806471227360174,0.9853394028651761,0.9653186274509804,407.49345557683904,59.21956439626617,59.47970959751078,46
316,2152,1442,524.262989970839,1.0,1.0,27.73956220253409,0.9740474748538627,0.9825043066322137,0.9535446797520661,590.4868602433262,59.58580540872992,66.22387027248661,69
304,2152,1442,1003.5378219791669,1.0,1.0,-28.18215206023659,0.9934056500702356,0.9926160337552743,0.9891887626262627,1205.9818084476565,221.91597970273529,202.44398646849055,144
320,2152,1442,505.01937677678563,1.0,1.0,27.80908342439732,0.986136751405952,0.9872726216074853,0.9766071428571429,581.9751297257719,73.43362942347905,76.95575294898607,70
317,2152,1442,367.33623168881536,0.9997209821428571,1.0,20.17658541919865,0.9948589634712826,0.9950797266514806,0.9907009109311741,427.7105610347571,61.31149401891236,60.374329345941554,46
318,2152,1442,380.98430872780517,1.0,1.0,24.331952846709118,0.9652289804672759,0.9597523219814241,0.9413754921259843,439.3861067107186,56.102696974369906,58.40179798291325,49
319,2152,1442,397.6180185518645,1.0,1.0,30.011135635275167,0.9573699729929749,0.9834960358125237,0.9023545706371191,454.0734324162426,53.18312079656671,56.4554138643778,55
307,2152,1442,413.321161652223,1.0,1.0,17.681046404603666,0.966085004553059,0.9663072776280324,0.9385127314814815,469.1713865585993,53.02533735956405,55.85022490637603,51
312,2152,1442,802.5497456027139,1.0,1.0,0.16951360166711493,0.9902820805478559,0.9919517102615694,0.9798951048951049,930.8266314055844,130.16532870430538,128.27688580287023,107
311,2152,1442,367.32745447831275,1.0,1.0,21.37013585520959,0.9910727523032934,0.9850476503450543,0.9919181034482759,418.19021857471125,50.79414614459732,50.86276409639821,48
310,2152,1442,408.21914471135597,1.0,1.0,21.326431446464806,0.9843509878564469,0.9807166123778501,0.9779158464566929,465.1876671791437,56.20278370168138,56.96852246778758,55
314,2152,1442,307.6768930549102,0.9999364837398373,1.0,30.285691174877066,0.9267714676863523,0.9636640833439207,0.8424384124087592,349.98778507293474,42.46633802703674,42.310892018024475,42
309,2152,1442,475.79083361932464,1.0,1.0,32.49280465080894,0.9914055973266501,0.9836099020674647,0.9954322076612904,542.172415909638,59.82237343546931,66.38158229031288,64
301,2152,1442,330.4094734067917,1.0,1.0,23.753426446158592,0.97080480353945,0.9596607096607097,0.9662047511312217,379.6864517001723,46.91546744007069,49.27697829338046,39
303,2152,1442,627.3450088993181,1.0,1.0,12.7738805485162,0.965268331890689,0.9983009708737864,0.92125,735.4245486430959,111.86930961566641,108.07953974377756,83
305,2152,1442,543.6467937747552,1.0,1.0,21.90344764436475,0.9300015988836885,0.9749162128194386,0.8477896341463415,622.9162957546802,78.40425296988694,79.26950197992466,72
306,2152,1442,627.6906390342384,1.0,1.0,32.090916639931265,0.9753222920062463,0.9986011540479105,0.941001647834275,730.8329208578737,97.71342273545288,103.14228182363534,85
315,2152,1442,460.5559976357738,1.0,1.0,11.254339693533284,0.9951931841660692,0.9986967854039965,0.9989730046948356,537.2674216776609,79.06713606283037,76.71142404188701,57
308,2152,1442,376.49463874831537,0.9998867753623188,1.0,28.605577443310565,0.9614780917515158,0.9775161311780749,0.9142825704225352,433.51571574574064,54.78161549613771,57.02107699742517,50
313,2152,1442,501.4301742408414,0.9999329399141631,1.0,16.519356815160847,0.9265019730137022,0.9559613808179251,0.8028590425531915,585.569000634846,84.95823959100609,84.13882639400404,68
334,2312,1555,1275.4075689069555,1.0,1.0,-45.42589904117601,0.9950174719181631,0.9914123600674744,0.9944196428571429,1530.0961394975257,268.7828558858557,254.68857059057075,166
325,2312,1555,458.5622904618635,1.0,1.0,25.05430588902318,0.9287041669644773,0.9443176414645744,0.8628095975232198,538.2959264207906,79.10045393839022,79.73363595892684,63
330,2312,1555,1085.2998803756016,1.0,1.0,-20.156160638152972,0.9916292322198387,0.9894237548875072,0.9965431415929203,1289.1997418233505,210.59979217162527,203.89986144775048,148
324,2312,1555,531.0870284903339,1.0,1.0,22.12204790799149,0.9657959064540844,0.9706024290195447,0.9291910535117057,614.2960489560069,85.8135306985092,83.20902046567278,71
335,2312,1555,1528.1163428047719,0.9996944832402235,0.0,-52.86407864920264,0.9966894700952464,0.9954894754426996,0.9961134453781513,1813.6786777420807,299.3435024059646,285.5623349373098,200
328,2312,1555,345.6706002288204,1.0,1.0,22.4861529968199,0.9758898512200613,0.9743134889661534,0.9605226769911505,397.0095778573332,50.00846644276902,51.33897762851268,43
329,2312,1555,381.2159982983111,1.0,1.0,26.28725655678059,0.986473289324181,0.9792695704235893,0.988307119205298,442.15188993022025,59.903837447863374,60.9358916319089,49
337,2312,1555,1434.8088863388477,0.9937920875420876,0.0,-66.35912828607619,0.9605381406003219,0.9728376399452029,0.9245377813504824,1733.0352809643146,325.83959193820414,298.2263946254696,200
338,2312,1555,420.4508342818619,0.9997996794871795,1.0,37.121305717092476,0.9757071668145256,0.9682276843467011,0.9773042929292929,495.0513975587789,75.9008449153752,74.6005632769168,57
326,2312,1555,492.32430806526776,0.9999124649859944,1.0,31.624276161888037,0.9879989046347641,0.9982854128198364,0.9882172131147541,570.8452743130174,81.0314493716238,78.52096624774921,65
340,2312,1555,463.5416304208432,1.0,1.0,31.034900021684535,0.9860779213198247,0.9858847252562595,0.9839038944723618,541.6879996530475,79.71955384830619,78.14636923220411,59
322,2312,1555,293.15463941085267,1.0,1.0,22.98638663171862,0.9739623928293062,0.9762931034482759,0.957911036036036,339.85070163443754,46.7940933353772,46.69606222358478,38
331,2312,1555,497.0456676152635,0.9998859489051095,1.0,21.804122226473496,0.9926490978826159,0.991255590414525,0.9947170487106017,589.6946224409405,91.72343223851459,92.64895482567648,71
321,2312,1555,1153.2598435577945,1.0,1.0,-24.89401129209126,0.9498441494296602,0.9474031109939361,0.9207668439716312,1414.4664516412004,295.8099121251107,261.2066080834077,177
339,2312,1555,426.33060089135756,1.0,1.0,29.886128892171456,0.9917038440997307,0.9886453467481136,0.9906617647058824,488.9782938542892,60.971539444397074,62.64769296293136,62
333,2312,1555,480.50341595881775,1.0,1.0,31.205229177700225,0.9700644878913132,0.9859824416743465,0.9364089775561097,551.9074970277641,69.60612160341898,71.404081068946,66
332,2312,1555,466.1953382572907,0.9997895622895623,1.0,28.044889260360673,0.908759899375757,0.9048878311075852,0.8495840097402597,544.4469847374553,79.12746972024608,78.25164648016401,64
323,2312,1555,651.4326586252547,1.0,1.0,13.711151891719657,0.9821927001509997,0.9887517419868604,0.9644886363636364,776.0376007002277,123.90741311245944,124.60494207497298,92
336,2312,1555,389.87599896084834,1.0,1.0,24.507160801361135,0.958282071875914,0.9562589079471175,0.925,450.8096904040283,58.4005371647695,60.933691443179654,52
327,2312,1555,280.84407732491275,0.9998532863849765,1.0,28.840423680302667,0.9128264958934242,0.9615834405332709,0.7666519953051644,332.9851385345123,51.96159181439912,52.14106120959941,39
360,2472,1668,1469.467562944121,0.999630905511811,0.0,-73.76818335992886,0.9899483536628358,0.9871490503715937,0.9849901574803149,1752.065860210474,296.39744589953233,282.59829726635513,200
341,2472,1668,743.0744428381547,1.0,1.0,-1.8594910506122693,0.9949585206644219,0.9978986691571329,0.9877485795454546,879.2478051968931,145.0100435381076,136.1733623587385,97
347,2472,1668,607.8346788788077,1.0,1.0,26.87358905118345,0.9925978957853453,0.990086307441101,0.9902508431703204,676.5674629230008,62.599176066288926,68.73278404419263,78
355,2472,1668,551.2184826827238,1.0,1.0,27.940758661066774,0.9932249366671777,0.9888268156424581,0.9963894422310757,626.504506584222,72.42903585224661,75.28602390149773,69
343,2472,1668,464.7964644167822,0.9997869318181818,1.0,19.178015868850334,0.9585868093018985,0.9724242856463652,0.8994318181818182,533.6572222274269,70.29113671596664,68.86075781064442,57
344,2472,1668,1493.0518375042682,0.999625,0.0,-76.13497832327299,0.9855537212510459,0.9779562861946572,0.98671875,1780.2026983336586,303.22629124408496,287.1508608293903,200
353,2472,1668,557.98120310779,1.0,1.0,23.14470511386546,0.9335126508261904,0.9302148302148302,0.883765243902439,640.3476962426689,81.54973970231794,82.3664931348786,70
359,2472,1668,338.5622904618636,1.0,1.0,29.206345215219926,0.9456088339322067,0.9388805048703526,0.9293277138157895,395.80734881454566,58.1175875290229,57.245058352681916,45
346,2472,1668,517.412660612866,1.0,1.0,23.508157558336702,0.9781513866476526,0.9737827715355806,0.9681216487935657,590.8780984214515,74.19815671287763,73.46543780858507,65
345,2472,1668,468.4245434433838,1.0,1.0,34.770427420617,0.8870125208755417,0.8908942473102603,0.7797439759036144,537.6228490120634,66.29745835301884,69.19830556867922,61
356,2472,1668,425.4301742408415,1.0,1.0,24.13190469155821,0.9032207580831952,0.9172529313232831,0.8015742481203008,507.01753525764946,83.38104152521117,81.58736101680746,54
354,2472,1668,503.36252252729315,1.0,1.0,32.62183109742584,0.9657430551976497,0.9590934475055846,0.9520224294354839,574.4587334089285,68.39431632245243,71.09621088163497,66
350,2472,1668,882.1565025596635,1.0,1.0,6.433127709304056,0.9535945449712226,0.958180176694396,0.9063899253731343,1008.1217656833937,124.4478946855952,125.96526312373014,108
348,2472,1668,242.01126159491537,1.0,1.0,28.765048935882383,0.9455296547654176,0.9652498135719613,0.87390625,286.1009563807207,46.63454217870781,44.0896947858052,33
358,2472,1668,626.221629095769,1.0,1.0,22.542588477140885,0.9501960263140409,0.9790606010839218,0.88765625,714.6984450109071,87.71522387270751,88.47681591513835,85
349,2472,1668,418.728812703234,1.0,1.0,21.890183591805403,0.9963403863748143,0.9905969272101419,0.9997650375939849,479.23926124079105,60.01567280633515,60.510448537556776,51
351,2472,1668,488.94050426135163,1.0,1.0,34.97184793524694,0.9431881173150576,0.9581148018648019,0.884391404199475,572.7163840037908,83.66381961365833,83.7758797424389,66
352,2472,1668,325.61801855186445,1.0,1.0,27.793569391257368,0.9809551225720431,0.973977442587308,0.9836538461538461,380.3113645785918,52.790019040090705,54.693346026727134,45
342,2472,1668,342.03755243339333,1.0,1.0,29.127661041032585,0.9626338665591254,0.9750026994924954,0.9218175551470589,399.32628011767235,60.433091526418295,57.28872768427884,52
357,2472,1668,501.7319591162788,0.9999523628048781,1.0,32.76185542174081,0.9673600569578594,0.9546388725778039,0.9633385894495413,583.7440422844049,83.26812475218905,82.01208316812601,70
375,2632,1780,362.7939800323695,0.999937749003984,1.0,27.65760329801321,0.981895901433241,0.988998652896273,0.9718058118081181,413.01523497372415,47.581882412031554,50.221254941354374,49
374,2632,1780,509.70566827780084,1.0,1.0,29.57190195320534,0.9919328387893676,0.9850304069858101,0.9939714566929134,565.907075845489,50.55211135153152,56.20140756768767,66
378,2632,1780,580.520970379823,0.999955985915493,1.0,30.595511856480204,0.9829643529461296,0.9801611631777174,0.9791980421686747,661.357962554381,78.50548826183655,80.83699217455771,74
369,2632,1780,488.0488140283084,1.0,1.0,18.06358991464638,0.8987948864784747,0.9190960912052117,0.7647181919642857,562.4969458817872,71.92219778021766,74.44813185347847,63
367,2632,1780,407.1834146337433,0.9999392023346303,1.0,22.62061293397364,0.9863530363015149,0.9839848584115891,0.9920997191011236,460.6196640241639,50.90437408563033,53.43624939042022,49
380,2632,1780,400.04003681780597,1.0,1.0,24.764598761840613,0.9228841957088536,0.9293361884368309,0.8460574894514767,461.58088174603415,61.56126739234196,61.54084492822793,51
376,2632,1780,688.4032213737319,1.0,1.0,8.556245872383316,0.8539776063955772,0.9998987905470371,0.6662392652671756,788.1994208805771,94.94429926026747,99.79619950684503,88
372,2632,1780,432.10139570526434,1.0,1.0,25.799699277317,0.985095015101323,0.9943363887025859,0.9794871794871794,493.50170962744437,59.10047088326923,61.40031392217948,54
379,2632,1780,532.136463754245,0.999753937007874,1.0,18.932342973410158,0.9788658976989348,0.9871479061797152,0.9679147012578616,602.8788066189865,69.36351429711138,70.74234286474089,65
362,2632,1780,405.653086600845,1.0,1.0,24.925921043019663,0.9622536885718594,0.9733216579100993,0.9244977678571429,469.0490465374919,61.34393990497,63.39595993664666,52
373,2632,1780,433.3951061918611,1.0,1.0,34.6552911765536,0.9242757602972747,0.9570999734012235,0.8246182528409091,501.1632173041748,64.9021666684702,67.76811111231342,61
363,2632,1780,415.3625225272932,1.0,1.0,22.63179782733467,0.9736020253538824,0.9751195132551065,0.9561347336065574,472.2910283110324,53.89275867560827,56.92850578373886,52
361,2632,1780,683.6906390342388,1.0,1.0,14.059442078335827,0.9873650950901367,0.9843076634813566,0.9828169515669516,784.6263822304979,95.90361479438901,100.93574319625937,94
370,2632,1780,404.24543554983387,1.0,1.0,33.5092747927034,0.9668373048776091,0.948966613672496,0.9722016033254157,458.00638009093916,49.89141681165744,53.76094454110495,55
368,2632,1780,581.758249954757,0.9999475671140939,1.0,18.650498423248056,0.9851284256616756,0.9914560341758633,0.9705561155913979,671.2482626473862,88.48501903894358,89.49001269262904,78
366,2632,1780,356.271726388312,1.0,1.0,21.73149984139546,0.9473790208056846,0.9734748010610079,0.8884297520661157,414.79051608605994,57.02818454662166,58.51878969774777,44
364,2632,1780,403.3362316888153,1.0,1.0,20.049824977231008,0.9900974017184717,0.9908215125540468,0.9864496887966805,466.378769396562,60.063806561619614,63.04253770774642,51
365,2632,1780,386.5009315744052,1.0,1.0,34.154042647266344,0.9094049711632435,0.9096541624422665,0.8317182055749129,437.41970474051277,49.37815974916123,50.91877316610747,53
371,2632,1780,419.2573591733813,1.0,1.0,21.522640752452432,0.9523384196669488,0.9848456146997537,0.8902983449477352,486.61292215430956,65.78334447139177,67.35556298092784,56
377,2632,1780,336.92294984034675,1.0,1.0,32.39549481557983,0.9917843388960205,0.9879673399226472,0.992445054945055,372.5792519829808,33.98445321395101,35.656302142634,43
392,2792,1893,367.7557655703441,0.9998394691780822,1.0,35.35767098711492,0.9306075470465001,0.9549979165702116,0.8561809392265194,426.85508098035467,57.898973115015615,59.09931541001043,51
394,2792,1893,605.5090467562756,1.0,1.0,22.759472962055394,0.9711853330271828,0.9752912907467017,0.9519393631436315,699.8002880909845,94.18686200206298,94.29124133470866,83
390,2792,1893,466.0813976928763,1.0,1.0,28.382199438136603,0.9385998933436757,0.9390737253260794,0.88671875,532.3965818930402,65.72277630024557,66.31518420016373,61
395,2792,1893,280.97553151730267,1.0,1.0,25.010655055475347,0.989217328730928,0.9907773386034255,0.9866384345794392,316.5985513704591,32.434529779734525,35.62301985315633,36
388,2792,1893,243.72069752136372,1.0,1.0,24.082679313211706,0.9606285722117902,0.9632756866734487,0.9343434343434344,285.8332393757096,43.66881278151873,42.1125418543458,33
393,2792,1893,306.07262048237385,0.9998525943396226,1.0,27.122773548492635,0.9080146631678051,0.910020925366194,0.8312904094827587,343.67542709508564,36.904209919067526,37.602806612711674,38
391,2792,1893,403.3537453167908,1.0,1.0,26.08820213272294,0.9736111480702875,0.9900947917776121,0.9276160037878788,452.69345748933625,47.009568258817865,49.33971217254524,52
381,2792,1893,362.8640753373009,1.0,1.0,20.23361068343487,0.9697336029541059,0.974105461393597,0.9489528795811518,419.08239938762284,58.82748607548257,56.2183240503217,48
398,2792,1893,401.38632898135853,1.0,1.0,33.574075139976664,0.9400599627504126,0.962183113345904,0.8826793323863636,458.8523306635993,50.1990025233609,57.466001682240616,58
400,2792,1893,437.473978707295,1.0,1.0,30.0687651342418,0.9899080319300062,0.9889792051064679,0.9893690664556962,495.15567527148625,55.022544846286394,57.68169656419094,54
382,2792,1893,464.2454355498339,1.0,1.0,22.120842641782783,0.986290217249336,0.9888947299250888,0.9783509036144579,524.1936712798629,56.17235359504288,59.94823573002857,59
386,2792,1893,381.43891065831446,1.0,1.0,30.66948211847736,0.9570227846380039,0.9672608644995923,0.912591314935065,432.2378190075881,48.44836252391008,50.79890834927339,50
389,2792,1893,336.46834790983735,1.0,1.0,30.605558774544182,0.9468184646986888,0.9682264881103926,0.8832175925925926,389.29895122019644,53.7459049655383,52.83060331035885,44
399,2792,1893,572.3418624862728,1.0,1.0,18.313681136071484,0.9547603260657591,0.9498294112501093,0.9331990418118467,650.6493753712438,73.21126932745538,78.30751288497031,72
384,2792,1893,585.0544448257663,1.0,1.0,22.308702417334764,0.979968491314382,0.9942412608607799,0.9548403937947494,660.9497935807083,70.34302313241268,75.89534875494185,71
396,2792,1893,737.0068319176366,1.0,1.0,4.962846824686548,0.9822409543278736,0.9779374037968189,0.9734913793103448,840.3990649985634,101.08834962139102,103.39223308092735,95
387,2792,1893,337.66182301831793,1.0,1.0,31.480510025693405,0.9735738273495921,0.9900543087090231,0.9422923322683706,379.9533157179378,39.43723904942975,42.29149269961983,44
397,2792,1893,444.85285453541525,1.0,1.0,30.021660257177093,0.948791082759577,0.9496755902077313,0.9179993472584856,490.97309524000514,39.93036105688471,46.120240704589804,59
383,2792,1893,191.43642627390182,1.0,1.0,26.020819759690983,0.9175989242081771,0.9343629343629344,0.8387706043956044,220.7643393288152,29.741869582370086,29.32791305491339,23
385,2792,1893,597.0807356642441,1.0,1.0,23.466257656763126,0.9948413730779238,0.9969736529788749,0.9958272417153996,676.5830258788867,78.00343532196354,79.50229021464234,72
415,2952,2006,727.1834554267734,1.0,1.0,14.61353108516283,0.989226996824376,0.9840794156209028,0.9885830573951435,835.417216185782,108.3506411385132,108.23376075900885,94
406,2952,2006,564.3067944372924,1.0,1.0,29.988231922911638,0.9893829740573036,0.9814852082914067,0.9927662037037037,644.1225963301882,75.4737028393432,79.81580189289552,77
410,2952,2006,377.215998298311,1.0,1.0,22.213471248091434,0.9758084833800583,0.9840779308028217,0.9478453196347032,433.03836454666606,52.98354937253231,55.82236624835487,49
416,2952,2006,600.5472612183011,0.9999494336569579,1.0,22.08216859289965,0.9790032184847578,0.9733410271206001,0.9777630023640662,686.2577825136058,82.06578194295649,85.7105212953044,79
401,2952,2006,1307.0920380521904,0.999375,0.0,-66.95706270058976,0.9226546417017939,0.9758236685707692,0.8188357469512195,1653.1011632094364,384.76368773586984,346.00912515724696,200
403,2952,2006,318.3218236808552,1.0,1.0,29.652777089876786,0.9828766808095497,0.9854215918045706,0.9801092791411042,358.59798204584234,40.16423754748065,40.276158364987104,41
402,2952,2006,351.52407599983815,1.0,1.0,25.23002655300476,0.9764872669992124,0.9876895628902765,0.9627530809859155,395.55636482934324,42.79843324425745,44.03228882950497,47
407,2952,2006,307.4977851613602,0.9999259478672986,1.0,29.659473780291886,0.8963757594553068,0.9056639786228945,0.7901362559241706,358.77094854758786,52.15974507934115,51.27316338622742,41
414,2952,2006,504.59106568475426,1.0,1.0,21.57119987313378,0.9810239363980603,0.9908832583471466,0.958366935483871,581.2945775137306,76.80526774346393,76.70351182897596,61
420,2952,2006,1456.2516054388384,1.0,1.0,-43.142567702291885,0.9989827254544273,0.99814272448032,0.9994172494172494,1709.3824819463466,257.44631476126455,253.1308765075099,189
412,2952,2006,461.0982492922196,1.0,1.0,23.794154691482138,0.9870657699639908,0.9866803278688525,0.9812617481203008,526.9340926782214,65.75376507900225,65.83584338600151,55
413,2952,2006,457.41261981983644,1.0,1.0,27.836207174780334,0.966080373449329,0.9650872817955112,0.9499209971910112,523.7092632680309,67.19496517229112,66.29664344819408,58
411,2952,2006,417.44768786881696,1.0,1.0,24.85220958803567,0.9557841459261144,0.9520586867799762,0.9325380067567568,476.25483497852633,56.71072066456348,58.80714710970898,55
417,2952,2006,965.9560318034311,0.999957884097035,1.0,9.32465111339566,0.9581058751611673,0.983949535657964,0.9084988317757009,1122.4305008953477,164.96170363787402,156.47446909191592,121
404,2952,2006,393.90228979932624,0.9999241504854369,1.0,17.945298371860684,0.9883597132514729,0.985820174025137,0.9812794811320755,456.7799279857129,62.816457279579566,62.87763818638638,53
419,2952,2006,507.64679377475505,0.999948261589404,1.0,25.584636670744207,0.9643966861560725,0.9787281065252224,0.932909604519774,578.8527190745442,70.05888794968337,71.2059252997889,67
405,2952,2006,551.5679212593212,1.0,1.0,23.051837971375807,0.9404481216843738,0.9403726257793243,0.8944359756097561,639.2298853612128,87.24294615283698,87.66196410189127,74
409,2952,2006,692.5472612183016,1.0,1.0,16.987684285180322,0.9589040166148586,0.9780806631595728,0.9113209102902374,797.6263159532443,104.36858210241414,105.07905473494279,92
418,2952,2006,530.7112990752586,1.0,1.0,21.483894799997284,0.9894489337911674,0.9970689083066032,0.9756196120689655,623.0388754581079,93.49136457427386,92.32757638284922,70
408,2952,2006,521.0719584537417,1.0,1.0,27.950583322388102,0.9598731100399621,0.9725840948862532,0.9188171241050119,598.327864261145,76.88385871110472,77.25590580740317,65
427,3112,2119,538.7638807522145,0.9997702205882353,1.0,21.916589250071393,0.9829993833568804,0.9787887245325146,0.9817455501618123,615.589230063374,73.98802396673864,76.82534931115913,67
430,3112,2119,551.7645427808467,1.0,1.0,15.130465560559609,0.985657940281649,0.9869118621603711,0.9772677951388888,645.2685045794334,93.7559426978798,93.50396179858656,78
438,3112,2119,377.3600381428805,1.0,1.0,29.570061275210527,0.9897249643012355,0.9977264348039818,0.9776496763754046,428.8069886288897,47.92042572901351,51.446950486009015,50
437,3112,2119,396.55599763577385,1.0,1.0,20.05173481371053,0.9943195184787786,0.9906502337441564,0.9959900442477876,460.89830233547025,65.01345704954427,64.3423046996962,49
431,3112,2119,1085.1120360645787,1.0,1.0,-11.696558957561873,0.9900482607251484,0.9983445421624418,0.9776518924302788,1253.972256869377,165.54033120719873,168.8602208047993,140
440,3112,2119,391.7820564088221,1.0,1.0,29.277719751067345,0.902052834472483,0.9419889502762431,0.7780007645259939,447.37451753130983,52.638691683731096,55.59246112248741,53
439,3112,2119,637.8108724247429,1.0,1.0,17.20029141961407,0.9627599218013043,0.9776508149890775,0.9204471279373369,728.8784547055302,87.8513734211807,91.06758228078715,78
428,3112,2119,449.22477550881365,1.0,1.0,30.086422858158933,0.9582414909627107,0.9675704412546517,0.9098360655737705,514.5991903984897,62.81162233451371,65.37441488967582,60
429,3112,2119,669.9987167357659,1.0,1.0,28.600771350163217,0.9462389037612277,0.9602012423058546,0.8888097949886105,760.3382132360982,85.25924475049871,90.33949650033253,88
421,3112,2119,535.5328532103408,1.0,1.0,38.337781214349256,0.9424808413588854,0.9847229414810978,0.8863568290734825,609.1263908929926,73.6403065239773,73.59353768265156,73
422,3112,2119,585.9899395252629,1.0,1.0,23.535111483643607,0.9598929300546559,0.9518205222508275,0.9453993055555555,660.7537672294443,71.64574155627187,74.76382770418125,72
433,3112,2119,590.5672592306892,1.0,1.0,15.119544549859409,0.9421126015673831,0.9851276359600444,0.8585410814606742,672.1755039764431,78.16236711863063,81.60824474575374,74
426,3112,2119,423.6467937747552,1.0,1.0,31.415700507638352,0.9859791766307349,0.9777181648965291,0.9901315789473685,481.8142163939154,52.751133928739755,58.16742261915981,55
434,3112,2119,533.9899395252628,0.9997209821428571,1.0,24.93441600672095,0.9923073500952776,0.9902552495913491,0.9968135749385749,605.0162703440776,71.28949622822182,71.02633081881456,69
423,3112,2119,425.73195911627874,1.0,1.0,23.026185839954806,0.9804827469798173,0.9849233962033815,0.9624873481781376,495.47879172201345,70.12024890860138,69.74683260573427,57
432,3112,2119,365.6443093903424,1.0,1.0,29.157968071019358,0.9826068586719245,0.9705251875669882,0.9892663043478261,409.0913598959485,43.420575758408766,43.44705050560583,44
435,3112,2119,384.55599763577385,1.0,1.0,20.79665832260307,0.9527942027786968,0.9642551369863014,0.9113604323308271,439.95701264480255,53.1015225135428,55.40101500902854,48
425,3112,2119,373.8497081223704,1.0,1.0,26.70140878558334,0.978495882429749,0.9859379993608182,0.9587560876623377,426.875544591957,53.28875470437961,53.0258364695864,46
436,3112,2119,515.0607376518559,1.0,1.0,26.373287808988085,0.9057523640682401,0.9214584578601315,0.8049395161290323,580.1516169916747,60.13631900972783,65.09087933981853,66
424,3112,2119,423.33623168881525,1.0,1.0,35.01877640384147,0.9696086842335637,0.9677564016323602,0.9644808743169399,485.4073865707943,56.35673232296803,62.07115488197867,57
455,3272,2232,518.3005016112027,1.0,1.0,19.869705989306233,0.9916657587972545,0.9956668271545498,0.9881957116788321,596.5484151388424,79.87187029145905,78.24791352763933,64
456,3272,2232,411.6117257257746,1.0,1.0,31.414360462329693,0.9701248581157775,0.9578470649712594,0.9605630990415336,473.50459131240257,59.83929837994147,61.89286558662763,57
454,3272,2232,622.5672592306893,1.0,1.0,25.56834274477384,0.9827992864796645,0.9714894624674402,0.9834911616161616,704.8806064061995,79.97002076326497,82.31334717550997,77
444,3272,2232,380.2366583393315,1.0,1.0,30.93620809437103,0.9496413062033418,0.957248111126754,0.9009824810606061,438.6524227481278,57.623646613194296,58.415764408796164,52
445,3272,2232,443.05196044135334,1.0,1.0,23.413422338256897,0.950145800018813,0.9459033021525978,0.9272755872483222,510.9346619427285,67.3240522520621,67.88270150137473,58
453,3272,2232,507.4151042042492,1.0,1.0,31.640270538077328,0.9495182859607917,0.9421188179318172,0.9255919603524229,579.3852765520536,65.2052585217058,71.97017234780388,68
443,3272,2232,432.7876872062797,1.0,1.0,22.375514715661417,0.9332470091730319,0.9298806032677001,0.8821980337078652,485.97149100103036,51.27570569212553,53.18380379475035,53
442,3272,2232,424.70881469084577,1.0,1.0,24.828465768650368,0.9832658391979628,0.983073798239675,0.9787280701754386,493.7713760886912,65.3438420967675,69.06256139784502,56
452,3272,2232,543.6205029362773,1.0,1.0,21.596034774025913,0.9819171674311475,0.9839252336448598,0.9692398119122257,619.7696629704241,72.97374005122,76.1491600341467,69
457,3272,2232,367.7908336193246,1.0,1.0,20.579783196350625,0.9742147421474215,0.9664921465968587,0.96421875,424.7480985358094,56.93589737472687,56.95726491648458,45
441,3272,2232,405.6180185518644,1.0,1.0,38.77652756019573,0.9769904068342554,0.979138233573796,0.9626672749391727,460.6157448433201,53.246589437183104,54.9977262914554,57
446,3272,2232,634.7814351732197,1.0,1.0,5.445279975856556,0.9944327513953356,0.9948832169516012,0.9909101711026616,734.2871126443598,98.2585162067095,99.50567747113968,76
460,3272,2232,1028.3906765145828,1.0,1.0,-10.142534337655688,0.9111395940542919,0.9901205756514975,0.7639914772727273,1199.4233416605564,167.29899771896032,171.03266514597362,132
451,3272,2232,520.7876872062798,1.0,1.0,29.715583829703476,0.9367053339932673,0.9222021859934494,0.9146005509641874,599.2066174344219,78.6283953422129,78.41893022814195,70
459,3272,2232,470.3267924496807,1.0,1.0,21.150994290364377,0.9852843758871962,0.9919113858835652,0.9666704136690647,531.2024655477185,59.81350964705615,60.87567309803745,52
450,3272,2232,462.1514929978076,1.0,1.0,39.994754156927655,0.9883827407696817,0.9844414893617022,0.9945760350318471,520.7074173601254,53.33388654347617,58.555924362317455,64
458,3272,2232,422.3306008913576,1.0,1.0,32.20685800234697,0.9670170592956863,0.9500828389717278,0.9690896739130435,468.63114422051285,44.7008149937326,46.30054332915506,52
449,3272,2232,512.8616317459177,1.0,1.0,18.970275247537252,0.8940405014464802,0.9667568275019632,0.7199074074074074,582.1578050716623,64.94425998861625,69.29617332574416,69
448,3272,2232,341.4914923352705,0.999876968503937,1.0,25.822906104414937,0.9818627143782249,0.9765434251831182,0.9814236111111111,384.65964942613533,43.752235636297044,43.1681570908647,41
447,3272,2232,407.3274544783128,1.0,1.0,22.116023023072316,0.969903081823727,0.9616113744075829,0.9570670871559633,466.945200663101,58.67661927718209,59.61774618478806,52
475,3432,2345,375.8083472473001,0.9998507165605095,1.0,35.23688402452443,0.9408145749338257,0.9668602990191411,0.8814850278551533,434.1000852850283,56.68760705659228,58.29173803772818,53
461,3432,2345,389.47397870729503,1.0,1.0,23.2357520315419,0.9904805406471571,0.9974476773864216,0.9785814606741573,458.8330152372653,71.788554794955,69.35903652996997,51
469,3432,2345,414.2780192144017,0.9998788759689923,1.0,25.462228541453563,0.9061406210623583,0.9295963931157064,0.7933768656716418,471.43186333674305,57.23076618351172,57.153844122341134,54
479,3432,2345,374.09891132085176,1.0,1.0,26.325411777030013,0.9691830985915492,0.9743716116313454,0.9485261524822695,434.04101930945535,59.16316198290511,59.94210798860337,50
466,3432,2345,518.1427565803347,1.0,1.0,31.438357916470526,0.988793371310202,0.9845609899823218,0.997046493902439,589.1219120461493,65.2187331987212,70.97915546581413,72
470,3432,2345,300.6912602698408,1.0,1.0,28.11999999199516,0.9687834904234564,0.9648700332884765,0.9603472222222222,342.5290736764646,40.25672010993564,41.837813406623745,40
478,3432,2345,618.0600756232242,1.0,1.0,23.03490029374951,0.9894778717056191,0.986473928755808,0.9917497306034483,715.4484082032338,98.83249887001446,97.38833258000965,79
471,3432,2345,291.2398047523764,1.0,1.0,26.094469746647448,0.9721472117085781,0.975755470649531,0.9568552927927928,333.3908221181568,39.97652604867055,42.151017365780355,39
476,3432,2345,661.6755689976463,1.0,1.0,13.33204683961722,0.9846686736484835,0.9885239414325286,0.9677537751677853,766.0505950822535,108.56253912691078,104.3750260846072,90
477,3432,2345,965.0681908050954,1.0,1.0,2.33266008961837,0.9679170593779455,0.9977855692932275,0.9212878392484343,1120.240483727397,148.00843938345275,155.17229292230198,131
467,3432,2345,441.9110670098288,1.0,1.0,20.792955008232862,0.993047146201663,0.9915775401069519,0.9913877952755905,516.863914706984,73.42927154573225,74.95284769715481,60
463,3432,2345,373.43891065831446,1.0,1.0,26.38903709529733,0.9821918013389848,0.9848822800495663,0.9690095514950167,422.5256929268557,46.63017340281156,49.08678226854104,50
468,3432,2345,1231.301163639835,0.9997479838709677,0.0,-61.04651605920069,0.9632101120915814,0.9639314145744029,0.9508928571428571,1517.9043911407628,331.6548412513886,286.60322750092666,200
474,3432,2345,240.12271777491702,1.0,1.0,26.880194416234552,0.9425038378476831,0.97,0.8687836021505376,276.8128274047633,34.03516444476936,36.690109629846226,32
465,3432,2345,373.6706002288204,1.0,1.0,27.475142121645455,0.9876798610982839,0.9848448969926592,0.9842039233576643,422.85503702141466,47.5266551888912,49.184436792594134,46
462,3432,2345,548.394444163229,0.9999382411067194,1.0,17.779597673984284,0.979669407618728,0.9843221930153961,0.9599833015267175,623.4235004420583,70.54358441824314,75.02905627882876,71
472,3432,2345,575.3625225272933,1.0,1.0,23.455961965928346,0.948067127554307,0.9818989898989899,0.869846635883905,663.4518601580495,87.13400644613411,88.08933763075612,83
473,3432,2345,400.04003681780597,1.0,1.0,34.3845706295657,0.9257287456045218,0.914091562918506,0.8909610215053764,454.1479176688843,52.6618212766173,54.107880851078185,50
480,3432,2345,336.15778582389754,1.0,1.0,17.317280585352666,0.9532963655981536,0.9716124148372445,0.8872626582278481,414.11137127951855,83.93037818343154,77.953585455621,53
464,3432,2345,450.11646574185664,0.9999392023346303,1.0,22.51408488889312,0.9956118754525706,0.998981031509641,0.9967512376237624,518.8993695196457,68.67435566668304,68.78290377778869,60
489,3592,2458,510.64116297729737,1.0,1.0,21.79806828846735,0.9093150104293314,0.9514242412466483,0.7797446013289037,571.8006312554899,60.989202417288666,61.159468278192456,70
494,3592,2458,440.9405042613517,1.0,1.0,30.32209319880091,0.9225299401197605,0.9660407725321889,0.8264358108108109,508.6212494643464,62.52111780449182,67.68074520299453,63
498,3592,2458,275.7294747318663,1.0,1.0,27.492266377739412,0.9759737279244621,0.9810478436657682,0.967953431372549,325.94311344004035,50.57045806226111,50.21363870817405,36
482,3592,2458,522.9254342247593,1.0,1.0,41.41683562564868,0.969734830667921,0.9616804755043228,0.960498595505618,602.9734893444598,75.82208267955025,80.04805511970017,78
486,3592,2458,549.4213970303391,1.0,1.0,23.103980293330117,0.97541272699985,0.9938060405851817,0.9456325301204819,621.9627204680085,69.06198515650384,72.54132343766919,73
484,3592,2458,410.44454145577197,1.0,1.0,31.867660393754054,0.9791015969118894,0.9919354838709677,0.9627067430025446,477.06440660316093,63.179797721082885,66.61986514738861,59
500,3592,2458,408.95801788932715,1.0,1.0,23.684857031897234,0.9813968009990872,0.9944506796358649,0.958976593625498,477.6937661993216,68.60362246499153,68.73574830999434,56
492,3592,2458,480.3856669527263,1.0,1.0,23.40073798077831,0.9766510377566298,0.9697148475909538,0.9736622073578596,546.5935290817405,66.3117931935209,66.20786212901395,60
493,3592,2458,276.4157662328814,1.0,1.0,29.081747272024312,0.9859428171612125,0.9820656525220176,0.99334716796875,324.0466552605142,48.946333541449064,47.630889027632705,35
481,3592,2458,598.658717398303,1.0,1.0,32.47914329355479,0.9529194715117263,0.9823222177581358,0.8990026595744681,689.7847318192527,85.6890216314244,91.12601442094966,86
488,3592,2458,835.1007744696627,1.0,1.0,-1.3263444859392655,0.9820179526580515,0.9910569105691057,0.9514342350746269,953.353516936319,116.62911369998437,118.25274246665627,108
491,3592,2458,367.7119611038907,1.0,1.0,27.585584063592634,0.965732314482155,0.964232169629471,0.9434705284552846,425.1277285309052,53.873651140521275,57.41576742701417,49
485,3592,2458,396.9580178893272,0.9999317685589519,1.0,23.226393784343568,0.9655064283474443,0.9704237604076054,0.9327920305676856,459.7081355795352,61.12517653531194,62.750117690207965,55
487,3592,2458,376.72632831882123,1.0,1.0,32.983388509727135,0.9776234312394451,0.9797297297297297,0.9764014175257731,432.3282973927532,53.402953610897455,55.601969073931635,55
496,3592,2458,454.5885813003415,1.0,1.0,22.8553663040938,0.9239265379511108,0.9495542737283692,0.8330834870848709,520.7832591344992,64.79201675123625,66.19467783415749,66
495,3592,2458,552.7876872062799,1.0,1.0,27.384039682880726,0.9293403888018182,0.9418084826627597,0.8610873287671232,631.0397779771346,77.62813615628147,78.25209077085432,79
483,3592,2458,574.2041154677935,1.0,1.0,14.47309598916653,0.9542449575584476,0.9734099616858237,0.8693426724137931,671.6739428830128,94.45474112282908,97.46982741521936,77
499,3592,2458,480.50341595881775,0.999941697761194,1.0,23.523116477428363,0.9763207991147327,0.9661613254013944,0.9763829022988506,548.2572950708237,70.88081866800812,67.75387911200538,69
490,3592,2458,487.7908336193246,1.0,1.0,27.26798744816318,0.9415519685067912,0.9441466600603576,0.9048488451086957,562.9557621197118,69.24739275058049,75.16492850038703,68
497,3592,2458,483.3362316888152,1.0,1.0,21.49286429247725,0.9671305203419164,0.9724033875206853,0.9339657738095238,563.088395836493,77.62824622151612,79.75216414767743,64
511,3752,2571,457.242289136789,1.0,1.0,28.02425890235474,0.9839745189029157,0.9845963570946705,0.9694743377483444,523.9349543365178,66.28899779959279,66.69266519972854,63
507,3752,2571,538.3919597788162,1.0,1.0,23.997339915895427,0.9773183186809334,0.9640280191710118,0.9808978873239437,619.3324090876088,78.66067396318869,80.94044930879251,73
513,3752,2571,498.2216290957686,1.0,1.0,28.658248983035275,0.9687503545938341,0.9770385005606878,0.9502118644067796,581.1310046585322,83.8640633441448,82.90937556276323,68
503,3752,2571,408.73510552932373,1.0,1.0,39.34919897398633,0.9504715004866477,0.917991993941361,0.9483619888475836,473.8018022226704,63.85004504001967,65.06669669334646,57
515,3752,2571,339.29238642933234,1.0,1.0,34.39604274823743,0.9676121741530618,0.9594558725945588,0.95713458994709,386.9014476411044,43.66359181765792,47.60906121177196,49
501,3752,2571,567.6818618237357,1.0,1.0,21.430962982536727,0.9898894449694154,0.9875443867795685,0.9882478632478633,651.2862077632835,83.40651890932119,83.6043459395474,74
520,3752,2571,490.61487213881946,1.0,1.0,22.974711019676988,0.8554224663522375,0.8882936507936507,0.6453503024193549,572.5957565883941,80.9713266743617,81.98088444957445,70
502,3752,2571,476.76139636780175,1.0,1.0,25.81225705759737,0.9242995092607251,0.9231613611416026,0.8668859649122806,555.0344419171518,74.65956832402459,78.27304554934975,67
504,3752,2571,822.5497456027147,1.0,1.0,4.933741211458678,0.9858689257135017,0.9785485527826455,0.98413140311804,946.4793715844033,116.14443897253366,123.9296259816893,115
516,3752,2571,388.29801722678985,0.9998842592592593,1.0,33.0956555779837,0.9674834275252416,0.9853127234721382,0.9350867146596858,442.1669765587127,52.303438997883795,53.86895933192253,55
512,3752,2571,1268.5747531769578,1.0,1.0,-23.52195561014359,0.9743864018890375,0.9716623191842542,0.9659738041002278,1540.0798058913283,291.007579071558,271.50505271437225,177
508,3752,2571,333.21599829831115,1.0,1.0,29.368743649122898,0.9773073989321129,0.991514360313316,0.962841796875,387.40099451725956,52.77749432842239,54.18499621894826,45
519,3752,2571,330.2955328423772,1.0,1.0,31.123467847719148,0.9506486297100165,0.9767647258645289,0.8925717213114754,396.3130305655262,69.02624658472311,66.01749772314874,45
506,3752,2571,355.8434152962806,1.0,1.0,30.903326189640396,0.9565552296289663,0.9886326302648005,0.8963842147435898,405.0462183851085,46.80420463324142,49.202803088827594,48
509,3752,2571,497.70566827780084,1.0,1.0,28.832764744822065,0.9717279506767749,0.9701892659910997,0.9563397129186603,577.9052866634922,76.0494275785368,80.19961838569128,69
514,3752,2571,558.7112990752586,1.0,1.0,33.27913073562017,0.9582968493533314,0.9654601525726343,0.9059144938650306,636.3852321010448,75.26089953867886,77.6739330257859,76
517,3752,2571,618.2566971447493,1.0,1.0,19.379051035946087,0.9295403735455138,0.9448812346603436,0.8524830060422961,713.1024401990564,91.26861458146,94.84574305430667,83
505,3752,2571,399.50656237186274,0.9999423431734318,1.0,29.66721345250286,0.9195447939275015,0.9412023675585776,0.854682944606414,459.0100144373736,59.25517809826596,59.50345206551066,57
510,3752,2571,427.1045421183093,1.0,1.0,27.18028721381043,0.9523016184708243,0.9425892159416515,0.9291183774834437,483.01694780483933,52.36860852979463,55.912405686529745,58
518,3752,2571,472.6173565232322,1.0,1.0,26.525568537009363,0.9908163842492708,0.9898567335243553,0.9877958579881657,539.2000079239793,63.87397710112012,66.58265140074678,62
531,3912,2683,317.6706002288204,1.0,1.0,34.40650372221753,0.9361257253630517,0.9603324518322629,0.8659119897959183,376.53346302516485,59.044294194516254,58.86286279634416,45
539,3912,2683,534.6324265598246,1.0,1.0,25.46132925437342,0.9318608991123924,0.9345079560199413,0.8708053691275168,620.6121667687346,86.21961031336501,85.97974020891,75
529,3912,2683,528.2980172267899,1.0,1.0,28.899832780643234,0.9487993250911426,0.9732844212289167,0.8821734828496042,598.8343245419663,66.05446097276428,70.53630731517622,76
522,3912,2683,379.75576557034407,1.0,1.0,21.95686380159442,0.9161188705213628,0.9211226164205285,0.8328619909502263,448.0274694970702,70.15755589008882,68.27170392672586,53
533,3912,2683,540.3593761142483,1.0,1.0,22.795405601211883,0.9920920173629282,0.9949844176081029,0.984375,621.1197658644808,82.89058462534803,80.76038975023205,70
526,3912,2683,701.7758043757624,1.0,1.0,-0.523528930903481,0.9895373774509805,0.9933428697183099,0.9853658536585366,834.2792035396174,135.00509874578213,132.50339916385488,97
523,3912,2683,409.8759989608483,0.9998507165605095,1.0,35.12695324444776,0.9320157408383403,0.9310456608317125,0.888921210106383,471.0298267985131,60.98074175649689,61.15382783766458,54
537,3912,2683,780.1715318032262,1.0,1.0,7.508152938685786,0.9949894935015361,0.9995350188898576,0.9925542840375586,903.8983736261893,117.34026273444437,123.72684182296297,111
530,3912,2683,727.8045795986533,1.0,1.0,11.590379250131658,0.9866684423385599,0.9881121808287987,0.977304469273743,845.82491006241,113.28049569563503,118.02033046375675,97
532,3912,2683,615.9573558606952,1.0,1.0,20.053939709492898,0.9268495398697063,0.923904205780176,0.8722174657534246,705.27770271263,86.73052027790172,89.32034685193453,85
521,3912,2683,540.8665597217137,1.0,1.0,18.7377995059822,0.9396648409238286,0.996468797564688,0.8513569078947368,617.3673162913817,74.25113485450143,76.50075656966762,73
536,3912,2683,402.8114936603449,1.0,1.0,31.02576226657729,0.9887101860611794,0.980759456908444,0.9905192057291666,463.49944244444094,57.281923176143785,60.68794878409586,59
528,3912,2683,508.28050359881445,1.0,1.0,21.090541743692985,0.9513585134574247,0.9574260643483913,0.8963980923694779,596.9766017783317,90.29414726927544,88.69609817951701,71
524,3912,2683,574.5059003432307,1.0,1.0,29.30410663577778,0.9362615832018926,0.9856917134831461,0.8533896169354839,659.0781389888458,84.85835796842252,84.57223864561503,75
540,3912,2683,572.6787154106909,0.9999007936507937,1.0,23.478151872452894,0.965752468683485,0.9655546131373104,0.9534054487179487,658.8653893955926,82.78001097735194,86.18667398490132,74
538,3912,2683,443.53285321034065,0.9999499198717948,1.0,29.865732958562695,0.9671160350633583,0.9868012894592786,0.9449209427207638,518.4761591146099,72.66495885640336,74.94330590426893,62
525,3912,2684,312.7000374803433,1.0,1.0,32.86607578510948,0.9643137728893455,0.9667795175624206,0.9541603915662651,365.4688055027645,52.15315203363161,52.768768022421064,41
535,3912,2684,347.32745447831275,1.0,1.0,25.41914060351391,0.9949399691733593,0.9954402515723271,0.9965152877697842,405.2088161502291,58.322042507874215,57.88136167191612,49
534,3912,2684,565.1070265027222,1.0,1.0,12.692192183138989,0.9889322916666666,0.9826239224137931,0.9934701492537313,666.0423650697762,104.15300785058068,100.93533856705382,77
527,3912,2684,350.7238439344085,0.9999480897009967,1.0,38.5316318614058,0.9616007274017563,0.9597873500545256,0.9471817484662577,404.9280269917009,54.306274585938404,54.204183057292276,54
553,4072,2796,277.81464007338997,1.0,1.0,26.429221150171383,0.9783685648341705,0.975059909470134,0.9734768907563025,317.68282030693524,38.802270350317954,39.868180233545296,38
550,4072,2796,318.1252021593298,1.0,1.0,29.998601457688945,0.9865654667721518,0.988348599137931,0.9787946428571429,364.7779482898802,45.97911919582542,46.652746130550284,43
546,4072,2796,283.00811518187044,1.0,1.0,32.977963443633726,0.9046695653776,0.8792732623952909,0.8760335603112841,335.74982877282804,53.61257038643632,52.74171359095755,43
545,4072,2796,527.2973551981577,0.9998899647887324,1.0,21.010487735114964,0.9675549278458012,0.9655605944950832,0.950109649122807,603.7807897865476,73.4751518825843,76.48343458838956,69
541,4072,2796,770.5935908621975,1.0,1.0,4.40185822011228,0.9821409990095461,0.9891591382904795,0.9634765625,891.892271058849,118.9480202949775,121.29868019665172,100
556,4072,2796,441.268579975267,0.9997568093385214,1.0,25.19749880096184,0.976445300654644,0.9604387478432339,0.9825641556291391,504.3987495071913,65.445254297886,63.130169531924004,56
547,4072,2796,355.26609559085426,1.0,1.0,35.381642604186,0.8955850870460879,0.9545839772670621,0.7774032360406091,409.575287365282,49.963787661641305,54.30919177442754,58
554,4072,2796,329.28990204491953,1.0,1.0,29.03246662136128,0.9584275487313318,0.9648984317440269,0.9321784420289855,370.67029405821955,38.070588019949895,41.38039201329991,46
557,4072,2796,1314.795181152549,0.9984066611842105,0.0,-50.99486854238551,0.9310731604726795,0.95832565000922,0.8683035714285714,1606.0087973233306,312.32042425617203,291.21361617078185,200
558,4072,2796,446.3568917298355,0.9998507165605095,1.0,34.298465889172284,0.9324774132192106,0.9531117220694826,0.8813829787234042,511.6385638377596,63.42250816188554,65.28167210792368,64
543,4072,2796,633.3124252347502,1.0,1.0,27.935349872240803,0.9304207214372603,0.9138505025125628,0.9021317829457365,723.5849878505992,83.6588439237727,90.27256261584854,91
549,4072,2796,395.1834146337434,1.0,1.0,33.22006871899844,0.9438871058951404,0.9703541177671191,0.8875087780898876,464.46713275408956,72.42557718051917,69.28371812034612,50
542,4072,2796,349.89351258882385,1.0,1.0,27.15495543261327,0.9116045283294261,0.9182845552013909,0.8230088495575221,394.91867952980067,42.78775041146501,45.025166940976675,46
548,4072,2796,419.1834146337433,1.0,1.0,22.566851033579358,0.9107051702763801,0.9724041159962582,0.78296875,482.38390604337536,59.550737114447806,63.20049140963188,57
551,4072,2796,457.24228913678894,1.0,1.0,29.420201056565947,0.9620439308071266,0.9881568800264404,0.9229993796526055,524.5923959981706,62.02516029207189,67.35010686138125,63
552,4072,2796,385.43891065831446,1.0,1.0,26.756737331799165,0.9921967379726176,0.9952353027415335,0.9858763345195729,448.2250439815361,61.17919998483209,62.786133323221435,52
560,4072,2796,414.73262114491104,1.0,1.0,33.106882330298355,0.9600822191630994,0.9844119338146042,0.9328636098130841,481.2759162636135,65.31494267805346,66.54329511870226,63
555,4072,2796,423.0957649078069,0.9998774509803922,1.0,27.425450695963672,0.884371469458462,0.9329477679378276,0.7483482142857143,479.2728714452264,52.765659806129015,56.17710653741932,57
544,4072,2796,587.8872605557638,0.999896523178808,1.0,21.387614597898562,0.9890734298432649,0.9822329797095478,0.9932851239669421,676.8157457884618,87.64272784904671,88.92848523269784,78
559,4072,2796,305.58295050288393,1.0,1.0,24.74425985905407,0.854729877038458,0.8276588065447545,0.7867111650485437,359.1331222551351,54.82525762837644,53.55017175225096,47
569,4232,2909,401.61801855186445,1.0,1.0,21.78952561786346,0.9485971003492505,0.9676760306457497,0.906886574074074,459.2144030174103,60.14457669831866,57.596384465545746,54
575,4232,2909,331.30116363983484,1.0,1.0,29.412597099698637,0.9392313127789554,0.9564597641570558,0.8809177740863787,381.24769543708,46.419797695867366,49.9465317972449,47
563,4232,2909,337.6968910672984,1.0,1.0,26.946770533605235,0.9421488770657751,0.981155642445965,0.8448138297872341,385.66872436554206,47.95774994736533,47.97183329824355,41
573,4232,2909,525.0719584537414,1.0,1.0,29.467661368290898,0.9399223772069313,0.9538754824010787,0.8956399204244032,595.97300520412,68.85157012556702,70.90104675037803,72
574,4232,2909,704.2065998522066,1.0,1.0,14.510238270122464,0.9713608957795005,0.9796257432668766,0.9500752005347594,815.6968741296536,110.9854114161707,111.49027427744718,96
576,4232,2909,433.21599829831104,1.0,1.0,20.8643654887183,0.9788850402317661,0.9886225631192074,0.9543269230769231,512.6853521805074,80.20403082329399,79.469353882196,62
571,4232,2909,661.3212024452531,1.0,1.0,20.646795282471675,0.9806606960347846,0.9995535514978348,0.9420591359773371,759.1662999965828,92.76764632699411,97.8450975513295,91
579,4232,2909,443.8171244578025,1.0,1.0,31.447777038586104,0.9127571224287758,0.9382893226176808,0.7972916666666666,516.8377557697195,70.53094696787478,73.02063131191655,61
578,4232,2909,435.3362316888152,1.0,1.0,21.61865054889863,0.9163088192840645,0.9313151041666666,0.8396739130434783,508.33378734665416,70.49633348675783,72.99755565783856,65
562,4232,2909,392.3894753944034,0.9997837370242214,1.0,32.60428069849976,0.9700839727868107,0.9819891536892382,0.9635416666666666,455.73818753368147,59.773068208916975,63.348712139277986,56
564,4232,2909,511.2097054722212,0.9999464897260274,1.0,26.412779189298007,0.9779448856770803,0.9886458507263316,0.9577773876404494,586.0160439389739,73.95950770012836,74.80633846675228,71
566,4232,2909,383.2660955908543,1.0,1.0,29.535185482989213,0.9904181452800901,0.9846473790445899,0.9951041666666667,444.0475922721724,61.922245021977076,60.781496681318046,56
570,4232,2909,419.3625225272933,1.0,1.0,26.04839366538234,0.9630147762114616,0.9600635701835333,0.9464372568093385,499.0019490958179,81.20913985278658,79.6394265685244,63
568,4232,2909,320.271726388312,1.0,1.0,22.857514727191663,0.9974438381752937,1.0,0.9936548223350253,370.2302985584819,48.6878582552545,49.95857217016965,40
561,4232,2909,469.89351258882374,1.0,1.0,28.869211575274164,0.966935837529677,0.9728469555677455,0.9477507961783439,547.6038406020651,76.81549201986176,77.71032801324122,70
567,4232,2909,278.78520282186713,1.0,1.0,21.761939133930834,0.9835676117698479,0.9880880880880881,0.9759150552486188,325.8076732119453,46.53370558511728,47.02247039007818,37
565,4232,2909,467.13083295678734,0.9998427013422819,1.0,28.85905390642712,0.9666682598449226,0.9702938026726265,0.9464221014492754,540.461362013295,73.9957935847613,73.33052905650753,60
572,4232,2909,583.1834146337435,0.9998739919354839,1.0,18.263654859194812,0.9657363420427555,0.957825040128411,0.9554811507936508,701.4773158012703,121.94085175129004,118.29390116752667,86
580,4232,2909,401.40384260933405,1.0,1.0,32.691335120585144,0.932176740219593,0.981764097258148,0.8137019230769231,464.40033613515425,63.74474028873003,62.996493525820014,61
577,4232,2909,347.98745514085,1.0,1.0,33.628254993577805,0.9336286446520539,0.952734330403014,0.8693365695792881,407.33593558662614,57.52272066866386,59.34848044577592,50
587,4392,3021,311.4189126459263,1.0,1.0,31.303751551649423,0.9054287817445713,0.9108097784568373,0.8279119318181818,361.80117775425447,47.07339766249203,50.38226510832799,47
592,4392,3021,849.0544448257666,1.0,1.0,-0.05935638668642129,0.9757578617836298,0.9803354540196646,0.9492453231292517,991.1014647676282,149.3205299127923,142.04701994186163,123
595,4392,3021,398.3481145193331,1.0,1.0,30.33307800521886,0.9694949321153725,0.9816256830601093,0.9456569025522041,462.083066755208,64.10242835381223,63.734952235874836,58
594,4392,3021,1054.5196463225595,1.0,1.0,-21.526640320535797,0.996706165347766,0.9967874486365335,0.9944526627218935,1219.6733160963158,167.48050466063393,165.15366977375592,142
588,4392,3021,314.29553284237716,1.0,1.0,25.398148737935855,0.961734068627451,0.9789832746478874,0.9078506097560975,367.39853890270376,51.15450909048964,53.103006060326436,47
597,4392,3021,312.94924067882465,1.0,1.0,35.40702421082786,0.9629476756306024,0.9571047203009343,0.9444754464285714,355.25962811062504,38.71558114770049,42.31038743180032,43
585,4392,3021,368.2454355498339,1.0,1.0,30.312790266836654,0.9290942131675031,0.9082061490820615,0.9047916666666667,431.45694024674253,64.06725704536271,63.21150469690848,50
581,4392,3021,431.3099408503373,1.0,1.0,25.348081434507975,0.9666259716962329,0.9625453309156845,0.9474038461538462,493.4141705962594,57.906344618883026,62.10422974592201,58
591,4392,3021,465.60543289968473,1.0,1.0,29.247400347656303,0.9794219001017868,0.9858684340253053,0.9663656655844156,539.3385028245959,73.84960488736631,73.73306992491086,66
589,4392,3021,504.0751048667864,1.0,1.0,28.100458679702683,0.9644815652114838,0.9611681790962274,0.9492915372670807,574.927948866693,68.02926599985902,70.85284399990601,73
593,4392,3021,630.2216290957691,0.9999613242574258,1.0,29.35428670057746,0.9841943245236977,0.9996371772389188,0.9701704545454546,715.1004863391483,83.06828586506877,84.87885724337919,85
590,4392,3021,602.7375899137368,1.0,1.0,11.92486227908222,0.981070818631828,0.9725870586817689,0.977123877245509,694.947999663717,89.56561462497024,92.2104097499802,80
596,4392,3021,456.7263283188212,1.0,1.0,34.11084790842964,0.9703939971563291,0.9850095868921039,0.944634555785124,517.1572618522225,59.8964003001016,60.43093353340105,61
582,4392,3021,236.61238775440688,0.9999107142857143,1.0,25.5327244866398,0.9890222861250899,0.9940404040404041,0.9859821428571428,266.96849595569876,27.53416230193769,30.356108201291786,34
598,4392,3021,481.5002695457729,1.0,1.0,34.93056764716673,0.979046958255586,0.9827489481065919,0.9766418147208121,554.3865408711389,68.82940698804825,72.88627132536553,69
583,4392,3021,315.4977851613603,1.0,1.0,32.96423171264311,0.9652280675315694,0.9602892587743906,0.9576581790123457,361.21501775900055,38.575848896460215,45.71723259764015,48
586,4392,3021,407.4802715333848,1.0,1.0,37.497493978810716,0.9577310438489155,0.9852111086023934,0.9172393672199171,470.3409995648348,58.291092047174885,62.86072803144988,58
584,4392,3021,389.24228913678905,1.0,1.0,34.01465756543364,0.9811107820616459,0.9762190465801244,0.9815848214285714,451.8575150820942,60.92283891795745,62.61522594530496,54
599,4392,3021,533.5265603842511,1.0,1.0,24.411380872328607,0.9643641563112665,0.9635459142064916,0.9458264802631579,627.2233666879032,92.54520945547831,93.69680630365227,79
600,4392,3021,331.96116430237214,1.0,1.0,23.28069753143017,0.9896026066212836,0.9768065052670486,0.9942602040816326,378.85248852937525,45.58698634050451,46.891324227002976,48
603,4552,3134,491.19219184424566,0.9999399038461538,1.0,21.33526517811178,0.9913308738800702,0.9931678575905729,0.9857673267326733,557.1752771502117,63.72462795894839,65.9830853059656,65
618,4552,3134,211.43642627390182,1.0,1.0,25.318285643357356,0.9840127838817049,0.9715306592899954,0.9861111111111112,244.95419099660484,31.526647084054545,33.51776472270302,30
609,4552,3134,506.75510354171183,1.0,1.0,27.354791541171476,0.9796561046664021,0.9832447673788093,0.9641738126649076,581.1803779219017,68.88791157028405,74.4252743801894,71
620,4552,3134,498.8728525478033,1.0,1.0,34.59954954814253,0.9935592090041783,0.9912596082320853,0.9957357433808554,574.3062936813326,72.65016170029315,75.43344113352877,71
608,4552,3134,396.09261849476195,1.0,1.0,22.97677375681759,0.9730698015314291,0.9701281103720129,0.97265625,471.70502892317666,77.41861564262192,75.61241042841465,56
607,4552,3134,745.5178239667786,1.0,1.0,20.174289773215794,0.9772109888759144,0.976837416481069,0.9633231351981352,851.0498978220966,99.79811078297632,105.53207385531759,101
617,4552,3134,302.785202821867,1.0,1.0,32.40480181819588,0.9832381108590068,0.9839499064344321,0.9851214171974523,350.70015155402757,43.37242309824062,47.91494873216041,42
601,4552,3134,975.3850457171255,1.0,1.0,5.256037248204141,0.9708021675617354,0.9949003608975365,0.9235958149779736,1135.2751717706699,159.5851890803178,159.89012605354534,140
614,4552,3134,1029.2472986986454,1.0,1.0,-20.400796014230213,0.9884271225111853,0.9892662769602902,0.9890116869918699,1225.811012356716,207.09557048710678,196.56371365807124,146
602,4552,3134,306.9818243433924,1.0,1.0,29.713923491930856,0.8774021075375136,0.9795301552411045,0.7053571428571429,357.05883445168706,48.115515162441724,50.07701010829448,47
619,4552,3134,543.8521925067831,1.0,1.0,31.110021855179095,0.9507373502305569,0.9741587005517992,0.8927374708624709,630.8349741881025,83.22417252197845,86.98278168131901,81
604,4552,3134,565.7319591162789,1.0,1.0,30.47910432169462,0.9748909505568717,0.983535798513772,0.9584547139830508,653.2985011754671,87.09981308878162,87.56654205918774,79
611,4552,3134,426.38318256831366,0.9999369959677419,1.0,21.07271280229303,0.9909921959801838,0.9941945971050391,0.987270752895753,499.5018235504083,71.42796147314179,73.11864098209455,59
615,4552,3134,377.60924134136195,1.0,1.0,30.874494975299747,0.9722114172134477,0.9619694209858144,0.9703538907284768,433.4192803952044,55.96505858076341,55.81003905384228,54
606,4552,3134,438.82027087084754,0.9999343487394958,1.0,22.986045274267227,0.9852029208865404,0.9963752196836555,0.9742611434108527,504.2013091601115,68.07155743389607,65.38103828926401,59
612,4552,3134,405.1020577338967,0.9998070987654321,1.0,22.799812013407365,0.9746167585542589,0.9751197362692045,0.9648125,468.47664907580486,65.81188701286199,63.37459134190798,58
605,4552,3134,688.1063644740902,1.0,1.0,18.876243953505032,0.9936298877326573,0.9918517883180376,0.9930912596401028,782.7540838406942,87.97157904990499,94.64771936660341,88
613,4552,3134,312.6649694313628,1.0,1.0,29.970825727191873,0.9547202967880503,0.9811710677382319,0.8831521739130435,358.1784786875106,44.270263884221634,45.51350925614774,47
610,4552,3134,402.55351325136104,1.0,1.0,27.988767835003618,0.9863528159997115,0.99256064016004,0.9753177966101695,477.9175830270388,73.29610466351637,75.36406977567758,60
616,4552,3134,537.6530866008452,1.0,1.0,36.635626586970155,0.9801619868750673,0.9774886712468938,0.9734738372093024,614.945639124607,73.93882878564234,77.29255252376161,78
630,4712,3248,382.0726204823737,1.0,1.0,28.56396460613256,0.8874660827343267,0.893317927979973,0.8082797427652733,443.78391597929874,58.81694324538715,61.711295496924755,59
633,4712,3248,412.27172638831195,1.0,1.0,20.754022943189955,0.8897766174662998,0.8795711177872164,0.8117897727272727,478.79333613476734,67.53241461968281,66.5216097464552,56
637,4712,3248,296.8966590018688,0.999803870292887,1.0,28.865940290620653,0.9893460044853322,0.9903710467336266,0.9976472007722008,348.81883405974713,53.13326258681734,51.92217505787824,41
621,4712,3248,576.6348701512078,1.0,1.0,15.825336819903699,0.9938566364855185,0.9949319432377642,0.9900568181818182,680.7781566879928,104.46492980517705,104.1432865367848,82
636,4712,3248,553.0193767767857,0.9999479166666667,1.0,25.824831714139354,0.957775275471082,0.9809426893010778,0.9244058098591549,646.3951983802219,94.31373240515384,93.37582160343594,78
629,4712,3248,777.4614338481458,1.0,1.0,-12.255374724791958,0.997076358633341,0.9957749011147069,0.9968434343434344,909.4129839837684,131.17732520343432,131.95155013562294,106
638,4712,3248,386.758911983389,1.0,1.0,25.109803746524694,0.9758027511739841,0.9752498530276308,0.9746928418803419,445.40189102334705,57.964468559936755,58.64297903995784,56
634,4712,3248,378.0726204823738,0.9998123123123123,1.0,33.55373771552002,0.9969656221454699,0.9966828103230942,0.9979674796747967,433.29720300329245,55.08687378137775,55.22458252091848,53
635,4712,3248,436.7351055293237,1.0,1.0,27.114155050054862,0.9244391747327458,0.9181057577381198,0.8711078519855595,503.4023191991222,67.00082050469722,66.66721366979817,58
624,4712,3248,835.349977668144,1.0,1.0,-0.6984221593114002,0.9515497433984902,0.9941566468142488,0.8779242318435754,961.8978926134988,126.8218724180323,126.54791494535492,110
628,4712,3248,756.7400742981498,1.0,1.0,9.51618485575115,0.9841511651735485,0.9826879549764482,0.9777981505102041,875.5597365015301,115.97949330507039,118.81966220338036,106
632,4712,3248,612.2892808093171,1.0,1.0,19.258025214009038,0.99808885831757,0.9971322967117002,0.9993832236842105,695.3232198016618,78.80090848851682,83.03393899234459,87
625,4712,3248,485.6793774393229,1.0,1.0,29.92977904789431,0.9508342347892743,0.9355417057969777,0.9387909544159544,556.8674113627235,67.0320508851003,71.18803392340024,72
640,4712,3248,420.67374664186525,0.9998139880952381,1.0,26.801766608920982,0.9446885148612783,0.9475004400633691,0.8957093253968254,479.1169419992,55.41479303600156,58.44319535733439,56
627,4712,3248,335.5240759998382,1.0,1.0,26.97230089377871,0.9739652544360197,0.970784742468416,0.9576633817427386,384.802246344702,47.667255517295494,49.27817034486367,47
631,4712,3248,433.9548714762823,0.9999017295597484,1.0,29.43761076302801,0.9789256750464608,0.9738729845343863,0.9783035714285714,508.24125230768095,73.9295712470977,74.2863808313985,60
622,4712,3248,333.01059956628325,1.0,1.0,27.088132530010526,0.9786145381629245,0.9822391790553875,0.9637276785714286,382.9669427456381,49.43451476903212,49.95634317935476,40
623,4712,3248,553.7144454883035,1.0,1.0,23.340261121114366,0.9462229972544848,0.943807903195311,0.9066964285714286,631.9661756105575,75.37759518338062,78.25173012225373,78
639,4712,3248,391.0957649078068,1.0,1.0,29.79285674258001,0.9401113913850055,0.9573743050158426,0.8777089783281734,445.316872763881,52.831661784111,54.221107856073985,54
626,4712,3248,337.403842609334,0.9998958333333333,1.0,34.30735608641838,0.9028861694758716,0.9170684667309547,0.8181955645161291,388.22736584311247,46.985284850667554,50.82352323377836,51
651,4872,3361,349.58295050288393,1.0,1.0,33.26106252451064,0.9662938004310931,0.9472588089609366,0.9621277700831025,396.18552864008797,42.15386720580571,46.60257813720382,47
644,4872,3361,233.57417329238146,1.0,1.0,30.879419858385763,0.9420151879565295,0.9068612469437652,0.93975,266.8008383948601,30.33999765371793,33.22666510247861,35
652,4872,3361,1178.7688495210418,0.9998532863849765,0.0,-61.57163285074506,0.9552418333755379,0.9983213131061925,0.8850568181818181,1502.2755398054708,351.0100354266439,323.5066902844296,200
647,4872,3361,428.6474558033873,0.9998237781954887,1.0,31.64695647146872,0.9482310709792022,0.943069306930693,0.9307002314814815,498.75110677908094,69.15547646354047,70.10365097569364,63
653,4872,3361,590.6850082367808,0.9998183139534884,1.0,18.225492506690383,0.9973946890541943,0.99662563269387,0.9988839285714286,683.9528734413407,90.40179780684026,93.26786520456018,82
641,4872,3361,485.6706002288203,1.0,1.0,32.67525126853315,0.9523544190609017,0.984279568750332,0.9064148206751055,551.3170635744374,62.46969501842507,65.64646334561671,68
648,4872,3361,472.0488140283085,0.999801377118644,1.0,21.89922497641259,0.9628912721248584,0.9564319248826291,0.9535092213114754,551.5828158612695,79.55100274944114,79.53400183296078,66
650,4872,3361,392.9580178893271,1.0,1.0,32.17237849358161,0.863433873701595,0.8737584739082453,0.7462301587301587,444.23536861882326,43.916026094243975,51.27735072949598,56
649,4872,3361,500.70881469084577,1.0,1.0,32.7629894580922,0.9952554107815402,0.9898167006109979,0.9986328125,553.1722977027829,49.44522451790524,52.463483011936816,67
655,4872,3361,580.1101729157671,1.0,1.0,16.087869108761616,0.9865508616247061,0.9867819915724108,0.9818978658536586,670.3051445823949,82.79245749994132,90.19497166662757,79
656,4872,3361,493.0018631488101,0.9998139880952381,1.0,18.30627666298442,0.9557985002268342,0.9692977004350528,0.9303385416666666,584.2048740374105,90.30451633290005,91.20301088860008,68
659,4872,3361,391.5065623718627,1.0,1.0,33.90737692484227,0.9795510184488856,0.9728506787330317,0.9865898840206185,453.2016492025237,62.54263024599122,61.695086830660784,55
646,4872,3361,345.9285806378043,0.9998154527559056,1.0,25.828396006910026,0.987519694191182,0.9967476736832596,0.9816433566433567,404.0813232442783,59.47911390971062,58.15274260647372,45
658,4872,3361,405.52656038425096,0.9998617256637168,1.0,20.785240998486326,0.9857080421776021,0.9903476121380355,0.9682980371900827,472.1402678951865,66.92056126640313,66.6137075109354,52
643,4872,3361,375.55036683831617,1.0,1.0,30.209315020233838,0.98434207511311,0.9762471837785646,0.9876953125,434.21582161174234,56.49818216013897,58.66545477342598,50
645,4872,3361,355.3449681062882,1.0,1.0,26.868336720586463,0.9310760063017312,0.9460683919816297,0.8594322344322345,417.5532395673908,61.8124071916538,62.20827146110254,52
654,4872,3361,385.6355321798398,1.0,1.0,23.01216807058205,0.8529342717805841,0.8681943700284384,0.6807598039215687,444.10421151584853,58.45301900401266,58.468679336008435,55
657,4872,3361,464.2892400162873,1.0,1.0,29.838772280617846,0.9849357106786311,0.9923430321592649,0.9751880787037037,520.0785235101143,52.183925240739974,55.78928349382668,67
642,4872,3361,414.84656170932544,1.0,1.0,34.61948109319007,0.9893929610470643,0.9851336770171443,0.9959112149532711,477.68943799283005,59.76431442525633,62.84287628350421,59
660,4872,3361,648.9366958196752,1.0,1.0,14.342146998356322,0.9930837011633823,0.9937768725956099,0.99501953125,757.8340764133962,110.84607089058099,108.89738059372073,88
664,5032,3473,289.2986792554221,1.0,1.0,30.833552665738353,0.9461629087125712,0.966986910825972,0.8986023206751055,330.9778721868962,40.01878939721102,41.679192931474006,44
676,5032,3473,437.21599829831115,1.0,1.0,20.3699487699982,0.9879075147908691,0.9874454514937898,0.9906496062992126,517.6690312929321,79.42954949193128,80.45303299462084,65
675,5032,3473,431.3537453167907,1.0,1.0,25.738409002007767,0.9797834827156856,0.9708019191226868,0.9773763020833334,498.4950301614242,63.96192726694964,67.14128484463315,61
663,5032,3473,344.01374597932806,1.0,1.0,29.691472302764524,0.9197171600126408,0.9489713361072585,0.8267826460481099,394.7120508977032,47.54745737756252,50.698304918375,50
661,5032,3473,321.40384260933394,1.0,1.0,27.496257890445886,0.9439150849609227,0.935685276110808,0.9193281938325991,373.9510943980271,51.82087768303956,52.547251788693046,45
674,5032,3473,368.64745580338734,1.0,1.0,26.21271696641485,0.9983632447954056,0.9979785414399005,0.9988729508196721,419.18101369865286,46.55033684289806,50.53355789526539,49
668,5032,3473,423.1483465847627,0.9999529367469879,1.0,36.91695587504076,0.8974320823130989,0.8828109791707223,0.8483873663101604,486.7733305154769,59.437475896070794,63.62498393071389,64
669,5032,3473,971.5641536106749,1.0,1.0,-15.284898934967334,0.984888950152489,0.9845416938819943,0.985059306569343,1136.510527475607,164.1695607973983,164.94637386493233,132
667,5032,3473,432.52970679729583,1.0,1.0,24.8904553411926,0.9470789915966387,0.9334239767452763,0.9265167364016736,501.2188719602734,67.78374774446598,68.68916516297732,59
666,5032,3473,490.4094734067915,1.0,1.0,37.115315766219965,0.9218264582499561,0.9456359419184698,0.8346480582524272,562.5582303211257,72.22313537150083,72.14875691433393,72
680,5032,3473,313.63553217983997,1.0,1.0,26.247399195853443,0.9811995836586,0.9861581920903955,0.9749436936936937,361.7784077050546,47.46431328782185,48.14287552521458,42
665,5032,3473,436.93172705084913,1.0,1.0,32.94768328033889,0.9245064902925293,0.948213868783563,0.8506653708133971,493.7362468694164,54.45677972785053,56.804519818567044,59
678,5032,3473,861.3261712140794,1.0,1.0,3.1210906200597766,0.9586533686194204,0.959221455018513,0.9329208612975392,1021.3289036274311,159.75409862002851,160.00273241335228,124
672,5032,3473,590.9342114352621,1.0,1.0,19.969741816352695,0.9658188368578936,0.9775330722045673,0.910436320754717,685.6276664222278,94.79018248044831,94.69345498696559,86
662,5032,3473,365.3863289813584,1.0,1.0,39.311282308045406,0.9402976860021534,0.986387943607195,0.8708660313901345,422.4999269422415,55.670396941324185,57.11359796088279,55
671,5032,3473,303.2135139138983,1.0,1.0,32.386765276244354,0.9486613303891803,0.936358894105373,0.92572021484375,356.45664848331626,50.614701854126594,53.243134569417734,46
677,5032,3473,434.4883459222255,1.0,1.0,30.62631469219815,0.9855290818519935,0.9731540056350008,0.9873919308357348,515.8634139570878,82.31260205229314,81.37506803486212,60
679,5032,3473,382.81149366034504,1.0,1.0,29.691303493523204,0.9711469310239395,0.9723233048024191,0.9566222924187726,431.24983313588695,47.15750921331263,48.438339475541746,54
670,5032,3473,395.961164302372,0.9998867753623188,1.0,30.928497518853728,0.9694211942614696,0.9749933669408332,0.9529587765957447,456.84551066608236,57.57651954556515,60.88434636371009,57
673,5032,3473,315.5240759998382,1.0,1.0,32.30992655647593,0.9336112953662467,0.9086089371370866,0.9166666666666666,361.4413402576755,43.37589638675565,45.9172642578371,46
686,5192,3586,354.83778449882294,0.9997583762886598,1.0,21.85408724978873,0.994297398902662,0.9979838709677419,0.9918118990384616,410.9707227130577,54.94940732135198,56.13293821423466,49
689,5192,3586,841.0594135945925,1.0,1.0,0.47614559257379524,0.9952729782315866,0.9936935894468873,0.9934292218543046,981.9225014865613,142.2946318379535,140.86308789196903,115
693,5192,3586,490.25669714474907,1.0,1.0,21.661876585787738,0.9730871471868067,0.9611546685673557,0.9686145231213873,567.1760443048154,71.87902074009861,76.9193471600658,64
690,5192,3586,455.6205029362771,0.9999384842519685,1.0,23.970837071531818,0.9479587543039678,0.9369457000629399,0.9314365671641791,527.5498791135554,72.64406426591725,71.92937617727814,60
695,5192,3586,621.3912977501841,0.9999595207253886,1.0,34.248857389832295,0.9708854616048318,0.9759789156626506,0.9482421875,722.5737811175223,98.52372505100715,101.18248336733811,86
682,5192,3586,347.22229112440084,1.0,1.0,33.083657117227915,0.9205252638279069,0.9260923960891525,0.8480269160583942,402.2639841888696,51.812539596702734,55.04169306446847,47
696,5192,3586,466.41825061729406,1.0,1.0,23.217790462194415,0.9946630444730239,0.9976142548274063,0.9904793906810035,543.2725551855347,73.28145685236042,76.85430456824031,63
700,5192,3586,363.8434152962806,1.0,1.0,23.81794587390321,0.9939225723529671,0.998366521468575,0.9977101293103449,417.04423117883897,52.80122382383724,53.20081588255816,45
683,5192,3586,359.60294851527215,1.0,1.0,27.575766745428176,0.9685272671253977,0.9444531006544095,0.9837808935361216,426.7692752989556,67.74949017552503,67.16632678368337,52
691,5192,3586,309.8584445398433,1.0,1.0,27.10298266842801,0.9892302703155076,0.9814383070301291,0.9967105263157895,368.09761924063577,58.10876205118857,58.23917470079239,46
684,5192,3586,452.7613963678017,1.0,1.0,31.498407749689733,0.9657523867252614,0.9734068040249162,0.9438234334203656,525.2951947146419,73.55069752025976,72.53379834683983,64
681,5192,3586,510.4533186662745,0.9997961956521739,1.0,19.23769041324383,0.9161592327599333,0.9386701408994402,0.8240160034602076,600.9569017751954,89.25537466338096,90.5035831089207,74
697,5192,3586,426.1865610467882,1.0,1.0,26.913509635947502,0.9257533210700494,0.9245070119821611,0.8696120689655172,501.4189838893561,74.59863426385158,75.23242284256774,59
688,5192,3586,491.8434152962805,1.0,1.0,29.36199230121873,0.9883264308455004,0.9921902483641737,0.9817407621247113,560.0786986643714,63.35292505213594,68.23528336809062,71
687,5192,3586,291.5240759998383,1.0,1.0,22.731155943723145,0.9552491175123279,0.9697846031112884,0.9073834196891192,334.88066361010715,43.28488141540317,43.356587610268754,38
699,5192,3586,432.7613963678017,1.0,1.0,27.619338435630457,0.9606306461361116,0.9666208335308899,0.9211506622516556,503.9970418041061,68.60346815445625,71.23564543630417,62
685,5192,3586,293.5478824539034,1.0,1.0,26.510928857965226,0.9737190616096866,0.9643179086538461,0.9744768099547512,340.5120853693307,46.446304373140634,46.964202915427094,44
698,5192,3586,388.2191447113559,0.9999396718146718,1.0,27.25167273467474,0.9817234550535806,0.9810449187639375,0.9798713235294118,450.25704527746234,61.55685084915911,62.037900566106075,55
694,5192,3586,898.2616659135756,1.0,1.0,-8.421151084897346,0.9773163482305341,0.985174759558996,0.9444510456273765,1048.3760741325514,151.67161232846388,150.11440821897585,116
692,5192,3586,434.8465617093255,1.0,1.0,33.78056814543012,0.9595362823570728,0.9511494252873564,0.9436331775700935,494.5977741892472,57.37681871988221,59.75121247992145,62
719,5352,3698,706.737589913737,1.0,1.0,9.36134534425231,0.9879830301972005,0.9917087705661355,0.9729634831460674,826.432936427447,121.04301977056505,119.69534651371012,97
712,5352,3698,1108.281704718994,1.0,1.0,-16.861222605958808,0.982730016820664,0.9718936459750863,0.9801752167630058,1279.6548029856633,170.80964740000545,171.37309826667038,143
708,5352,3698,315.7206975213637,1.0,1.0,24.685840691263195,0.9761443042088728,0.9701927749878503,0.9770562267657993,356.835622488176,42.172387450218466,41.11492496681232,40
705,5352,3698,403.04318323085084,1.0,1.0,31.754942116054615,0.9480814911676634,0.9509773502947564,0.9110576923076923,454.535099046352,49.487873723251354,51.49191581550092,56
714,5352,3698,1482.4331977168015,0.9906506147540983,0.0,-77.33451259776245,0.889848090896139,0.9136737560192616,0.7837474385245902,1748.6344105964565,273.3018193194839,266.20121287965617,200
709,5352,3698,593.5704056437344,1.0,1.0,17.03401692080925,0.9793473005640614,0.9837770382695508,0.9542025862068966,679.6771279767298,81.16008349949293,86.10672233299522,81
707,5352,3698,379.52407599983815,1.0,1.0,38.59272859508441,0.9427381321215876,0.9656992084432717,0.8886571158690176,443.93644054316565,62.1185468149909,64.41236454332726,56
717,5352,3698,436.066327656284,0.9998991935483871,1.0,29.579463908782692,0.9597806555779184,0.9774680840242104,0.9234111657303371,497.09269616915446,62.289552769305324,61.02636851287024,59
702,5352,3698,515.3099408503372,0.999955229226361,1.0,34.85172127307202,0.9257068762090712,0.9450019912385503,0.863877688172043,583.8435099534286,62.300353654636375,68.53356910309093,74
715,5352,3698,651.7169298727166,1.0,1.0,20.4435086098638,0.9428510347776315,0.9413492128232319,0.8998135653409091,751.4410286937924,95.58614823161356,99.72409882107571,89
706,5352,3698,410.4094734067917,1.0,1.0,23.329811550036474,0.9934678991142587,0.995916852264291,0.9912702429149798,474.94061519941647,62.29671268893698,64.53114179262467,59
710,5352,3698,485.71444548830334,1.0,1.0,19.897951410571704,0.9754816427119498,0.9795620437956204,0.9514442231075697,557.3627800114978,69.22250178479136,71.64833452319424,64
720,5352,3698,266.9818243433925,1.0,1.0,29.678951626123037,0.9507780598167972,0.958640028040659,0.9259169884169884,306.1605675304185,37.01811478053891,39.178743187025916,37
703,5352,3698,373.23351192628655,0.9998820754716982,1.0,29.330296707998823,0.9828745314750469,0.9792273826502139,0.9790886976047904,423.60534815588977,47.05775434440453,50.371836229603005,49
713,5352,3698,376.013745979328,1.0,1.0,29.218362085235892,0.9245087235602587,0.8961246996488201,0.9040389150943396,439.4648234104194,62.92661614663679,63.45107743109123,53
701,5352,3698,435.25735917338136,1.0,1.0,16.51086964738908,0.9967370995593178,0.9987156434626252,0.9948106751824818,502.3817501579037,66.18658647678332,67.12439098452221,59
711,5352,3698,790.7025218647567,1.0,1.0,2.6506870452769706,0.955642680499427,0.9778621125869703,0.8883223684210526,899.8368111465365,113.45143392267008,109.13428928178,109
718,5352,3698,344.12271777491696,1.0,1.0,31.97597067819195,0.9224791239955886,0.957609482446616,0.8183065878378378,397.5921697940902,51.70417802875954,53.46945201917303,54
716,5352,3698,1016.3030267886462,1.0,1.0,4.5593944911106075,0.9800180314018564,0.9778155921094095,0.9683832159624414,1169.2440210454567,152.1614913852158,152.94099425681065,141
704,5352,3698,423.17463742324077,1.0,1.0,23.470049960317706,0.9839426657841965,0.9772032433869468,0.9790248054474708,497.8164290220133,78.21268739815866,74.64179159877247,55
731,5512,3811,377.3074564659246,1.0,1.0,29.694075892472853,0.9008338958821427,0.9151910982099661,0.8156349522292994,427.53385668817646,46.83960033337748,50.22640022225165,50
728,5512,3811,544.1013957052644,0.9999449823943662,1.0,21.195012674889234,0.9719956542184891,0.9829582696089141,0.9407996894409938,620.6386617179014,72.80589901895488,76.53726601263664,76
725,5512,3811,330.990601553895,1.0,1.0,24.019526642732885,0.9788340141106574,0.9794473096759295,0.9822172619047619,387.54838403885464,55.586673727439134,56.557782484959425,46
732,5512,3811,354.0813976928763,1.0,1.0,26.873018688000037,0.9880690782059951,0.987767770204479,0.98828125,407.47252679845116,50.836693658361774,53.39112910557453,48
735,5512,3811,441.18970745983313,1.0,1.0,28.333164705708132,0.961885125893004,0.9815157116451017,0.9150390625,505.419258902218,63.34432716357713,64.22955144238475,62
729,5512,3811,663.8960377662665,0.9999492694805194,1.0,14.199575058715354,0.964480572079032,0.9896487613687754,0.9228957286432161,765.9484764799096,101.32865807046427,102.05243871364291,90
726,5512,3811,491.3274544783128,1.0,1.0,22.27041063326446,0.9180323067847594,0.9404527835514859,0.8502526197604791,553.4818221258331,56.48155147128022,62.15436764752014,68
740,5512,3811,473.22477550881354,1.0,1.0,28.315193710681257,0.9208168766396634,0.9219834087481147,0.8609209363957597,529.8858296613581,55.74158122881609,56.661054152544054,64
722,5512,3811,506.37444615084064,1.0,1.0,20.62546746474087,0.9137890789125596,0.9467617169725466,0.7738934824902723,577.5932018544689,64.07813355544181,71.21875570362788,69
736,5512,3811,338.3306008913577,1.0,1.0,26.067097089605483,0.9226660473757549,0.947824926607953,0.841611216730038,394.3128310824413,56.22334528662509,55.982230191083396,47
724,5512,3811,325.6355321798399,1.0,1.0,30.761817915865894,0.9894338619566816,0.9903680145388459,0.9873156601123596,376.1961107655007,49.590867878490904,50.56057858566061,45
734,5512,3811,284.03125960730364,1.0,1.0,26.995219854518297,0.9720828289400006,0.9817444219066938,0.9385800691244239,324.8849881341589,40.28059279028299,40.85372852685532,35
723,5512,3811,348.57351126374937,0.9997907366071429,1.0,26.323643347147186,0.9850832078942967,0.9909968684759917,0.9716796875,408.1031516069355,58.544460514779004,59.529640343186,48
739,5512,3811,427.3274544783127,1.0,1.0,26.32021537353439,0.9169813187356758,0.9354325137095347,0.8236343503937008,488.6058340234499,58.16756931770529,61.27837954513688,58
727,5512,3811,506.47083229425,0.9999127094972067,1.0,32.492842927771,0.9896929503151107,0.992982212340189,0.9893881733021077,579.4807479943737,67.51487355018531,73.00991570012357,72
721,5512,3811,295.9874551408501,1.0,1.0,31.32302111449734,0.930480585060073,0.9439187484229119,0.8648933531746031,343.7377782970748,48.375484734336865,47.750323156224546,40
733,5512,3811,376.4157662328813,1.0,1.0,32.12773564101782,0.9376058747444403,0.9403136635450751,0.8888221153846154,427.8642142598439,49.4226720404436,51.44844802696239,52
730,5512,3811,562.8904069688086,1.0,1.0,15.288965124909268,0.9578683277100095,0.9734925432294506,0.9091581230283912,638.5854767111291,67.04260461348022,75.69506974232021,74
738,5512,3811,407.7557655703441,1.0,1.0,38.26275371891739,0.9399271090509062,0.9063368170392909,0.9325284090909091,467.0883069489348,54.498812067885765,59.33254137859052,57
737,5512,3811,793.684346208149,1.0,1.0,6.970239747692819,0.9970078236158293,0.9946997698584281,0.9986224811083123,916.8933201659474,118.81346093669751,123.20897395779848,110
749,5672,3924,438.3831825683136,1.0,1.0,28.27891236125944,0.9365321640672699,0.9545637922339889,0.869560917721519,494.5913170585587,54.312201735367275,56.20813449024487,56
744,5672,3924,716.171531803226,1.0,1.0,14.3514292219612,0.9811162280857847,0.9851255791270422,0.9612148668639053,809.9545672873306,91.17455322615716,93.78303548410483,93
743,5672,3924,380.1577858238975,1.0,1.0,35.291618628930955,0.937454537712852,0.9410730693939515,0.8798491379310345,429.928042582266,49.15538513755258,49.7702567583684,53
747,5672,3924,429.0105995662832,1.0,1.0,27.052393185560422,0.9903852448642019,0.9815747705472362,0.9944293478260869,481.4950251600653,50.22663839067316,52.484425593782106,57
750,5672,3924,490.67623102627795,1.0,1.0,18.649086538917302,0.9917533515725203,0.9843270063794597,0.9954978813559322,571.6956063450651,78.02906297818035,81.0193753187869,66
745,5672,3924,370.8640753373009,0.9998899647887324,1.0,29.639088109020854,0.9733329252456179,0.986333356225534,0.9609134615384616,433.37105993308563,64.510476893677,62.50698459578466,47
741,5672,3924,412.78768720627966,1.0,1.0,29.484488300815798,0.9330843762616066,0.920095090238696,0.8953583061889251,477.31434460630226,60.78998610003332,64.52665740002222,56
757,5672,3924,407.99623235135255,0.9999520705521472,1.0,35.21797964662355,0.8909638027021751,0.9493683678625569,0.7759137834821429,469.06421210563616,60.85196963142491,61.067979754283265,55
756,5672,3924,521.7056682778008,1.0,1.0,17.24854577964002,0.9489828630047903,0.9481752546731282,0.9138355809128631,614.9788288160823,92.65974080742164,93.27316053828112,76
746,5672,3924,415.3274544783127,1.0,1.0,26.696902044789933,0.9150940247951811,0.8976131843152112,0.8811069542253521,476.40817373497407,58.62107888499173,61.08071925666115,60
760,5672,3924,477.07195845374156,1.0,1.0,11.18387222924634,0.9794711456894254,0.9964197190856513,0.9332308743169399,555.3944572352846,78.48374817231385,78.32249878154262,60
755,5672,3924,415.74702915287116,1.0,1.0,23.43213239214677,0.9920848979280635,0.9886279813130071,0.9944596613545816,482.89720559661953,65.47526466562195,67.15017644374795,56
754,5672,3924,526.8728525478035,0.9997783687943262,1.0,23.163879219644592,0.9407885661736533,0.9491562664791703,0.8772397610921502,600.809571195364,71.15507797134039,73.93671864756028,71
742,5672,3924,394.36566894033825,1.0,1.0,22.39651481953687,0.9514634497511211,0.9632693197593707,0.9001613849765259,474.2448932099908,80.81883640447857,79.87922426965237,55
753,5672,3924,268.8703681633908,0.9998483009708737,1.0,31.05696775255906,0.8948426257185351,0.8927799394725465,0.8142113095238095,317.7947249913131,47.13653524188347,48.924356827922324,39
748,5672,3924,445.75824995475676,1.0,1.0,29.870522863538895,0.947547644158361,0.9334090501524299,0.9318519129287599,508.1390406349908,57.571186020350446,62.38079068023361,59
752,5672,3924,397.8759989608483,1.0,1.0,30.337239706130767,0.9764011047376249,0.9759588504975959,0.9665329391891891,447.73531308900453,46.28897119223419,49.859314128156115,54
751,5672,3924,278.2692420038992,1.0,1.0,28.31831323103512,0.9635191955120815,0.9444682369735903,0.9668996710526315,320.37143217440587,40.65328525575987,42.102190170506574,36
758,5672,3924,478.96927948424235,1.0,1.0,26.898999258936648,0.971785247353549,0.9746900297161595,0.9471590909090909,554.0962183086265,73.69040823657541,75.12693882438364,64
759,5672,3924,467.11331932881177,1.0,1.0,28.86041517434771,0.9881189533250264,0.9834947483290137,0.9914101368159204,530.7010114039851,59.381538112759486,63.587692075173,62
767,5832,4037,466.597358510844,1.0,1.0,30.503999181875333,0.9159845442940852,0.9177440029298664,0.8462959265175719,529.9032492190272,57.45883606227404,63.30589070818271,63
775,5832,4037,452.70003748034327,1.0,1.0,16.54038868945158,0.9341851421645371,0.991715469218683,0.8392857142857143,521.9683667752263,70.15249394232426,69.26832929488286,65
771,5832,4037,610.9692794842427,0.9997923588039868,1.0,24.06026374304196,0.9600725891821954,0.955453923439807,0.93578565830721,696.051109143587,82.62274448901627,85.08182965934422,80
762,5832,4037,496.5910656847542,1.0,1.0,22.465191880671714,0.9498881840171605,0.983153372152185,0.8860550139275766,561.2288060382848,60.956610530295485,64.63774035353032,65
778,5832,4037,525.6405009486654,0.9997944078947368,1.0,25.826707990427163,0.9121921288322425,0.9326954664914586,0.8165958737864077,605.2255650563914,75.8775961615885,79.58506410772569,72
772,5832,4037,461.13712578287715,1.0,1.0,36.808157742334735,0.9551488179058101,0.9513253267022909,0.9389204545454546,521.5276954774831,54.58585454190857,60.3905696946057,62
763,5832,4037,455.5416304208432,1.0,1.0,28.78217046699269,0.9492064570173653,0.9319066147859922,0.9314405487804878,513.8137576894073,53.658190902845696,58.2721272685638,56
776,5832,4037,486.5359996233856,1.0,1.0,31.180702000112266,0.9051086805159951,0.9097032127935456,0.8403141361256544,552.714734449817,63.2681022396467,66.17873482643111,66
761,5832,4037,486.4182506172941,1.0,1.0,31.441036321180253,0.9853174820577438,0.9775116108530921,0.9874914617486339,553.799119506277,65.07130333347416,67.38086888898277,69
770,5832,4037,399.30116363983484,1.0,1.0,26.42594488952652,0.9718738139358354,0.9786021861543558,0.9561036789297659,460.4672972514469,57.249200417417654,61.1661336116118,54
765,5832,4037,284.8440773249127,0.9996228448275862,1.0,37.75970087567802,0.965349264341279,0.9564666994866025,0.9599445443645084,323.0741434085065,36.34509912539039,38.230066083593584,42
768,5832,4037,614.3005016112028,1.0,1.0,26.366748767800228,0.9893665702086194,0.9935171900738615,0.9795153887688985,714.1283035861643,97.24170296244161,99.82780197496118,86
773,5832,4037,1041.0769680155981,1.0,1.0,-14.728457205161016,0.9907516062693885,0.9957824729307758,0.9753876879699248,1205.6886159277378,161.4174718682105,164.6116479121405,139
777,5832,4037,788.403221373732,1.0,1.0,18.959531645195774,0.9260696438225342,0.9306335855551586,0.8719233960176991,912.9202575478357,117.02555426115525,124.51703617410355,111
769,5832,4037,608.5647748462762,1.0,1.0,25.627371399614294,0.9932841320752759,0.9956656346749226,0.9907420154185022,704.3127982513327,88.87203510758356,95.74802340505573,87
766,5832,4037,366.1514929978077,1.0,1.0,18.601761155719988,0.9272251024509773,0.9506755307741798,0.8482142857142857,421.19512989557694,51.81545534665355,55.043636897769034,51
779,5832,4037,306.72384393440854,1.0,1.0,33.82133042325182,0.9572919720122861,0.9558882579016807,0.950419776119403,342.61753645377735,32.84053877905305,35.89369251936869,46
764,5832,4037,553.1984846703358,1.0,1.0,20.01904386346915,0.9836572677866763,0.9889797675419716,0.9648980034722222,629.1631278619132,72.69696478736562,75.96464319157707,75
780,5832,4037,495.69937545171103,0.9999423431734318,1.0,25.527133591187766,0.919360123704508,0.904942093796583,0.8774081541218638,574.8877928635767,77.53262611779759,79.1884174118651,66
774,5832,4037,560.1627545927229,1.0,1.0,30.555651771903726,0.9856457115654175,0.9890817469204927,0.9821210268948656,634.8870581011533,72.33645526264505,74.72430350843004,78
783,5992,4149,515.8434152962805,0.9998497596153846,1.0,30.61119041852687,0.9807020983157757,0.977956101014869,0.9766387195121952,583.104566206796,62.641726365772804,67.26115091051525,74
797,5992,4149,528.5384840077984,1.0,1.0,31.110590330594302,0.9827366231918262,0.9814705212838607,0.9770992366412213,607.9345237427492,77.09405960242572,79.39603973495058,73
798,5992,4149,375.06947406932886,0.9998244382022472,1.0,29.989723529048785,0.912535732579851,0.9231182795698925,0.8347894265232975,424.7758506319935,49.80956484399697,49.706376562664644,51
784,5992,4149,351.24858196287886,0.999932650862069,1.0,27.09746318863674,0.9589721635936443,0.9776763690182536,0.9100900423728814,412.4807851108446,59.59830472194816,61.23220314796545,48
782,5992,4149,409.4476878688169,1.0,1.0,28.200488738599685,0.8969042679610869,0.8987658658702622,0.8086084905660378,467.2322317953084,54.42681588973685,57.78454392649122,56
793,5992,4149,311.9786779303476,1.0,1.0,27.18432112603542,0.9569892473118279,0.9782055938975663,0.9157366071428571,353.14570585440117,40.75054188608017,41.16702792405344,41
781,5992,4149,315.3537453167909,0.9999283256880734,1.0,25.752548439105496,0.9976283620003139,1.0,0.9985969387755103,368.5486443291507,53.542348518539704,53.19489901235983,44
800,5992,4149,285.89351258882385,1.0,1.0,27.8551485378524,0.9079539199301756,0.9137349397590362,0.8411649816176471,328.2432801685552,41.02465136959678,42.34976757973118,38
785,5992,4149,355.7557655703441,1.0,1.0,26.187766519196046,0.9528367774536789,0.9562760261748959,0.9139116795366795,412.3149408541537,54.08876292571414,56.55917528380943,50
791,5992,4149,555.8784833452612,1.0,1.0,26.92478802249449,0.9648449895831898,0.9831176139561058,0.9228465025906736,636.4953864787982,75.92535470030495,80.61690313353662,74
795,5992,4149,274.51844520238063,1.0,1.0,34.35386689177972,0.9571542410259262,0.9798140770252324,0.928846914556962,319.66350779604085,44.46759389049028,45.145062593660185,40
799,5992,4149,368.5822884742517,0.9998394691780822,1.0,34.379864987119156,0.9862916003426181,0.9757737972685471,0.9916087962962963,421.395254399642,52.969448888084976,52.812965925389975,47
788,5992,4149,433.24228913678894,1.0,1.0,31.219801608962705,0.9732788407092258,0.9844139289645982,0.949875,491.72021167595165,56.216883808743475,58.4779225391623,57
787,5992,4149,654.2304063062714,1.0,1.0,15.485712313921235,0.9599168281623711,0.9903253671177656,0.9090742370892019,735.8332894288737,78.15432468390257,81.60288312260171,86
789,5992,4149,346.5535132513611,1.0,1.0,30.260705658404483,0.9690917907365169,0.9710754017305315,0.9496753246753247,393.60324365907655,44.32459561157313,47.0497304077154,50
792,5992,4149,591.9573558606952,1.0,1.0,16.947883275241917,0.9539907287691969,0.9653554673403103,0.9012237762237763,679.4771501767746,84.77969147411869,87.51979431607923,78
790,5992,4149,559.3625225272933,1.0,1.0,20.853341446775996,0.9577991411809149,0.9550773580460221,0.9244186046511628,625.3174168515844,62.932341486436115,65.95489432429075,75
786,5992,4149,444.4771251203399,1.0,1.0,29.744311847902935,0.9724453466335746,0.9692428140029079,0.9633941218130312,510.19681688516584,63.32953764723881,65.71969176482588,62
794,5992,4149,519.3362316888154,1.0,1.0,32.19635859476116,0.9494383477388236,0.9473026080743122,0.9065755208333334,602.3750624838212,81.0582461925086,83.03883079500577,75
796,5992,4149,512.8402688832356,1.0,1.0,28.143114287568153,0.9296076781205794,0.9390612977686587,0.8751570351758794,583.1368346247165,67.94484861222048,70.29656574148036,68
802,6152,4262,426.47083229425004,1.0,1.0,19.24493419368149,0.9570463470485231,0.9511118955171196,0.9337357954545454,488.33048773980573,61.289483168333206,61.85965544555548,55
812,6152,4262,694.5935500691675,1.0,1.0,14.8535509499581,0.9957997689872944,0.9969585053226157,0.9946714743589744,787.067829961961,86.21141983918996,92.47427989279335,92
801,6152,4262,354.606094928317,1.0,1.0,24.001564115077226,0.9302667633784655,0.9632190265486725,0.8614665354330708,408.47805544908715,52.30794078115499,53.87196052077,47
819,6152,4262,562.755103541712,1.0,1.0,16.407865073648324,0.9500778714298377,0.9639754862776445,0.8893460854092526,648.7776736603366,82.53385517793654,86.02257011862442,75
804,6152,4262,437.18970745983313,1.0,1.0,9.151739065069176,0.9923589681935372,0.9996397045577373,0.9778362771739131,513.3091143137318,78.17911028084791,76.11940685389862,57
813,6152,4262,521.0193767767856,1.0,1.0,38.37558541079259,0.9121048637007527,0.9370593348572165,0.8125,590.6400063305446,67.68094433063779,69.62062955375856,69
815,6152,4262,706.1126573001801,1.0,1.0,2.4078640480080535,0.991817077057933,0.9947742474916388,0.9846230158730159,813.2092152318713,102.8948368975366,107.09655793169118,98
810,6152,4262,857.3650477047365,1.0,1.0,14.098722847162293,0.9151421228746719,0.9400966975333934,0.7939399171270718,963.7477944454035,101.07412011100095,106.38274674066739,109
814,6152,4262,482.4007369893186,1.0,1.0,25.339515087277654,0.9463754162153489,0.9355590832423851,0.9220721608832808,536.4944063454928,49.64050403426108,54.09366935617403,64
803,6152,4262,369.8672217503459,0.9998094512195121,1.0,31.15460686072357,0.9469895945774681,0.9595697136621109,0.8990693933823529,425.9379960348745,54.10616142679279,56.07077428452853,56
809,6152,4262,324.94924067882465,1.0,1.0,23.700424477324038,0.9392589131562004,0.9378425251474158,0.8886912128712872,378.5132393305574,52.59599797759885,53.56399865173256,44
805,6152,4262,629.3650069117061,1.0,1.0,21.11415596935111,0.9350606060606059,0.9172225837943377,0.9075134770889488,713.4773909419953,79.66857604543293,84.11238403028868,79
807,6152,4262,461.47397870729486,1.0,1.0,29.75940579684202,0.9780262825848685,0.9892436649062455,0.9516114672364673,530.4324233795601,68.9376670083972,68.95844467226482,63
806,6152,4262,334.60609492831696,0.9999453671328671,1.0,33.54181988771461,0.9873211559626512,0.9945156695156695,0.989453125,393.73959405463097,56.450248689470634,59.13349912631377,48
818,6152,4262,256.40698902237887,1.0,1.0,24.35252342189188,0.9957406293846464,0.9996626180836707,0.9954326923076923,294.77702912069765,38.805060147478116,38.37004009831874,35
820,6152,4262,328.00496876882556,0.9997632575757576,1.0,31.585360720239194,0.9324859410592256,0.9313058035714286,0.8880800189393939,373.47917299230204,43.4613063352146,45.47420422347641,44
817,6152,4262,364.49463874831537,1.0,1.0,19.72013005766052,0.9896351204549813,0.9937510555649384,0.977503272251309,417.7724945613026,52.166783719480684,53.27785581298711,47
811,6152,4262,1106.4758418561064,1.0,1.0,-15.83983387296516,0.931627355906202,0.9332645216400911,0.8706714527027027,1257.9283251932486,153.67872500571505,151.45248333714335,147
816,6152,4262,294.27801921440175,1.0,1.0,31.90433978126668,0.9754460990442265,0.9775755369493994,0.9609902871621622,340.49809898360405,45.33011965380329,46.22007976920217,38
808,6152,4262,402.63238576679504,0.9999455574912892,1.0,36.57666456297601,0.8924021800758372,0.951123266262942,0.7562114197530864,451.2731037665773,45.2110769996734,48.64071799978227,56
831,6312,4374,367.5240759998382,1.0,1.0,34.58231109116245,0.9335479322580145,0.9326353421859039,0.8852419969512195,429.05436705753004,58.54543658653745,61.53029105769164,55
825,6312,4374,536.1101729157671,1.0,1.0,41.29779533022475,0.9505545914527054,0.9548826109391125,0.9256238003838771,616.5090398776942,76.34830044289046,80.398866961927,74
832,6312,4374,499.7996108298271,1.0,1.0,24.312813748247446,0.9878840744234187,0.9900624645088019,0.9790983606557377,579.7388664796538,80.15888347473977,79.93925564982649,70
826,6312,4374,599.1133193288122,1.0,1.0,22.80765366469608,0.9122547254125148,0.9265555372173626,0.8574677230046949,682.2817942680882,79.7527124089141,83.16847493927605,85
823,6312,4374,538.2479199342467,1.0,1.0,11.144163146345072,0.9754309128348787,0.9816699282452707,0.9547991071428571,623.7871393358982,84.8088291024769,85.53921940165128,71
821,6312,4374,352.69126026984065,1.0,1.0,38.5863653025227,0.9620131326726211,0.9456410256410256,0.9569371234939759,411.29733967576607,57.909119108887666,58.606079405925115,55
836,6312,4374,317.1020577338967,1.0,1.0,28.89167513307605,0.9067790048297022,0.9091353996737357,0.8256138392857143,361.23804432239604,42.953979882748904,44.13598658849925,46
834,6312,4374,307.26609559085426,1.0,1.0,32.28219109695794,0.9231184361970896,0.9175533461247747,0.8779456967213115,355.78966502931826,48.03535415769577,48.52356943846386,45
827,6312,4374,331.4977851613602,1.0,1.0,33.59954650785624,0.9580209960090231,0.9643357342937174,0.9202880859375,380.53325329365504,47.303202198441944,49.03546813229461,47
833,6312,4374,341.1020577338967,1.0,1.0,26.802102965127172,0.9360257128296727,0.925629513956666,0.9017219387755102,409.87115771925573,68.65364997803836,68.76909998535888,51
830,6312,4374,250.32182368085523,1.0,1.0,23.170371268816908,0.8823269132306369,0.9003951390442109,0.7599192415730337,293.6508751828005,42.49357725291787,43.32905150194526,34
838,6312,4374,548.031300400333,1.0,1.0,22.21045207163252,0.9433261631643148,0.952467199717277,0.8767719072164949,641.1334945958155,87.90329129322271,93.1021941954819,79
822,6312,4374,591.8609697172857,1.0,1.0,23.476117188489404,0.9640043748034197,0.9457547169811321,0.9621360085227273,682.5250101454596,87.24606064226049,90.66404042817368,77
840,6312,4374,432.2191447113559,1.0,1.0,22.16527632837062,0.9633749832056964,0.9732630215561107,0.9209722222222222,494.6267426170381,59.111396858522724,62.407597905681826,60
824,6312,4374,460.78768720627966,1.0,1.0,20.386804087535058,0.949408456298891,0.9482866343057624,0.9075969827586207,548.4059836316972,90.17744463812595,87.61829642541731,66
839,6312,4374,366.1252021593296,1.0,1.0,27.317680633894334,0.8821701132447071,0.895591962346126,0.7565502183406113,430.6730427609165,61.57176090237975,64.54784060158651,53
829,6312,4374,469.3600381428804,1.0,1.0,30.800865630859107,0.9162581713146739,0.9169148193081137,0.8535447761194029,527.7129731320608,56.77940248377026,58.35293498918017,65
835,6312,4374,419.52407599983803,1.0,1.0,28.987816903657798,0.9749813389616743,0.98194728607534,0.95341796875,471.55881083179776,51.80210224793908,52.0347348319594,59
837,6312,4374,607.4151042042491,1.0,1.0,26.29260497434621,0.9620430458938325,0.9703370373771696,0.9312863372093023,713.1699023459444,107.63219721254255,105.75479814169509,90
828,6312,4374,460.0488140283085,1.0,1.0,21.854937932763544,0.9806805788494497,0.978461170276415,0.9675707547169812,545.3979892048158,84.52376276476045,85.349175176507,63
853,6472,4488,322.6060949283171,0.9999431818181819,1.0,32.04945271244692,0.9167381143955083,0.9321964609005431,0.8345094086021505,377.21331918149434,54.91083637976578,54.607224253177186,45
858,6472,4488,598.7901715906927,1.0,1.0,14.33292507918295,0.9848850915839722,0.98347562654916,0.9798003802281369,691.6449251846863,89.78213039098976,92.85475359399322,85
847,6472,4488,450.1865610467882,0.9999499198717948,1.0,28.937111473538135,0.9799596906195891,0.9772870301504663,0.9773738872403561,515.9875428750026,64.2014727423213,65.80098182821418,60
846,6472,4488,602.8290480813502,1.0,1.0,25.962857554222115,0.9815624082623897,0.9690822931114194,0.9865855135658915,666.9000133259954,60.8564478669668,64.07096524464453,77
859,6472,4488,601.7670271652596,1.0,1.0,13.450329043369788,0.9944726354073654,0.9938803711258801,0.9928645833333334,695.6078036931805,95.76116479188073,93.84077652792053,81
843,6472,4488,380.4508342818619,1.0,1.0,29.56147139626937,0.9485714811339845,0.9192377495462795,0.9431912251655629,425.47694798227076,42.78917055061322,45.026113700408786,53
845,6472,4488,378.3043100528796,1.0,1.0,32.43896107974379,0.9300275033263896,0.9281016664194234,0.8744560917721519,439.27917756280885,57.71230126489345,60.974867509928956,54
849,6472,4488,459.07825127983136,1.0,1.0,27.04947244974042,0.8986317882726902,0.9669082383033145,0.772496727748691,522.8390162880243,61.14114751228911,63.760765008192706,65
844,6472,4488,358.8991433862815,0.9999419144981413,1.0,30.930483920629236,0.9479982532541155,0.9661410788381742,0.90828611898017,412.1836792054161,52.17680372870169,53.284535819134454,46
860,6472,4488,269.8058628628873,0.9997724514563107,1.0,27.853581188186453,0.9580525500551564,0.9669712887673598,0.9167172330097088,312.9901951825652,40.7764984795166,43.184332319677736,41
850,6472,4488,440.4157662328813,1.0,1.0,32.837515400244314,0.9755301916508611,0.9619796984803892,0.9756433823529411,498.3859523057684,56.20527910933025,57.97018607288683,61
854,6472,4488,867.0657064206824,1.0,1.0,10.472876150005863,0.9004072044752288,0.9706143344709898,0.7505062095032398,989.2979815999066,120.34841276883647,122.2322751792244,120
857,6472,4488,381.21599829831104,1.0,1.0,27.268507643815525,0.9499500189583262,0.9300761990138952,0.9433905750798722,430.6103035054031,45.59145781063781,49.39430520709189,50
856,6472,4488,371.78205640882214,1.0,1.0,25.239183253444896,0.9579616770799994,0.9803172582099846,0.9009014423076923,419.98313246101065,47.55161407828268,48.20107605218844,49
855,6472,4488,382.38318256831366,1.0,1.0,23.88838022711672,0.9965176804723842,0.9964139771495288,0.9983774038461538,439.77846346290676,53.092921341889316,57.39528089459289,50
842,6472,4488,254.24295116542132,0.9998553240740741,1.0,29.60322073571571,0.9711156896503061,0.9915261076587846,0.9469818376068376,293.4812062930648,38.607382691465205,39.23825512764347,34
852,6472,4488,364.85285453541536,1.0,1.0,24.500011884143262,0.9170114405790333,0.96077105174163,0.7924274344569289,408.50355178919176,37.726045880664586,43.650697253776364,49
851,6472,4488,373.4126198198365,1.0,1.0,34.82055636428748,0.9662051340733113,0.9671477023342422,0.9503566066066066,434.9806001068846,57.85197043057188,61.56798028704792,54
848,6472,4488,427.30116363983484,1.0,1.0,27.213337224367642,0.975209168554994,0.9576173165895572,0.974992048346056,477.24262505527906,44.91219212316603,49.94146141544402,57
841,6472,4488,231.2047367033959,1.0,1.0,31.488710129237262,0.9781546872199319,0.9686567164179104,0.9855677480916031,266.73064567413934,33.78886345611515,35.52590897074343,35
872,6632,4601,703.5027539301861,1.0,1.0,5.212825050387766,0.9399902466027864,0.9723818350324375,0.867056856187291,802.1580920970222,94.73300725025334,98.65533816683565,95
870,6632,4601,361.3863289813586,1.0,1.0,31.42920324503783,0.9490075871991706,0.9413243922883487,0.9234705105633803,413.7513184019753,50.79748413092504,52.36498942061668,50
863,6632,4601,360.9054362123711,1.0,1.0,26.341716876487368,0.9864646526232358,0.9901153212520593,0.9766221374045801,421.9147854600731,58.51402387155247,61.00934924770165,51
876,6632,4601,333.1809302493307,1.0,1.0,19.9630760135336,0.9764918067213915,0.9791301698529972,0.9532912234042553,384.08803281572045,51.61065384958472,50.90710256638981,43
862,6632,4601,407.4452034844042,0.9998937074829932,1.0,34.239991909422265,0.7911636133474514,0.9519959996666388,0.5575996863799283,458.9009397718245,47.93360443112997,51.45573628741999,58
869,6632,4601,1107.016892392373,0.9485759493670886,0.0,-53.797250573342005,0.8602475392261963,0.9018571886007044,0.7131460970464135,1405.2617330444416,349.11726097810094,298.24484065206843,200
868,6632,4601,403.1308329567873,0.9997953056768559,1.0,22.667879186589314,0.963624779600243,0.9431219577248783,0.9739776951672863,466.40346075650683,64.90894169957895,63.27262779971928,52
873,6632,4601,577.473978707295,1.0,1.0,26.17418854648088,0.958226276548423,0.970838823012736,0.9212881455399061,637.210175514371,54.3542952106132,59.73619680707548,74
861,6632,4601,391.5240759998382,1.0,1.0,33.41986919841571,0.9786618972880242,0.9710162072636933,0.9772631726457399,440.87711734147774,45.52956201245912,49.353041341639404,53
867,6632,4601,469.7319591162788,1.0,1.0,13.69640108304532,0.9609257774763109,0.9752855659397716,0.9016927083333334,550.9534794454685,79.83228049378418,81.22152032918947,64
866,6632,4601,310.3831825683137,1.0,1.0,32.93370018383684,0.9850818048941485,0.9872897196261682,0.9846126425855514,352.2240073811911,41.761237219315944,41.84082481287731,42
880,6632,4601,533.8108316317129,1.0,1.0,31.766171856852853,0.9647599419994092,0.9721989265347198,0.9333639705882353,603.5632064193869,70.12856218151069,69.75237478767376,73
877,6632,4601,450.84656170932533,0.9999435920577617,1.0,29.741872987456418,0.9366684955315552,0.9197199153232373,0.924049233490566,499.76312639424583,45.62484702738011,48.91656468492008,58
875,6632,4601,429.21599829831104,1.0,1.0,23.004027735695395,0.9789273544372562,0.9768474252151346,0.9736810836501901,503.41546332564786,75.29919754100496,74.19946502733663,60
871,6632,4601,331.7031838933882,1.0,1.0,27.626981986392632,0.9400446533031745,0.9214743589743589,0.9205025337837838,376.8711630564276,41.501968744558816,45.16797916303918,45
865,6632,4601,392.93172705084925,0.9998961794019934,1.0,33.100032901929076,0.9888522162192291,0.9952897427951658,0.9928510273972603,453.19759485945735,58.89880171291208,60.26586780860804,56
879,6632,4601,530.2216290957687,1.0,1.0,31.929719334636218,0.9737056504599212,0.9724483406386976,0.9570199275362319,604.4103745167884,67.78311813152895,74.1887454210193,70
874,6632,4601,407.0431832308509,1.0,1.0,35.20495391357091,0.9285808199006022,0.9427700643413478,0.875297619047619,473.2435141570589,66.30049638931173,66.20033092620783,58
878,6632,4601,293.609241341362,1.0,1.0,31.275738113953842,0.9507223092232637,0.9424524388075624,0.9326761744966443,328.78738501544814,34.01721551112917,35.1781436740861,38
864,6632,4601,397.01059956628313,1.0,1.0,28.737982169146893,0.9318243587565823,0.9427182615325963,0.85552978515625,464.12213303558536,66.16730020395303,67.11153346930202,56
886,6792,4714,493.9899395252628,1.0,1.0,31.930850240862075,0.9575644556979351,0.9511160845750634,0.943172770700637,562.269709694594,61.919655253996325,68.27977016933087,68
891,6792,4714,370.78520282186696,1.0,1.0,29.988354972415515,0.9103014081424808,0.9161542215714983,0.8442234848484849,434.42929334457773,60.96613578406564,63.644090522710414,56
888,6792,4714,662.9166978072869,0.9999582219251337,1.0,33.91930952185988,0.9722583566498544,0.961628109236389,0.96875,745.984477327662,75.10166928056209,83.06777952037474,88
894,6792,4714,382.07262048237374,1.0,1.0,30.86456097218198,0.9736134309820549,0.992394001510411,0.9368181818181818,431.3391328321848,46.14976852471631,49.26651234981086,56
898,6792,4714,680.1540181752505,1.0,1.0,14.759810088307301,0.9916408514614151,0.9928291654112684,0.989487892670157,769.5413508451478,82.33099900484589,89.3873326698973,88
882,6792,4714,247.23980475237644,0.9999210858585859,1.0,28.643870115653705,0.9372300416485951,0.952321302747984,0.8851934523809524,294.3013297624441,46.59228751510126,47.06152501006751,35
899,6792,4714,429.368815353383,0.9997413079470199,1.0,38.30889087973984,0.9549621363092865,0.9308674998847023,0.9567708333333333,487.15250721448564,53.6755377916534,57.78369186110225,58
892,6792,4714,426.6411629772975,1.0,1.0,33.20547437034263,0.9251419022201951,0.9301095579901776,0.8641581632653061,499.8238423325825,73.02401903292701,73.18267935528466,62
896,6792,4714,496.2805035988144,1.0,1.0,21.097958795184944,0.9787362565911731,0.9993814858085355,0.954262129380054,574.8680244383311,74.38128125927476,78.58752083951653,68
883,6792,4714,276.61238775440694,1.0,1.0,31.604958547499226,0.9118096332525193,0.8887489768935339,0.8744113869863014,309.97357678839944,32.04178355098887,33.36118903399256,37
889,6792,4714,292.6123877544069,0.9998681434599156,1.0,29.971968967625592,0.8984521702465644,0.9114316442082622,0.831050796812749,333.07714167928094,37.447130887311026,40.46475392487401,43
887,6792,4714,364.9492406788247,1.0,1.0,32.99371701293749,0.9774480664298014,0.9714174929374619,0.9714143786127167,418.87507230912934,51.638747445456715,53.925831630304494,52
885,6792,4714,338.3218236808551,1.0,1.0,37.94154628220887,0.9150422531205449,0.9084013742024718,0.8732539398280802,389.8214736782066,47.99947499602683,51.49964999735121,47
890,6792,4714,475.5591440488186,1.0,1.0,36.04945248843834,0.958835084123324,0.9441772945849884,0.9549792757417103,535.3784634107934,55.22897904296151,59.819319361974344,65
893,6792,4714,1326.8077260116984,0.9997306034482759,0.0,-47.72899779379857,0.9456647574945163,0.9622734138972809,0.8897631894484412,1547.7173117975542,235.3643786787809,220.90958578585466,200
900,6792,4714,394.10768853135426,1.0,1.0,32.47813594024322,0.9841036456764085,0.9722625717645431,0.9846166237113402,449.2758843109474,49.00229366938918,55.168195779592786,53
884,6792,4714,422.3306008913577,1.0,1.0,34.39782145160707,0.9213320547467528,0.9309172752744477,0.8704699017199017,471.6608490323514,45.495372211490356,49.330248140993554,58
881,6792,4714,501.5353375947535,1.0,1.0,21.737602112768503,0.9848307858684839,0.994366364229378,0.968407131661442,573.3601107118329,67.23715967561898,71.8247731170793,62
895,6792,4714,383.52407599983815,1.0,1.0,28.79895600730075,0.8345393983319127,0.9446486822347642,0.6336805555555556,435.1130651735107,46.633483760508454,51.58898917367229,55
897,6792,4714,530.676231026278,1.0,1.0,29.24086727424701,0.987217427895394,0.9808782550206592,0.9894640585241731,614.5477339346288,82.30725436252548,83.87150290835032,70
907,6952,4826,484.25421276033643,1.0,1.0,17.7337944058454,0.9814330699304854,0.9714456391875746,0.9811715481171548,554.10211789357,67.27185769985039,69.84790513323357,66
902,6952,4826,385.8146400733898,1.0,1.0,27.804484711833346,0.9967866265897621,0.9994817981603835,0.9966700819672131,436.35341106227935,49.55815648333413,50.53877098888941,52
904,6952,4826,414.811493660345,1.0,1.0,24.458167236230082,0.9533268567905615,0.9611276573893396,0.9052265283842795,477.8131074461252,60.75242067867013,63.001613785780094,59
908,6952,4826,725.9724258972876,1.0,1.0,28.281945374915328,0.9697923841385419,0.9756830210270347,0.9456507731958763,823.8152740013547,97.2642721561005,97.84284810406704,97
901,6952,4826,1165.5841516230628,1.0,1.0,-13.85505452154012,0.9877001326576148,0.9858088176672247,0.9818684895833333,1349.3629368607703,181.9181778565625,183.77878523770855,162
916,6952,4826,524.0751048667863,1.0,1.0,25.316403830958063,0.9869840417369956,0.9854738154613466,0.9821765075376885,602.7851774143484,77.5651088213425,78.71007254756171,71
920,6952,4826,432.09261849476195,1.0,1.0,30.637403458825144,0.974527510127665,0.9696652719665272,0.9649086378737541,491.41306465879785,58.230669246053615,59.320446164035765,61
905,6952,4826,466.67623102627795,0.9997632575757576,1.0,26.33116324477653,0.9076654034453616,0.897085172398724,0.8469606164383562,534.8034164706723,66.19077816659093,68.12718544439396,64
917,6952,4826,551.6555709852578,1.0,1.0,28.316668807996834,0.9752913378120478,0.9792495736213758,0.9590970552884616,637.5320293946319,85.31468761406033,85.8764584093736,76
909,6952,4826,360.46834790983735,1.0,1.0,28.208758320816678,0.9948572433016096,0.9963860369609856,0.9926371402877698,417.5456681572557,56.365980371127435,57.07732024741827,54
910,6952,4826,502.8553389198279,1.0,1.0,19.849268389637096,0.9833863840874598,0.9866565825725244,0.9740131578947369,577.8610580238714,72.00857865606437,75.00571910404288,71
918,6952,4826,362.57980408983906,0.9999410377358491,1.0,30.80982171945133,0.9287926222648901,0.9399899142713061,0.8752553104575164,422.5498047468433,59.95500098550613,59.97000065700409,55
912,6952,4826,628.8578233042412,1.0,1.0,30.195360803225718,0.9159227630528903,0.9636254621764765,0.8143621973929237,734.5011484387114,99.96498770170479,105.64332513446988,90
915,6952,4826,705.8809677296744,1.0,1.0,-0.529999060934518,0.9986871576964126,0.9995777918513827,0.999876968503937,823.9344572330168,114.83023425501379,118.05348950334266,100
919,6952,4826,949.7632187235832,1.0,1.0,-7.546235276742768,0.885621079890363,0.9294175513382793,0.7624921679197995,1154.3026857182065,216.05920049193597,204.5394669946242,151
903,6952,4826,432.5822884742517,1.0,1.0,21.873433662559655,0.9419015486285283,0.9425675675675675,0.8876994680851064,497.2240291409809,66.21261100009364,64.64174066672909,58
906,6952,4826,328.8177864864347,1.0,1.0,34.32744417208619,0.9830806850074786,0.9754354255668748,0.9926028481012659,367.26888808533084,35.17665239834394,38.45110159889596,45
914,6952,4826,636.0187147481538,1.0,1.0,26.86864316310318,0.9916422306757541,0.9927486187845304,0.9922058823529412,751.8342100355103,116.72324293103472,115.81549528735651,86
911,6952,4826,241.11957136187218,1.0,1.0,28.32790967239015,0.9935990346084983,1.0,0.9981884057971014,285.39470459659645,43.91269985208648,44.27513323472431,35
913,6952,4826,369.2598027647645,1.0,1.0,24.046160434940766,0.9891517323775387,0.9907383363628495,0.982126798561151,431.98880336352835,63.343500898145535,62.729000598763704,52
932,7112,4939,503.58543488729657,1.0,1.0,18.92896922060508,0.9890047901320462,0.9871752712923381,0.9852491258741258,588.2905776316093,84.30771411646843,84.70514274431243,69
935,7112,4939,534.1953382572908,1.0,1.0,22.02017194808019,0.9606423054475446,0.968420561619554,0.9251143292682927,599.2167791532977,60.78216134400995,65.02144089600662,67
923,7112,4939,489.53533759475346,1.0,1.0,31.78602323629589,0.9326968698740629,0.9141163611905162,0.9074135638297872,562.0412282192658,68.2588359367683,72.50589062451222,66
927,7112,4939,589.4827559177977,1.0,1.0,9.122340621639687,0.9968444457390309,0.996750700280112,0.9947916666666666,683.7867771505394,94.20603184911225,94.3040212327415,82
933,7112,4939,543.1182473046076,1.0,1.0,21.733887831408268,0.9937349280789134,0.9911164465786314,0.99561187664042,629.083188245855,88.44741141187042,85.96494094124695,69
936,7112,4939,398.35689172983564,1.0,1.0,25.1209312483819,0.927406475132367,0.9372253864930838,0.8360119047619048,467.8443413162121,68.23117437956434,69.48744958637626,57
929,7112,4939,364.7526191572992,1.0,1.0,23.202879730986613,0.9879140065146579,0.9810635175738942,0.9904805672268907,423.1129230138916,57.540455784888266,58.360303856592196,47
926,7112,4939,533.0456676152636,1.0,1.0,19.50139271413329,0.9848591700709525,0.9811256005490734,0.97979736328125,609.188431412577,75.96414569596976,76.14276379731317,68
931,7112,4939,289.15463941085267,1.0,1.0,30.838646737783503,0.9223455304482181,0.9519634703196347,0.8271233974358975,337.4249450986898,46.90545853175558,48.27030568783706,40
928,7112,4939,399.80834724730005,1.0,1.0,28.95273843273204,0.9824971346832159,0.9932676723600549,0.9664112261146497,462.0197102375779,61.067044485416275,62.21136299027751,58
938,7112,4939,297.609241341362,1.0,1.0,26.629265606828252,0.9210116563223114,0.9399371892174824,0.8237847222222222,347.196596742361,48.13103310149838,49.587355400998916,42
922,7112,4939,651.559144048819,1.0,1.0,28.626657587980304,0.9621140878872472,0.9718131278650152,0.9248147551546392,743.1662734310247,90.91069407330849,91.60712938220573,93
921,7112,4939,418.85533891982794,1.0,1.0,28.554285990626976,0.9425729708116753,0.9352169981916817,0.9098214285714286,484.61717382738794,64.14275236133977,65.76183490755987,56
925,7112,4939,1275.214715034078,0.9998400170648464,0.0,-62.982855904626824,0.9453196037455931,0.952554380363201,0.8999470338983051,1625.5997796353213,387.5775969018646,350.38506460124364,200
934,7112,4939,482.1427565803347,1.0,1.0,22.694234478418718,0.9451643161985357,0.9422147616867592,0.9075477574750831,543.651019958204,54.76239506680321,61.508263377868786,61
939,7112,4939,425.25980276476446,0.9999479166666667,1.0,30.390098270695187,0.980508597924854,0.9895307674926564,0.9645559210526315,493.45977476565116,68.54995800132978,68.19997200088656,60
940,7112,4939,1500.7237617903538,0.9991918103448276,0.0,-73.79544137593369,0.9060322057091938,0.9150075414781297,0.8080549568965517,1782.2925433052621,296.35317227236374,281.5687815149094,200
924,7112,4939,409.69689106729834,1.0,1.0,38.43453169692382,0.968212393396239,0.9773009307135471,0.9454868861607143,458.4895160750254,46.938937511590346,48.79262500772689,54
937,7112,4939,485.24228913678894,1.0,1.0,25.070015731440765,0.9681009656107061,0.97139067828723,0.9339599609375,556.8952528130769,69.22944551443136,71.65296367628761,66
930,7112,4939,353.6443093903424,1.0,1.0,21.620697412927292,0.9446800397494857,0.9570034087387667,0.8993055555555556,410.944980748002,55.95100703648912,57.3006713576594,50
956,7272,5051,473.91106700982886,0.9999491042345277,1.0,31.70729359619671,0.9828399740516917,0.978180597515945,0.9802766393442623,552.1544147189172,74.61502156363193,78.24334770908794,66
952,7272,5051,409.42139703033905,1.0,1.0,30.12232560120354,0.980089055925487,0.9880992103214326,0.9715732087227414,472.46108199364653,60.809527444961056,63.03968496330738,57
947,7272,5051,425.36003814288057,1.0,1.0,39.29968083004655,0.9878357750955985,0.980676647101497,0.991796875,481.32879188054557,53.20313060649735,55.9687537376649,57
948,7272,5051,423.8609289242559,1.0,1.0,24.47208462956677,0.9657240082877098,0.9530503427740461,0.9576160179640718,479.92391044306083,53.34447227820676,56.06298151880453,57
955,7272,5051,1012.3818993040804,1.0,1.0,-3.693085795458378,0.9914592206972707,0.9974609915981903,0.9853864397321429,1190.6134191789467,175.09727981230122,178.23151987486753,150
951,7272,5051,636.447025840185,1.0,1.0,7.273293352750347,0.9847082701026897,0.9770779485784247,0.9894791666666667,744.5919721624463,107.46741948339144,108.14494632226099,83
941,7272,5051,833.2385214881425,0.9997983870967742,1.0,4.459087580144064,0.9782916173373704,0.9787897186804291,0.9716257668711656,974.1547174273725,140.87429390884608,140.91619593923087,112
942,7272,5051,389.20722108780853,1.0,1.0,25.97826812961552,0.9648842849286418,0.9525787469712703,0.9683464022140221,445.0072402487324,54.45002874138551,55.80001916092369,51
949,7272,5051,557.4564650793195,1.0,1.0,16.03199624757506,0.9622845558797585,0.9597588623248146,0.9409335191082803,652.0446948775085,92.38234469728344,94.58822979818895,79
954,7272,5051,379.06069685882636,0.9999539085545722,1.0,38.359236252781116,0.9314453413657443,0.9141380300564755,0.9024190771349863,434.82863285872793,53.65190399985224,55.767935999901496,55
945,7272,5051,377.4652014967925,1.0,1.0,33.14476620294958,0.9771230370805364,0.982260991745214,0.9593651729559748,444.97982333345186,68.27193275498892,67.5146218366593,53
943,7272,5051,410.76768919389156,1.0,1.0,31.66836246125441,0.876946489000252,0.8982002977924516,0.7182904411764706,470.96012578121963,58.03865488099182,60.19243658732787,55
950,7272,5051,419.36252252729327,1.0,1.0,27.362374576541914,0.9188333145279582,0.9145540762356374,0.8629934210526315,489.21178225920073,70.27388959786086,69.84925973190722,55
946,7272,5051,276.2103675008536,1.0,1.0,19.055571575233216,0.922332277525227,0.898379970544919,0.8844126506024096,314.27063802207505,39.84040578183214,38.06027052122142,36
959,7272,5051,372.040036817806,1.0,1.0,20.051799589589322,0.9855020249956519,0.9766355140186916,0.9879340277777777,430.9924194697966,59.92857397798552,58.95238265199036,51
960,7272,5051,573.6793774393229,1.0,1.0,26.362492631115508,0.9945085921443252,0.9907386363636363,0.996225845410628,654.8102649989263,78.94633133940447,81.13088755960294,80
958,7272,5051,639.4063677867764,1.0,1.0,8.694632109723823,0.9788309651620607,0.9772450223486387,0.9701322115384615,740.9966268895802,101.38538865420527,101.59025910280353,86
957,7272,5051,502.676231026278,1.0,1.0,29.484753151744876,0.8653863409230845,0.9015269667404157,0.7353347665847666,573.7273869914368,64.57673394773757,71.0511559651584,66
944,7272,5051,499.30116363983467,1.0,1.0,19.0652769132913,0.9697705485859998,0.9608494418731283,0.9628771551724138,583.747682935726,85.41977894383672,84.44651929589112,72
953,7272,5051,349.38632898135853,1.0,1.0,30.090438988268968,0.9309039905643622,0.9532598664567613,0.8462106299212598,395.95969618769647,43.61005080950677,46.57336720633783,50
975,7432,5164,292.1402721959221,1.0,1.0,28.130261430049188,0.9232589155684554,0.9130434782608695,0.8767361111111112,337.63301969985827,42.73912125590401,45.492747503936,39
968,7432,5164,568.5384840077984,1.0,1.0,29.681504008349513,0.9787752392618722,0.9769735393827323,0.9677282016348774,658.5012519954402,88.44415198146179,89.96276798764126,81
969,7432,5164,531.6205029362773,1.0,1.0,32.58826142609795,0.923686139720463,0.9698594406607738,0.8142560206422018,606.1275126663037,69.01051459503972,74.50700973002648,71
963,7432,5164,495.53285321034065,1.0,1.0,23.32461915036482,0.9574056337917144,0.9684078823897404,0.9033943965517242,569.2861142393242,72.37989154347477,73.75326102898322,69
979,7432,5164,356.7438419467967,1.0,1.0,25.949948548145244,0.9751970867956691,0.9893098782138025,0.9531798245614035,404.5589032296762,46.972591924319076,47.815061282879384,50
978,7432,5164,468.3243080652678,1.0,1.0,31.86744082476771,0.9617711612325641,0.9481052631578948,0.9510146103896104,543.1304539004907,70.95921875283398,74.80614583522268,64
972,7432,5164,522.3005016112025,1.0,1.0,26.32858354346285,0.9163903138916336,0.9220704529115744,0.8416398713826366,612.4444026594332,87.21585157234527,90.1439010482302,72
970,7432,5164,434.18656104678814,1.0,1.0,23.35350614245668,0.9771176523539474,0.9681204339163162,0.975139405204461,510.0368255916608,73.27539681730862,75.85026454487247,59
980,7432,5164,413.6443093903424,1.0,1.0,30.51017877089232,0.981091372054368,0.9823860015064604,0.9740987196765498,482.32991902056193,69.2784144453288,68.68560963021919,55
964,7432,5164,335.4714943228822,1.0,1.0,24.820919292496892,0.9821360284075388,0.9715029654274555,0.9813385627530364,391.9862822877917,57.02218194736399,56.514787964909324,46
971,7432,5164,465.215998298311,1.0,1.0,28.641952501683477,0.9149320730677494,0.9219835244710063,0.8474234271523179,534.4526619085483,67.8549954153553,69.2366636102369,67
967,7432,5164,300.9755315173027,1.0,1.0,28.42556377091715,0.9929261737290559,0.9984043551717665,0.9974593495934959,342.7388299879063,40.894947705905196,41.763298470603466,41
961,7432,5164,346.09891132085176,1.0,1.0,28.115341907761678,0.976007903027714,0.9652725914861837,0.9739173228346457,398.37980947581326,52.17134723244201,52.280898154961335,50
976,7432,5164,538.6236493493221,1.0,1.0,21.363187997834334,0.9766422809353105,0.9762998152546846,0.9613217213114754,623.3044500991668,85.7712011247665,84.68080074984437,77
962,7432,5164,555.3362316888154,1.0,1.0,29.726513505596465,0.9381193070429297,0.972358610656483,0.8636497641509434,640.8243206846504,83.23213349375182,85.48808899583457,78
974,7432,5164,310.0901341103492,1.0,1.0,26.06403358054239,0.9860286473374149,0.9845612134344529,0.9775265957446808,349.7384046468058,37.72240580468472,39.64827053645647,41
966,7432,5164,612.1715318032258,1.0,1.0,16.435667148987427,0.9781465192877105,0.9649922371913657,0.9834174791086351,713.3175320678143,102.96900039688273,101.14600026458854,82
973,7432,5164,251.49778516136024,0.9999222636815921,1.0,26.278653767406226,0.9728622535775042,0.9965620592383639,0.9496441831683168,300.6466339150488,48.97327313053265,49.14884875368841,37
977,7432,5164,496.3330852757703,1.0,1.0,32.24632303990547,0.9811387351575485,0.9729658376894239,0.9832432827102804,565.8182120066737,68.97769009635454,69.485126730903,65
965,7432,5164,449.242289136789,1.0,1.0,28.254813755275052,0.9158115671641793,0.907967032967033,0.8597642348754448,522.3443683026958,72.15311874885982,73.10207916590656,64
983,7592,5276,486.39195977881604,1.0,1.0,32.57180280034391,0.9900314889788575,0.9909144353588798,0.986435012437811,555.3811990654655,65.98385892997356,68.98923928664902,68
984,7592,5276,431.961164302372,1.0,1.0,31.880675832573925,0.9807404758190624,0.9851519521444213,0.9751095013477089,497.63658796913984,66.26313550015112,65.67542366676739,64
993,7592,5276,570.6762310262782,0.9997799295774648,1.0,19.72901274385553,0.9894323563622217,0.9880842700079848,0.9945598821989529,660.719465775731,86.3148521241787,90.04323474945257,83
990,7592,5276,251.66811584440774,1.0,1.0,31.00051245676615,0.9581480512686372,0.9771129638711786,0.9120244565217391,300.304987788516,52.705307916162226,48.63687194410812,38
982,7592,5276,1463.1408520804985,0.9998328877005348,0.0,-49.708625388412635,0.977300886724259,0.9833019591438332,0.9551411290322581,1732.349866859763,278.56352216889724,269.20901477926515,200
985,7592,5276,471.3537453167907,1.0,1.0,26.89197581020545,0.9419314083100685,0.9273707022784513,0.9139238165680473,538.7845109076803,64.39614838633435,67.43076559088958,65
996,7592,5276,852.2854723676406,0.9999540441176471,1.0,15.009549036669943,0.9399351857683521,0.9644605443508909,0.8621258802816901,1011.117408961668,163.24790489104154,158.8319365940278,126
999,7592,5276,672.7312970876472,1.0,1.0,13.574673815923045,0.9727619540891854,0.984488107549121,0.9455307262569832,806.7479905581346,141.02504020573147,134.01669347048767,98
1000,7592,5276,501.42139703033894,0.9999497588424437,1.0,30.017913353146703,0.9819483791979273,0.9751492968599499,0.9857283464566929,585.748090865782,82.24004075316394,84.32669383544273,71
986,7592,5276,548.2805035988146,1.0,1.0,38.163473760053705,0.9651647170110634,0.97803853167367,0.9386539421157685,625.8242030649474,72.8155491991988,77.54369946613258,80
998,7592,5276,366.1514929978077,1.0,1.0,37.172085553816494,0.9451545197400096,0.9749421296296297,0.895308564231738,421.8976143647424,56.61918205040191,55.746121366934645,55
991,7592,5276,577.9285806378044,1.0,1.0,22.900548999942377,0.9298134392624052,0.9531476837798601,0.8522253787878787,654.7151798718901,74.67989885112809,76.78659923408539,84
987,7592,5276,313.60924134136195,1.0,1.0,22.535182229995335,0.9319427843526766,0.921907554595262,0.8932621308016878,378.1635669007198,66.8314883390368,64.55432555935785,48
989,7592,5276,433.01059956628296,1.0,1.0,22.353490281618605,0.9981073218604326,0.9981956860493726,0.99815867003367,499.8545554941025,63.51593389172863,66.8439559278191,60
981,7592,5276,434.58858130034156,1.0,1.0,30.559322284152284,0.9618656743206537,0.9489872037642738,0.9481232294617564,501.02918667937,64.41090806854233,66.44060537902824,61
995,7592,5276,439.8959969732365,1.0,1.0,29.074684864440357,0.9764058344023181,0.979819524200164,0.962890625,513.472479588309,72.86472392260876,73.5764826150725,62
994,7592,5276,480.0225231898304,1.0,1.0,27.707699887276036,0.9777014630474666,0.9725194042374659,0.9717221467391305,554.9604456745512,70.40688372708082,74.93792248472054,70
992,7592,5276,365.86722175034583,1.0,1.0,30.632765178549718,0.9911829286698443,0.9895722494147691,0.9907034050179212,435.1753700464304,69.4622224441266,69.3081482960844,53
988,7592,5276,425.07195845374156,1.0,1.0,20.85934276159646,0.9719413458538556,0.9853213526304959,0.9411501024590164,488.0883893628437,63.77464636365276,63.01643090910184,53
997,7592,5276,678.2041154677936,1.0,1.0,10.743254188982831,0.9843330349149507,0.9819356664465616,0.9750212585034014,780.3375897504687,104.45021142401232,102.13347428267495,92
1011,7752,5389,1202.152694117987,1.0,1.0,-17.63358160526859,0.9926900485056045,0.9898378625256908,0.9934895833333334,1386.2912360068779,188.45781283333733,184.1385418888917,162
1003,7752,5389,760.6699789932185,1.0,1.0,15.089381190618687,0.9804269444285469,0.9683639918244024,0.9815848214285714,875.5188764339724,110.77334616113073,114.84889744075384,101
1002,7752,5389,320.38069818390096,0.9999459342560554,1.0,37.51109170466452,0.9907440196353777,0.993298922394277,0.990934065934066,360.1548372414967,40.161208586393606,39.77413905759574,44
1014,7752,5389,313.49149233527055,1.0,1.0,22.727072928200172,0.9876365592120743,0.9923703607914134,0.9859512061403509,354.48151701976496,38.98503702674165,40.99002468449443,41
1010,7752,5389,364.8052008342552,1.0,1.0,28.024941351790154,0.9964294484553804,0.9994645862016215,0.9972727272727273,423.69978740361563,59.09187985404045,58.89458656936032,47
1018,7752,5389,307.9523870918696,1.0,1.0,33.43382172946502,0.96235837268896,0.9699252411116818,0.9310247747747747,351.1122613608176,42.989811403421996,43.159874268948016,45
1016,7752,5389,264.17529945187306,1.0,1.0,30.214758319697914,0.9887430793053128,0.9891245730720835,0.9956501831501832,307.1169714009623,44.16250792363396,42.94167194908929,37
1008,7752,5389,495.15712379526536,1.0,1.0,26.80909646978115,0.9740437894492544,0.9684870291915734,0.978243670886076,567.3763145480177,70.07878612912825,72.21919075275217,73
1013,7752,5389,431.0431832308509,1.0,1.0,27.365869011673073,0.9352412743216884,0.9621951219512195,0.8634129213483146,506.25939645839225,76.07431984131165,75.21621322754116,63
1012,7752,5389,632.2717263883121,1.0,1.0,23.468258980438776,0.9695897810322461,0.9649051627954154,0.9572220437017995,709.3058743774958,75.05122198377519,77.03414798918342,91
1019,7752,5389,534.6674538157754,1.0,1.0,30.098170076806262,0.9422441689147824,0.9832987449352703,0.8690121882086168,616.9361794162612,76.90308840072807,82.26872560048544,81
1009,7752,5389,498.87285254780346,1.0,1.0,25.256629216299594,0.9239894771204178,0.9844708265346311,0.8224324748743719,581.8106293134002,83.15666514839445,82.93777676559637,72
1015,7752,5389,626.8553389198281,1.0,1.0,26.940756798751604,0.9423741488803518,0.9485336958632744,0.8932565789473684,708.8105183167487,80.93276909538059,81.9551793969204,88
1007,7752,5389,396.44205707135933,1.0,1.0,29.84862725225174,0.9765606610587347,0.9732906572484962,0.9726322852760736,456.8699433188112,61.39182937117733,60.42788624745153,57
1004,7752,5389,454.0726204823737,1.0,1.0,33.548068507193555,0.9842569731341825,0.9699472213598261,0.9880145582329317,505.1285245300645,45.083856071535926,51.05590404769061,63
1001,7752,5389,371.4714943228822,1.0,1.0,29.227045042277897,0.9805592768478257,0.9799256990158378,0.974609375,436.8983554525861,60.64029169455562,65.42686112970374,56
1005,7752,5389,438.1777838362857,1.0,1.0,27.105436107068144,0.9514131131202395,0.9613030170529078,0.9012609649122807,506.0453371256191,69.55132993399994,67.86755328933329,66
1017,7752,5389,452.55599763577374,0.9998432274247492,1.0,28.51320073115577,0.9731078426894441,0.9851027842831122,0.9497950819672131,543.0450670111851,93.73360406311667,90.48906937541113,65
1006,7752,5389,321.5829505028841,1.0,1.0,27.123500701713326,0.9370804573328944,0.9178612940720651,0.9178650442477876,363.3745539338773,40.18740514648975,41.791603430993185,46
1020,7752,5389,427.3362316888153,1.0,1.0,24.44819000675988,0.9760706597042005,0.9786934673366834,0.9621394230769231,485.15618569829365,55.229931014217044,57.81995400947801,57
1031,7912,5502,449.44768786881696,0.999951171875,1.0,36.81724525753551,0.8280371387472211,0.9116631692953361,0.6251310272536688,522.8701507181414,72.63369427398626,73.42246284932416,64
1024,7912,5502,363.0431832308509,1.0,1.0,26.782697565333255,0.9646260183800153,0.9599745466115177,0.9545599489795918,420.2317912127325,54.28291197282212,57.18860798188141,48
1037,7912,5502,385.8672217503458,1.0,1.0,33.33729846133847,0.9099075616601879,0.8808395121753576,0.8768115942028986,433.1305639734232,43.89501333461571,47.26334222307714,52
1023,7912,5502,519.1045421183094,1.0,1.0,29.499963594168104,0.9887963653242935,0.9847004371303677,0.9924004192872118,587.1436018481492,61.558589594759084,68.0390597298394,74
1036,7912,5502,582.7025218647561,0.9999433876811594,1.0,19.043035153272445,0.9746788109708097,0.967373791621912,0.9701450892857143,673.3630710960282,87.99082384690794,90.660549231272,83
1021,7912,5502,288.354407345423,1.0,1.0,31.30046567112709,0.9769076206812054,0.9951660094135606,0.950829081632653,337.0766679716441,49.83339093933158,48.72226062622105,41
1029,7912,5502,685.115803713225,1.0,1.0,17.873268204820075,0.9614235804264026,0.9520878052731765,0.9491393905191874,805.3434867873955,117.34152461125541,120.22768307417026,97
1027,7912,5502,258.31304647035273,1.0,1.0,26.529956621049937,0.9252455960035375,0.9575124963246104,0.8322285353535354,301.7558630954592,45.664224937659654,43.442816625106424,35
1038,7912,5502,356.8966590018687,1.0,1.0,31.664174035042794,0.9349363264287283,0.9273036348182591,0.8894918893129771,407.7308928586702,48.50135078520202,50.834233856801376,50
1032,7912,5502,427.3099408503372,0.99921875,1.0,21.75731932597169,0.8816921132479291,0.9425957972805933,0.7100183823529411,517.3616623973561,91.57758232052784,90.05172154701857,63
1022,7912,5502,561.3912977501842,1.0,1.0,28.423661795492084,0.979310131434642,0.9890600692527726,0.959068480861244,654.403511917288,92.26832125065535,93.01221416710355,75
1034,7912,5502,389.1283485723746,0.9997852233676976,1.0,36.17974759679258,0.942573260040077,0.9505896611196569,0.9025985054347826,453.84141651583474,61.81960191519001,64.71306794346002,59
1035,7912,5502,362.57980408983906,1.0,1.0,32.617085008342016,0.9401620101097692,0.9420824166022477,0.8976799242424243,408.9464385762052,44.799951729548994,46.366634486365996,50
1026,7912,5502,409.36003814288046,0.9999513239875389,1.0,30.18699078276426,0.9904350471554609,0.9952134640623794,0.9967866323907455,463.23856812093317,50.06779496707867,53.87852997805243,55
1025,7912,5502,382.9906015538949,1.0,1.0,35.350911154985084,0.9641863190273914,0.9789574366331899,0.9389032160194175,438.72032732669027,55.09458865919281,55.7297257727952,53
1040,7912,5502,324.63867859288484,1.0,1.0,30.263604405951025,0.9875993986441126,0.9865006096498867,0.9920496323529412,370.9959140209127,44.785853142041674,46.35723542802776,46
1028,7912,5502,371.92609625339156,1.0,1.0,30.742330150558104,0.9976983808376824,0.9996820855189954,0.995465158045977,422.221669849135,46.19336039361498,50.2955735957433,53
1033,7912,5502,405.43891065831446,0.9999320652173913,1.0,22.57989108752455,0.9863045122873807,0.9812912482065997,0.9896059782608696,470.29141485767195,63.52875629903572,64.85250419935716,57
1030,7912,5502,448.07510486678643,1.0,1.0,33.75356471164295,0.9765731148097827,0.972412109375,0.965657981530343,520.4413800975838,71.7994128461954,72.36627523079689,63
1039,7912,5502,187.43642627390187,1.0,1.0,21.702685663377068,0.906511455501818,0.9421700223713646,0.7959421641791045,222.75159970854764,35.72276015196863,35.31517343464574,26
1050,8072,5615,313.36003814288057,0.9999425551470589,1.0,35.81980565258505,0.9745969442966932,0.987673747705219,0.9443705673758865,379.6195637521878,67.13928841396053,66.25952560930699,48
1060,8072,5615,447.13083295678723,1.0,1.0,29.870865045689808,0.9341148960374138,0.9453405017921147,0.8644713261648745,520.0581283012214,71.89094301665065,72.92729534443373,62
1051,8072,5615,442.3831825683136,0.999951171875,1.0,37.70745184322779,0.968620210711745,0.9567915290902881,0.9734375,495.10632921803307,51.334719974578896,52.723146649719254,60
1054,8072,5615,387.3274544783127,1.0,1.0,27.646035614771247,0.9918009776874304,0.9955933748670415,0.9882673487544484,441.8874301636601,54.089963528020775,54.55997568534718,54
1046,8072,5615,367.3011636398347,1.0,1.0,27.23208177604964,0.9588396283199156,0.947058093346574,0.9463315217391305,426.7383870670767,57.655835140862564,59.43722342724168,51
1041,8072,5615,394.61487213881946,0.9999230295566502,1.0,25.303679040919523,0.932311975104979,0.9384594298245614,0.8578355911330049,458.610885022707,64.49401932583092,63.996012883887296,56
1049,8072,5615,453.69689106729834,1.0,1.0,25.663006178803528,0.873383924105965,0.86180732130605,0.7974624060150376,526.4801488810792,72.42488672067081,72.78325781378055,64
1052,8072,5615,695.3324232471388,1.0,1.0,21.84629822334382,0.9942707073963625,0.9887958352195564,0.997998595505618,803.774325200693,107.16285293033097,108.441901953554,92
1048,8072,5615,767.0958057008372,1.0,1.0,5.638071928385213,0.996350422129286,0.9963857401018564,0.9943181818181818,891.3363046297076,120.3607483933062,124.24049892887088,108
1057,8072,5615,386.8114936603449,1.0,1.0,38.757118329710494,0.962748329824882,0.9486712619759831,0.9585176991150443,450.08783059560005,61.91450540288221,63.27633693525484,59
1043,8072,5615,324.44205707135944,1.0,1.0,25.500760551835807,0.9355487734774293,0.9809749492213947,0.8408664163090128,385.5916298803046,62.47435921341746,61.149572808945,46
1044,8072,5615,471.81712445780255,1.0,1.0,36.172927333541914,0.9702954137424515,0.9617328519855596,0.9595081453634086,538.1558775020393,65.00812956635444,66.33875304423631,66
1047,8072,5615,404.013745979328,1.0,1.0,36.27434107566861,0.9836679536679536,0.9891457404365173,0.9715561224489796,463.72834407962495,55.82189715044487,59.71459810029658,57
1055,8072,5615,705.6492781591685,1.0,1.0,18.83781576466004,0.9419371583369831,0.9443199678961977,0.8937101910828026,826.18823808802,118.55843989327748,120.53895992885178,101
1053,8072,5615,597.2335527193162,1.0,1.0,25.358126628935842,0.9875406683115324,0.9766413724843286,0.9877525252525252,693.3504797434783,93.1753905362426,96.11692702416178,87
1042,8072,5615,542.5847728586646,1.0,1.0,9.7131594627911,0.9906907656023223,0.9962740384615385,0.971926510989011,631.837345369536,93.3788587663067,89.2525725108711,76
1056,8072,5615,786.872893340834,1.0,1.0,6.355079183377349,0.977148094004853,0.9811860446378213,0.9564260563380281,892.8717962917693,97.49835442640324,105.99890295093562,105
1058,8072,5615,425.242289136789,0.9998907342657343,1.0,32.005291590933645,0.9850640564044535,0.991004734350342,0.9707859848484849,499.0018687386099,72.38936940273086,73.7595796018206,58
1045,8072,5615,657.8458996806934,1.0,1.0,18.231650935754455,0.9834928378620899,0.9744193653909061,0.9818181818181818,766.3455488988967,109.49947382730426,108.49964921820283,94
1059,8072,5615,427.2748728013569,1.0,1.0,34.68544980460674,0.978945116842837,0.9813812935614369,0.9753398541114059,499.50762119080855,71.59912258417717,72.23274838945146,59
1070,8232,5728,383.75576557034407,0.9999435920577617,1.0,30.92148193383685,0.9617580121628176,0.9762164975279729,0.9261853448275862,446.314023252159,61.5873865227219,62.55825768181462,55
1071,8232,5728,436.95801788932715,1.0,1.0,38.001947067550134,0.9091072402399513,0.9579521301173644,0.8067934782608696,500.68700949984316,60.343487415773666,63.728991610515784,67
1067,8232,5728,426.5885813003416,1.0,1.0,29.48277465903004,0.9674787202817726,0.9637352674524026,0.9625892857142857,495.82240287487423,65.60073236179865,69.23382157453244,59
1079,8232,5728,516.7876872062797,1.0,1.0,41.262777427626915,0.9492697057749785,0.9156694172030932,0.9454904244306418,589.0077624482919,67.83011286301789,72.22007524201192,73
1063,8232,5728,374.6411629772975,1.0,1.0,34.67774587031524,0.9502970886472318,0.9474609031804604,0.921505905511811,424.01566865560136,44.06175851745539,49.37450567830357,50
1062,8232,5728,290.5798040898392,1.0,1.0,23.325809129685425,0.9618741166623215,0.9799040191961608,0.9176587301587301,345.5976448927752,56.27676120440406,55.017840802936036,39
1061,8232,5728,748.9980547071337,1.0,1.0,7.570577101080055,0.9804265127887645,0.9953602474534692,0.9498567335243553,880.4796025117516,132.7223217069266,131.48154780461778,103
1068,8232,5728,371.49778516136024,0.9997844827586206,1.0,35.91128651501366,0.85093147279889,0.8540473397281071,0.7393166415662651,424.67503382429777,48.26587299440598,53.17724866293734,52
1064,8232,5728,678.8252396396733,1.0,1.0,21.844309009798263,0.9191654879773692,0.9093594119191388,0.8657852564102564,788.3876855206477,105.84366882146081,109.562445880974,94
1077,8232,5728,500.5910656847542,1.0,1.0,18.391111164024903,0.9655867167108045,0.9601111973105767,0.9468984962406015,573.3144123433435,69.3350199878834,72.72334665858895,69
1078,8232,5728,459.3274544783127,1.0,1.0,33.507178976916826,0.9584187327250471,0.9659751389419201,0.9306066176470589,523.4596395951372,60.198277675236014,64.13218511682403,61
1080,8232,5728,429.215998298311,1.0,1.0,27.429013555807778,0.9659005076313492,0.9654202434647655,0.9405184659090909,501.7061263328822,70.4851920518564,72.49012803457094,61
1065,8232,5728,462.82904808135004,1.0,1.0,25.467153756437416,0.9873024023164593,0.977866473149492,0.9862450132978723,529.9947321550658,63.24852611057336,67.16568407371557,61
1076,8232,5728,420.01374597932795,1.0,1.0,32.915877716145594,0.9617727670769661,0.9716395286294068,0.9250466417910448,486.79355396102517,65.66971197254568,66.77980798169709,61
1075,8232,5728,563.3625225272934,1.0,1.0,24.067049479284982,0.9480593973216545,0.9800267022696929,0.898670477137177,642.4180573636983,79.58330225460715,79.05553483640479,75
1073,8232,5728,524.5647748462762,1.0,1.0,29.822503747862694,0.9376846130795246,0.9840977183682876,0.8551838235294118,600.9003684212934,77.00339036252538,76.3355935750169,74
1074,8232,5728,374.0638432718713,1.0,1.0,39.71451056577605,0.9691754997510136,0.9726351903283778,0.9554343553459119,427.4429173991961,53.068611190987056,53.37907412732472,53
1072,8232,5728,623.5504076313459,1.0,1.0,21.025696686709598,0.9865455598176158,0.9878885316184352,0.9856387867647058,707.299531722324,76.87368613646683,83.74912409097793,85
1066,8232,5728,481.01937677678563,1.0,1.0,33.22192309129231,0.9851153167844198,0.985217882256326,0.9912625944584383,555.5045905393233,75.7278206438059,74.48521376253724,69
1069,8232,5728,930.4582874351012,1.0,1.0,7.9806301549085985,0.9582328839994113,0.985331878289896,0.8930501662971175,1071.8079097795273,142.27443351663933,141.34962234442628,123
1083,8392,5840,401.8759989608483,1.0,1.0,34.466703519284565,0.9051438249903926,0.8985759231660871,0.8470917630057804,447.71147917531783,41.00322032170398,45.83548021446932,54
1095,8392,5840,366.3481145193331,1.0,1.0,26.828025842599374,0.9887225896275671,0.978619315093314,0.9901215805471124,421.5840200667973,52.8538583211961,55.23590554746404,50
1086,8392,5840,546.2479199342467,1.0,1.0,31.69091261234457,0.942381843870297,0.9413313623134846,0.9134158277404921,624.2786833637774,73.54614514429564,78.03076342953044,75
1085,8392,5840,652.1013957052648,1.0,1.0,26.870558937011047,0.9094356439206265,0.9228895279986465,0.8345754008016032,737.4910931368561,83.08454614738622,85.38969743159086,86
1096,8392,5840,769.5441148052565,1.0,1.0,6.010546387127091,0.9471127941656357,0.9572197079668687,0.8900786713286714,911.7985558704833,140.63166159783933,142.25444106522642,112
1081,8392,5840,241.35126093237812,1.0,1.0,32.238982239542906,0.9466256811513204,0.9735625658908442,0.8981186224489796,281.25879255441026,38.1112974330482,39.90753162203214,35
1090,8392,5840,561.9899395252628,1.0,1.0,20.522717227008947,0.9375845550546297,0.996265455463033,0.8345861486486487,635.9654843678572,69.71331726389107,73.97554484259405,76
1084,8392,5840,298.09013411034925,0.9999190414507773,1.0,24.706539876441735,0.966265638853315,0.967059748427673,0.9434099740932642,339.74973100919044,42.23939534826164,41.65959689884108,41
1100,8392,5840,277.23351192628667,0.9999186197916666,1.0,25.637235592700915,0.9960971834127015,0.9967682363804248,0.9950358072916666,316.8822176135596,41.47305853090932,39.648705687272866,35
1087,8392,5840,291.6944066828857,0.999932650862069,1.0,31.615337450629205,0.9591913159120261,0.9477124183006536,0.9485452586206896,350.04138272541655,58.2704640637962,58.346976042530805,43
1094,8392,5840,435.5503668383163,1.0,1.0,22.93200169426953,0.9381656753579085,0.9639855355746677,0.8478422619047619,485.2571393433004,49.0601587574763,49.70677250498419,57
1099,8392,5840,281.3249700939001,1.0,1.0,30.9873304922423,0.9263724846894139,0.9027039007092199,0.9070796460176991,322.13006180154264,40.95763756146373,40.80509170764249,41
1088,8392,5840,384.47712512033985,1.0,1.0,29.720037690883533,0.9725482950832969,0.9861367155814468,0.943589501510574,447.3625350103796,63.57811483505933,62.885409890039554,55
1092,8392,5840,397.2072210878086,1.0,1.0,37.60545460268107,0.9751934480961353,0.9539506377339738,0.9835792824074074,452.4056915183933,52.04770564587697,55.19847043058464,54
1089,8392,5840,286.5272224128832,1.0,1.0,27.925299913496175,0.9849286031749649,0.9808277541083384,0.9823863636363637,333.1622929969644,43.70260587612181,46.63507058408118,40
1093,8392,5840,459.64679377475505,1.0,1.0,31.728764582522466,0.9741960775693093,0.9745696220058153,0.952416918429003,523.5816763570598,62.902323873456716,63.934882582304475,61
1091,8392,5840,353.1283485723746,0.9996811224489796,1.0,36.958809430752815,0.9353560789853514,0.9369303682099891,0.8905190677966102,403.252742011181,45.936590158209185,50.12439343880613,51
1097,8392,5840,555.0782512798315,1.0,1.0,35.237587144308385,0.9233862464020064,0.9736468752216784,0.8111037234042553,630.4182908523562,71.01005935878682,75.34003957252459,78
1082,8392,5840,412.2454355498339,1.0,1.0,29.071357331594132,0.9482353629585045,0.9505616786774057,0.904063566552901,470.37097430739715,54.938308136344524,58.12553875756302,58
1098,8392,5840,511.3099408503372,1.0,1.0,35.811153728983555,0.9055448756458009,0.8877025036818851,0.8640125570776256,590.8086887233598,74.99812180953344,79.49874787302231,75
1104,8552,5953,427.1045421183094,1.0,1.0,31.441680754302215,0.9735040830295603,0.97847935328818,0.9495003918495298,506.07767567310026,74.95970033218578,78.97313355479054,63
1110,8552,5953,358.1252021593297,1.0,1.0,41.56927593360171,0.9677102147986028,0.9547466541686195,0.9688960280373832,416.9368599010822,58.2174866126285,58.811657741752335,51
1115,8552,5953,419.1571237952653,1.0,1.0,27.35392889843471,0.9703838955584972,0.9878212154426989,0.9282447735191638,486.22214407665757,66.84753042208789,67.06502028139192,56
1120,8552,5953,365.41261981983644,0.9998102226720648,1.0,27.226837907057746,0.992520594387224,0.9952564278839543,0.9954401750972762,412.2868567128825,44.061355339568685,46.8742368930458,50
1114,8552,5953,414.0989113208517,0.9998244382022472,1.0,29.36551041134108,0.9331681292532472,0.9565995104500095,0.8588825214899714,465.8956682572527,47.695135404601054,51.79675693640072,54
1111,8552,5953,789.7758043757626,1.0,1.0,14.470972376908252,0.9805810709235219,0.9695648264700594,0.9783454356846473,900.7367516468873,104.94142090668763,110.96094727112511,108
1102,8552,5953,421.4126198198364,1.0,1.0,28.854365882590017,0.9363173899219815,0.9424622449880774,0.8772662213740458,492.8988168463017,69.72929553969747,71.486197026465,58
1101,8552,5953,415.0168923923729,1.0,1.0,30.986143933299065,0.8819085543726425,0.9864888173403094,0.7312022379912664,476.03824416398913,62.28202765742404,61.02135177161603,56
1106,8552,5953,437.4827559177974,1.0,1.0,40.22203813365862,0.9637625661290531,0.9758535694723389,0.9313412408759124,510.4626053453329,70.46977414130251,72.97984942753503,62
1103,8552,5953,419.3274544783127,1.0,1.0,30.05822054643748,0.992101868346921,0.9869416827422466,0.9946304179566563,483.23920674087134,62.86762839383752,63.91175226255835,60
1109,8552,5953,381.6530866008449,0.9997852233676976,1.0,29.941700485686564,0.983541310702804,0.9769995855781185,0.9901694373401535,442.35086706772466,55.796670700319126,60.697780466879415,52
1116,8552,5953,332.8966590018687,1.0,1.0,26.392851641466507,0.9922845111069664,0.9855704193596874,0.9982112794612794,368.3384976075036,34.41275790845219,35.441838605634786,41
1112,8552,5953,456.76139636780164,1.0,1.0,31.792411141885662,0.8618207264117483,0.9732161628053652,0.6690652412280702,517.5591920524101,58.946693526912206,60.79779568460813,62
1118,8552,5953,667.6380573572828,1.0,1.0,15.280359700725935,0.8879703204582987,0.946161027875339,0.7709455818965517,757.8314576916108,85.79010050149223,90.1934003343282,88
1113,8552,5953,385.43891065831446,0.9999367408906883,1.0,24.940669122344232,0.9817656116169343,0.9724470850352767,0.9814068100358423,436.45707210700846,48.027242173040705,51.01816144869381,54
1117,8552,5953,583.8521925067832,0.9999551005747126,1.0,33.60491295688849,0.9620665567312539,0.9706890920966689,0.9371224442379182,663.2778417220424,75.63847382288792,79.42564921525863,79
1105,8552,5953,503.61172572577453,0.9999516253869969,1.0,30.312309488152685,0.9621379150287928,0.9858297291145003,0.9271973844282239,569.0475385121375,59.15371917954395,65.43581278636266,71
1119,8552,5953,429.65308660084486,1.0,1.0,32.080558959928304,0.9685406154740521,0.9787148189246444,0.9405416666666667,496.89746180243725,61.86656280238807,67.24437520159205,61
1107,8552,5953,504.51219316932026,1.0,1.0,32.410310796833826,0.9412389965337522,0.9421288171288171,0.9116690751445087,575.2225266054978,68.56550015426579,70.7103334361772,68
1108,8552,5953,313.3863289813586,1.0,1.0,31.523033767954026,0.9260983362235911,0.9440873538294742,0.8776285046728972,357.4005435837033,41.27132190351691,44.01421460234461,44
1132,8712,6066,553.0193767767856,1.0,1.0,35.34923628302211,0.9616242536146642,0.9929686401350021,0.9201896709323584,636.5163743103564,83.9954963003552,83.49699753357011,77
1124,8712,6066,689.9423266171325,0.9997632575757576,1.0,8.080350084687492,0.9874864123401833,0.9914649286157666,0.9706439393939394,799.0231676772585,108.87126159018823,109.08084106012546,90
1139,8712,6066,470.16027020831024,1.0,1.0,22.414400879985475,0.9372504718350755,0.9536420036764706,0.8661347517730497,533.4736788234582,61.97011292272159,63.31340861514773,66
1131,8712,6066,805.2209670671375,1.0,1.0,19.1925635595248,0.957414988471865,0.9613651403901301,0.9234901685393259,926.0556230476036,116.75198397069984,120.83465598046662,106
1122,8712,6066,701.0544448257665,1.0,1.0,9.11886210237802,0.9096383737304131,0.9305982905982906,0.8144102664576802,794.3633315232423,88.96333004621326,93.30888669747556,93
1126,8712,6066,544.0225231898303,1.0,1.0,22.157030966760303,0.9683261241829307,0.991154686417648,0.9288340336134454,621.8788542092545,76.28449652913554,77.85633101942373,73
1127,8712,6066,436.72632831882123,1.0,1.0,31.526144580328488,0.9830263118418289,0.9785378283026264,0.9806857638888888,508.2158647792606,71.98430469065875,71.48953646043915,59
1136,8712,6066,337.1020577338967,1.0,1.0,32.32533401031323,0.9006003342066718,0.9947111200374908,0.7770403519417476,378.4023977704721,38.70051005486293,41.30034003657528,48
1137,8712,6066,445.45646507931946,1.0,1.0,31.059637215315828,0.9746322754325932,0.9803182579564489,0.9566326530612245,515.0476626194632,68.38679631021508,69.59119754014336,59
1128,8712,6066,417.1897074598332,1.0,1.0,32.79727815264897,0.9173041233230381,0.9203038552735575,0.8621435072815534,465.1231263318101,41.900128307965154,47.93341887197676,53
1135,8712,6066,466.56229046186354,1.0,1.0,36.11178837092874,0.9535968227531868,0.9662486453011302,0.911625,513.7289912264306,40.00005114685,47.166700764566656,64
1125,8712,6066,331.3186772678103,1.0,1.0,32.36777932300102,0.9623327624842063,0.9611085389245321,0.9434171597633136,372.9513501868226,38.449009378518284,41.632672919012194,47
1140,8712,6066,452.7351055293237,1.0,1.0,38.80165185770095,0.9771022663349874,0.9759794265703655,0.9673167715827338,508.7904993090429,54.83309066957829,56.05539377971884,60
1121,8712,6066,259.0344060203485,1.0,1.0,25.25761638121414,0.991740967258615,0.9901533635413036,0.9885467233009708,295.0469224167028,36.01877459453148,36.01251639635431,34
1130,8712,6066,305.10205773389663,1.0,1.0,25.150028950907227,0.971877520998434,0.9852413568166993,0.9472838785046729,353.01449420483925,46.36865470641364,47.912436470942424,45
1134,8712,6066,341.10205773389663,1.0,1.0,30.645089986773158,0.9640310118219445,0.9527499657111508,0.9553768382352941,381.34220924388757,37.86022726498612,40.24015150999076,44
1138,8712,6066,267.66811584440774,0.999702380952381,1.0,29.89020829889284,0.8562587904360056,0.8650580875781948,0.7162946428571428,307.5815343144888,38.87012770512145,39.91341847008096,39
1133,8712,6066,689.3299388627258,1.0,1.0,15.798699823326654,0.9677939471282822,0.9749003646230815,0.9464531680440771,783.8542376654835,89.28644820413604,94.5242988027574,91
1123,8712,6066,463.07825127983136,1.0,1.0,28.727665852909293,0.9613725064235578,0.9503997297601622,0.9491436298076923,521.1144044179675,57.05422970720381,58.036153138135845,60
1129,8712,6066,339.3274544783128,1.0,1.0,27.805276346274162,0.9347724233521069,0.9416,0.872776930894309,385.44612813703264,42.928010488079714,46.1186736587198,46
1153,8872,6179,542.2479199342466,1.0,1.0,31.866741758178453,0.9695203571222707,0.960846397405205,0.9585040983606558,617.9446738046288,71.54513080557285,75.69675387038191,72
1155,8872,6179,415.8697061347586,1.0,1.0,28.892347974787583,0.967508006836926,0.9699318769086211,0.946541172106825,480.1662827259795,60.44486488683098,64.29657659122066,55
1157,8872,6179,328.26294917780945,1.0,1.0,30.420947301439792,0.9226632800475889,0.9185657267928415,0.8720905172413793,380.8041670479311,53.311826805182434,52.541217870121635,47
1141,8872,6179,374.78520282186696,1.0,1.0,36.8876874759531,0.9401091169427505,0.9492359266837912,0.8879616477272727,428.18696683636335,50.10264602174419,53.40176401449613,51
1149,8872,6179,902.6636861671286,1.0,1.0,2.2746978767611203,0.9408823152772443,0.996765541180183,0.8359191176470588,1044.3420313911772,136.0175178360727,141.67834522404854,117
1147,8872,6179,415.1045421183094,1.0,1.0,30.773809484220678,0.9601610558103122,0.9446549015984478,0.9544916180758017,464.87051663956606,44.64896178188475,49.76597452125652,52
1143,8872,6179,474.1252021593296,1.0,1.0,30.895273748931,0.9459183990768156,0.9557927452664294,0.8954623287671233,526.9349335654911,47.71459710924152,52.80973140616103,65
1158,8872,6179,296.4595706993349,1.0,1.0,27.55371912150339,0.9230635765210624,0.9508873551885629,0.8216869212962963,338.5211805075587,41.34241471233568,42.0616098082238,39
1160,8872,6179,306.0901341103492,1.0,1.0,33.2731523330938,0.9103272925838708,0.9051495645588792,0.8386656746031746,342.7634155737251,33.259922195063766,36.67328146337584,42
1156,8872,6179,450.4708322942501,1.0,1.0,25.620278083366816,0.9721790029046319,0.9731938157662688,0.9607249149659864,520.7435661500019,70.90910078362742,70.27273385575164,61
1145,8872,6179,475.9310650222169,1.0,1.0,29.755213367519897,0.9513374518301881,0.9301708747768427,0.9352325197889182,541.3755383777465,64.41671003329338,65.44447335552893,59
1159,8872,6179,360.4508342818619,1.0,1.0,24.45854049044606,0.9940212531453407,0.9921388312073569,0.992218625498008,416.00328505608894,51.82867616133998,55.55245077422667,49
1144,8872,6179,335.5240759998382,1.0,1.0,29.002654089064485,0.9704564399201798,0.972151145492413,0.9448611111111112,389.29505199432276,53.65646399172664,53.770975994484424,50
1152,8872,6179,414.07262048237374,1.0,1.0,23.890981690961222,0.9896242864308404,0.9915605879457065,0.9890026132404182,473.3628529446205,55.18534869336975,59.29023246224648,58
1148,8872,6179,483.9699415128745,0.9996665396341463,1.0,31.215067063124746,0.9541052860724015,0.9543200419304116,0.9263857886904762,553.2011979577459,62.596884667306554,69.23125644487104,67
1151,8872,6179,370.5359996233856,1.0,1.0,26.81637924446922,0.8974498100922409,0.907000407000407,0.7934244791666667,424.8571475723633,50.731721923466374,54.32114794897756,52
1142,8872,6179,578.0250075742435,1.0,1.0,39.2989611596228,0.9411057433088188,0.9324088748019017,0.913943929173693,645.0525543492615,62.2913201625268,67.02754677501787,78
1150,8872,6179,383.5240759998382,0.9996875,1.0,33.42097244397871,0.9818043392441368,0.9595144643116732,0.9899470074812967,442.2718421866631,58.121649280237165,58.74776618682479,54
1146,8872,6179,741.4789474761209,1.0,1.0,15.594697911823483,0.9698476548550329,0.9732104401757258,0.9462035809018567,848.1461908301794,101.50086503108763,106.66724335405854,101
1154,8872,6179,258.4921543639026,1.0,1.0,33.21719346088513,0.9243420888336156,0.9439888423988843,0.8400607638888888,302.66415623874116,43.00800281225786,44.17200187483855,42
1171,9032,6292,391.2222911244009,1.0,1.0,29.521858551950555,0.9256531237057308,0.9098979138925877,0.8953397755610972,436.1504954268559,40.392306453682174,44.92820430245476,52
1173,9032,6292,490.8465617093254,1.0,1.0,29.71921330555563,0.8063416756733994,0.9313831978725795,0.5894406138790036,550.1482464659484,57.452527134933995,59.30168475662268,63
1163,9032,6292,286.55351325136115,1.0,1.0,22.583942192984633,0.9341550312951371,0.9801150701524175,0.8479651162790698,339.74546168643957,55.037922652617546,53.19194843507836,40
1162,9032,6292,426.30431005287966,1.0,1.0,23.858861710199182,0.9176522329826516,0.9305501174628035,0.8347138554216867,487.41306166907117,56.413127424287026,61.10875161619133,59
1178,9032,6292,344.2366583393314,1.0,1.0,37.78697322759716,0.9640061504053675,0.9628818061088977,0.9429484870317003,395.2096567455425,48.70949760931633,50.9729984062109,52
1167,9032,6292,488.76139636780175,1.0,1.0,23.27722928626285,0.8858088278887769,0.8874844430616055,0.781870487364621,567.8505972262462,75.8838012876663,79.08920085844424,71
1177,9032,6292,308.4069890223789,1.0,1.0,29.151875179719088,0.9107318953391165,0.9467294181842985,0.8129142992424242,350.82976486643,39.63416376607662,42.422775844051074,44
1180,9032,6292,982.5284235330624,1.0,1.0,-10.825772782097909,0.9966906310624216,0.9975494816211121,0.9924342105263158,1130.5436883845348,144.02289727720895,148.0152648514728,133
1175,9032,6292,398.38318256831354,1.0,1.0,32.249597120694524,0.9758208807181251,0.9747844720187372,0.96416015625,448.8298163914682,46.419950734731415,50.446633823154265,52
1165,9032,6292,307.29238642933234,1.0,1.0,32.61712441119051,0.9255667952085546,0.9367449281969455,0.853811553030303,353.5278365177262,43.10317513259083,46.23545008839386,43
1176,9032,6292,624.1627545927232,1.0,1.0,29.759505362857492,0.9297198499434817,0.9816233939532578,0.8275474845995893,711.131320645893,87.7028490797543,86.96856605316954,85
1169,9032,6292,297.11957136187215,1.0,1.0,32.3136826792621,0.965702787751644,0.9678835489833642,0.9419964028776978,341.297051325355,40.766219945224165,44.177479963482774,46
1174,9032,6292,470.10768853135426,1.0,1.0,12.299543294032784,0.9774902667505397,0.9864573714989228,0.9486727150537635,551.0964427793467,79.4831313719881,80.98875424799206,64
1172,9032,6292,701.1508717622056,1.0,1.0,15.237536709084438,0.9971827038137709,0.9939041598464752,0.9989531637717122,786.3995674933584,81.37304359672952,85.24869573115308,88
1170,9032,6292,413.64430939034236,1.0,1.0,34.995868872534786,0.9193719957716422,0.9724578245875664,0.8220656318082789,459.2162193297662,41.357864909135344,45.57190993942358,55
1179,9032,6292,412.4946387483153,1.0,1.0,28.907953886158406,0.9896006417234859,0.9966514607395904,0.9719636524822695,472.7860797569495,58.93716151295082,60.291441008633875,54
1164,9032,6292,510.10768853135426,1.0,1.0,19.288036481578178,0.9258084192512643,0.942285200179937,0.8418288934426229,586.1334653270073,74.28866519347906,76.0257767956527,70
1168,9032,6292,351.43642627390176,1.0,1.0,36.735247285269004,0.9894675457596458,0.9845434938892883,0.9942264211886305,393.9275840808573,39.73673671043324,42.49115780695549,54
1161,9032,6292,610.5935500691671,1.0,1.0,33.44455612344325,0.9550529326284737,0.9733088600818325,0.9164377289377289,695.2761187991018,82.77385309490136,84.6825687299343,77
1166,9032,6292,347.95238709186947,1.0,1.0,33.01887898572263,0.8778284007810405,0.9908095178144278,0.7233648255813954,387.5734459058571,38.43158822098121,39.62105881398746,45
1199,9192,6404,385.0368904047611,0.9998692468619247,1.0,23.700584857594677,0.9852139009914577,0.9940618304254668,0.9638467573221757,435.97557131074325,48.65802135897305,50.93868090598205,48
1186,9192,6404,453.9636486867848,1.0,1.0,24.82206030970172,0.985184595517345,0.9809160305343512,0.9848500844594594,518.9085989157404,64.41742534343297,64.9449502289553,60
1189,9192,6404,374.27801921440175,0.9998463114754098,1.0,38.298139828995424,0.9366440036193043,0.9180486389788716,0.9234972677595629,415.69291628446035,36.62234560508774,41.41489707005847,51
1196,9192,6404,322.57980408983906,1.0,1.0,31.919646671111845,0.907492990594106,0.9424825342138003,0.779327876984127,368.7402906815652,44.49072988758908,46.160486591726055,45
1197,9192,6404,393.294870813745,1.0,1.0,24.435122983602238,0.9945015290837439,0.9923675892375299,0.9980902777777778,461.2650877462353,67.45532539873484,67.97021693248988,54
1187,9192,6404,437.215998298311,1.0,1.0,30.683585922812753,0.953624934126327,0.951748644099495,0.9279376971608833,494.7023465253185,54.72952234051085,57.48634822700724,59
1191,9192,6404,362.30431005287977,1.0,1.0,24.847139305400187,0.9891603847153627,0.997115575890193,0.9810590836012861,410.18399046843587,44.06952062333394,47.87968041555595,50
1194,9192,6404,369.377551770856,0.9999435920577617,1.0,31.237299451720023,0.9641025413501809,0.9683641975308642,0.9399038461538461,410.32094812731833,37.41509453469353,40.94339635646236,52
1182,9192,6404,537.500269545773,1.0,1.0,21.333029914102998,0.9906531567640362,0.9881219184222322,0.9939072327044025,611.5850284711266,68.37713838802979,74.08475892535323,73
1200,9192,6404,357.8672217503459,1.0,1.0,31.18642215121079,0.9800065358883815,0.9721786360893181,0.9826030927835051,411.97623396772417,52.66351832606724,54.10901221737816,49
1198,9192,6404,707.9749102817005,1.0,1.0,17.970931200575723,0.9570722925529189,0.9588096015676029,0.9306444877505567,816.7495911133691,106.91202124750286,108.77468083166865,91
1192,9192,6404,666.0425212022191,1.0,1.0,10.029913966248554,0.960368793186566,0.9953315148971884,0.8990417817679558,751.6540836367976,84.16734365186736,85.61156243457823,90
1190,9192,6404,499.1659010057678,1.0,1.0,17.388784397150015,0.9969775227164036,0.9968952864803838,0.9971643518518518,567.5349077101157,66.55351005652162,68.36900670434774,64
1185,9192,6404,394.1252021593298,1.0,1.0,27.260408987606617,0.984576049801295,0.9861129480227483,0.9754389632107023,460.7190510370037,65.39077331651075,66.59384887767385,57
1195,9192,6404,371.8998054149135,0.9999276620370371,1.0,22.897813354303086,0.9946360113233957,0.9911409173704255,0.9984691722972973,428.0967153634088,56.545364922742586,56.19690994849503,55
1183,9192,6404,262.75013477288655,1.0,1.0,30.57202796895546,0.952608174003016,0.9468893462086433,0.9295877659574469,296.47678604509974,31.839976908319716,33.726651272213125,36
1181,9192,6404,502.8114936603449,1.0,1.0,38.58430117609291,0.9879522848273801,0.9956921309592188,0.9835715868794326,559.0075166663846,51.29403450905939,56.19602300603958,70
1184,9192,6404,454.2917244007,1.0,1.0,25.827878267991874,0.9905632194007556,0.9904761904761905,0.9832932692307692,515.2224277121302,56.89605496714459,60.93070331142974,61
1188,9192,6404,331.7469883598417,1.0,1.0,35.37304759334461,0.9634785948320351,0.9537912578055308,0.951904296875,367.87753528068004,33.19582038125758,36.130546920838384,44
1193,9192,6404,341.1283485723746,0.9997727272727273,1.0,35.197204603566824,0.9462444133559481,0.9521495786948767,0.9054555084745762,392.6971960203502,48.10327117196302,51.568847447975344,50
1206,9352,6517,266.2955328423772,0.9997767857142857,1.0,29.99009736256318,0.9755843923493661,0.9764154819623634,0.9742903386454184,298.5634383280215,31.151858228466352,32.26790548564423,36
1216,9352,6517,471.5328532103407,0.9998570884146342,1.0,29.92102461053116,0.9788036103614935,0.9935257780945593,0.9606402853260869,545.8644630056951,72.49741469303132,74.33160979535424,62
1203,9352,6517,505.45646507931946,1.0,1.0,25.52528045000884,0.9528962792325189,0.9739181662382177,0.9122568649885584,575.7209527998589,65.64673158080863,70.2644877205391,69
1208,9352,6517,547.2398455454061,1.0,1.0,19.924608266696822,0.9485640875532573,0.9597556593604024,0.89453125,615.5357438618828,58.943847474715014,68.29589831647665,73
1209,9352,6517,308.14900861339504,1.0,1.0,32.52260981769558,0.894783938780818,0.9087017800281881,0.805640243902439,339.09482098138693,28.418718551987777,30.945812367991834,45
1211,9352,6517,326.56229046186365,1.0,1.0,28.286271773824865,0.9722298388325259,0.9570925627108698,0.9727105034722222,370.73142452202814,40.75370109024648,44.1691340601643,44
1218,9352,6517,595.45017225323,1.0,1.0,21.34598919263578,0.9932731307874799,0.9883541867179981,0.9952936746987951,672.2287974339571,73.1679377710899,76.77862518072664,76
1217,9352,6517,1024.329317627124,1.0,1.0,-19.923826867234524,0.9894495892016114,0.9977282613949442,0.9642269736842105,1193.3183550370427,164.98355611487898,168.98903740991952,141
1219,9352,6517,377.24228913678905,0.9997596153846153,1.0,27.680214101107207,0.9317717015828277,0.9713055954088953,0.824102145522388,432.0845227693816,54.51335044888836,54.84223363259222,51
1213,9352,6517,493.9899395252627,0.9998214285714285,1.0,30.78040221609333,0.9873913736040071,0.9888074770668667,0.9912274096385543,568.8321709941198,73.26334720328494,74.84223146885664,67
1201,9352,6517,341.86722175034583,1.0,1.0,24.42935010925405,0.9925601701805384,0.9911602209944751,0.9903492647058824,388.80226405838664,45.65256346206123,46.935042308040806,46
1202,9352,6517,453.87599896084834,1.0,1.0,34.40892800465419,0.9230017700013322,0.9534292972057579,0.8346809440559441,506.9640835384361,50.38212686638136,53.08808457758757,60
1212,9352,6517,383.53285321034076,1.0,1.0,31.875205753034347,0.9918344545605818,0.9892515298917307,0.9968081947743468,434.35230020951474,49.229170498761015,50.819446999174,50
1214,9352,6517,378.8465617093255,1.0,1.0,32.136020192516334,0.9840299393799296,0.9790243607568155,0.988941018766756,433.8532820810289,53.2600805575548,55.00672037170316,49
1215,9352,6517,381.03689040476115,1.0,1.0,31.791030323197816,0.9724801004005709,0.9868825466520308,0.9422831632653061,445.4807019256091,66.6657172812718,64.44381152084785,53
1204,9352,6517,535.6730846132331,1.0,1.0,29.951286096171174,0.9310925122534904,0.9654597427346355,0.8505195214105793,606.3513863322291,67.76745257849349,70.6783017189957,70
1210,9352,6517,755.9135513942422,1.0,1.0,18.330821405515593,0.9745528299576456,0.9675477522670268,0.9665123456790123,856.193102673041,92.66932691819825,100.2795512787989,104
1220,9352,6517,424.7351055293237,1.0,1.0,34.92469342149009,0.9436797986446122,0.9529332173576882,0.8971428571428571,490.2579736432555,63.034302170897234,65.52286811393147,59
1207,9352,6517,770.720076285762,1.0,1.0,21.04513301593699,0.9738256226252232,0.9584050108067576,0.9770268793706294,880.8126330353308,108.1388351243541,110.09255674956937,106
1205,9352,6517,354.38318256831377,1.0,1.0,17.65620545440281,0.9959299262381456,0.9994747899159664,0.9965371621621621,419.4763307940713,68.3897223386362,65.09314822575747,46
1238,9512,6630,475.5591440488186,1.0,1.0,30.05060460800916,0.8525389463669877,0.9410801963993454,0.6691236413043479,524.2175056266923,47.48754236680985,48.65836157787323,62
1234,9512,6630,852.9191821917,1.0,1.0,-1.5984079201009134,0.9475303399932062,0.9485877106045589,0.9023726851851852,979.9270015603242,122.26172905293674,127.00781936862458,116
1235,9512,6630,463.5854348872966,0.9998361013986014,1.0,31.494819706484158,0.9655560510500945,0.9482741470207898,0.9659558823529412,528.1660434059308,60.87091277795095,64.58060851863397,64
1232,9512,6630,323.3186772678103,1.0,1.0,28.385945015683774,0.9765318111451207,0.9644564984654914,0.9823686770428015,377.2146913619629,53.094021141228886,53.89601409415259,46
1240,9512,6630,500.79646441678227,1.0,1.0,33.30011161122076,0.9477056135872582,0.9721020210762104,0.9085432974559687,575.7167793817578,74.13047244746306,74.92031496497536,63
1226,9512,6630,323.6506022164322,1.0,1.0,28.132924340717686,0.9244511272811893,0.9405480265110298,0.846375512295082,371.45665312916225,43.9590763690948,47.80605091272985,46
1236,9512,6630,481.92858063780415,1.0,1.0,34.42071610154307,0.9356916717966758,0.9664345403899721,0.874937624750499,540.7971307624074,58.30282518690441,58.86855012460293,66
1239,9512,6630,550.8904069688085,1.0,1.0,22.80276978981633,0.9453664921465968,0.9464732561776665,0.901243397887324,628.5242923951969,72.20082813958197,77.633885426388,76
1222,9512,6630,416.96679509982977,1.0,1.0,32.15285138984463,0.9804783548170778,0.9789126853377266,0.9746492346938775,470.7609635689376,49.19125270366156,53.79416846910769,56
1231,9512,6630,421.1371257828771,1.0,1.0,32.352772925830536,0.9660382041995285,0.9698019590230549,0.9382760761589404,486.62240996090503,62.97792626704167,65.48528417802777,60
1237,9512,6630,323.78205640882214,0.9999421296296296,1.0,31.409630325834247,0.9804143937218873,0.990539747726606,0.9640625,384.55949414149086,61.16615659900281,60.77743773266858,43
1227,9512,6630,417.9022897993263,1.0,1.0,27.78752896529048,0.9913366866896888,0.9892602871968142,0.9868021844660194,466.4369765553523,45.05203013403874,48.5346867560258,55
1233,9512,6630,329.60924134136195,1.0,1.0,33.60139355298636,0.9810760763115242,0.9784182978418298,0.976880081300813,378.40714315221834,46.19685271628434,48.79790181085623,46
1225,9512,6630,419.3274544783128,1.0,1.0,34.27209922514489,0.9589257503949448,0.9601819693782713,0.9273848684210526,470.18997884929473,47.79378655647255,50.862524370981696,55
1228,9512,6630,709.0895128747472,1.0,1.0,15.2724463114387,0.9448020958144634,0.9550027727164699,0.8862771739130435,812.1611996621423,96.10753018109263,103.0716867873952,94
1224,9512,6630,457.9373578483069,1.0,1.0,20.426819266764358,0.9768577697224075,0.9814323607427056,0.9597426470588235,534.9211472156414,76.4756840510011,76.98378936733407,62
1223,9512,6630,357.12834857237465,1.0,1.0,41.11143127798794,0.9631191505375967,0.9538377278773179,0.9607117052023122,402.3532337457414,41.58732776004992,45.224885173366594,50
1221,9512,6630,269.84093091186793,1.0,1.0,26.09389816628046,0.9420576283708902,0.9687608771319178,0.8641006097560976,309.02224353306104,38.52196893178966,39.18131262119309,35
1230,9512,6630,290.96431071541696,1.0,1.0,23.20757912460474,0.9769806763285024,0.9783372365339579,0.9648026315789474,341.97913142567904,53.27223106539304,51.01482071026202,37
1229,9512,6630,281.80586286288735,1.0,1.0,18.607238494537725,0.9647418019552007,0.9832775919732442,0.9120729813664596,334.96217118417053,54.98446248192465,53.156308321283106,41
1259,9672,6742,268.03125960730364,1.0,1.0,23.007146834970328,0.9908525779098617,0.9979919678714859,0.993828125,306.5638235437005,39.79884590459547,38.53256393639697,33
1260,9672,6742,448.52970679729583,1.0,1.0,19.034881551089217,0.9571883887417868,0.9529473195637038,0.9479608050847458,508.2293429245081,60.299454190818096,59.69963612721203,57
1242,9672,6742,627.397590576274,1.0,1.0,16.57712850814756,0.9704982910595431,0.9677120822622108,0.9570540935672515,724.06803419222,91.75566542391859,96.67044361594584,83
1247,9672,6742,364.7000374803433,1.0,1.0,34.08927041275474,0.9805988997681901,0.9783406754772394,0.9763569078947368,422.84732758947257,59.47093516369367,58.1472901091291,51
1244,9672,6743,427.9874551408501,1.0,1.0,25.425600337473192,0.9076520174195026,0.9732068265902852,0.7781157817109144,494.4857133101063,62.24738725388404,66.49825816925605,59
1256,9672,6743,375.52407599983826,1.0,1.0,21.44614792024271,0.9455665104953639,0.9625411832115742,0.8817965246636771,441.27494940514896,64.12631010796588,65.75087340531056,54
1257,9672,6743,379.5240759998382,1.0,1.0,30.894213329180573,0.9801624059629652,0.9920447849145551,0.9632572525597269,431.90950544278826,50.078144164424984,52.38542944294998,55
1252,9672,6743,431.8434152962805,0.9996687279151943,1.0,26.36163892717758,0.986617302255017,0.9805570505920345,0.9900994744744744,492.33832942322357,56.9923711904141,60.494914126942746,55
1251,9672,6743,415.6117257257746,1.0,1.0,36.164390018082564,0.9511755149690911,0.9573082489146165,0.9152288732394366,472.39419325906607,54.42370129993666,56.78246753329111,54
1241,9672,6743,372.9580178893272,1.0,1.0,23.42843698213594,0.9259705009995821,0.9377794619173929,0.8653527462121212,429.47248183421215,56.27169591732731,56.514463944884874,54
1248,9672,6743,438.93421143526183,1.0,1.0,25.92240535231199,0.9770520628934024,0.9728879072335727,0.9676339285714286,500.7341801694598,60.4499531012964,61.79996873419758,58
1250,9672,6743,485.7319591162788,1.0,1.0,28.25613412693407,0.9685760522859467,0.9802865612648222,0.932394801980198,552.9586797755068,66.34008098884122,67.22672065922751,65
1249,9672,6743,323.5503668383163,1.0,1.0,24.964932182232353,0.9782612404114615,0.995648551060087,0.9566733067729084,373.46761411654046,48.62587091733625,49.91724727822416,44
1258,9672,6743,399.3800361552687,0.9999181937172775,1.0,20.044780869636504,0.9700206375691579,0.9726303317535545,0.9445353403141361,467.25018479549334,68.05522296033655,67.87014864022444,54
1253,9672,6743,596.1013957052646,1.0,1.0,22.479153548869323,0.9488876969115239,0.9605175846051759,0.9035750679347826,671.391876121317,69.43572062407797,75.29048041605199,84
1245,9672,6743,345.98497075643724,1.0,1.0,38.77731635993324,0.9363330606308518,0.9527038200760708,0.8969265919811321,381.75884017655204,30.410804130171897,35.77386942011459,50
1255,9672,6743,317.1283485723747,0.9998125,1.0,28.861945497970193,0.9443520360472643,0.9236991842051141,0.9384486607142857,366.04837654860586,46.38004196434665,48.92002797623111,42
1254,9672,6743,504.67374664186525,1.0,1.0,34.07494345009137,0.9258267977299754,0.9320699068118352,0.8587015086206896,574.2221796372479,65.3226494930736,69.54843299538238,71
1246,9672,6743,485.06318124323894,0.9998566513761468,1.0,34.46494756007769,0.9755974661675783,0.9715421158414033,0.9698051948051948,553.5439616194024,64.47117056424452,68.48078037616304,70
1243,9672,6743,440.3330852757703,1.0,1.0,30.34950863680552,0.9755794685459882,0.9783449342614076,0.958545054200542,502.4401095530468,57.160536415914336,62.10702427727623,59
1274,9832,6855,418.39195977881616,0.9998400170648464,1.0,33.79708393749029,0.9330709713373972,0.9472303067894461,0.8625389408099688,488.6412376453168,68.62391679975056,70.2492778665004,58
1271,9832,6855,563.6906390342382,1.0,1.0,17.33600848807684,0.9795059890704091,0.9760123365126506,0.9766577743902439,652.1426874165776,86.9280725735079,88.45204838233857,74
1268,9832,6855,576.2279219218588,1.0,1.0,29.792578749421263,0.9939257135106857,0.9959292391195095,0.9923130020080321,646.2002264608726,64.45845680852105,69.97230453901402,81
1269,9832,6855,500.5384840077983,1.0,1.0,24.703549267299753,0.9747331382936666,0.9792506898747612,0.9510788690476191,573.1044194651398,67.59890318601138,72.56593545734094,70
1276,9832,6855,290.5885813003417,1.0,1.0,24.95480287613648,0.9704351770069943,0.9775828460038987,0.9360795454545454,328.1421991431067,35.33042676414745,37.553617842764965,38
1277,9832,6855,469.16341662135505,1.0,1.0,38.581566403589456,0.9598132906148152,0.9537014612093324,0.9441257911392406,525.9389943167623,53.66336654311032,56.77557769540688,64
1273,9832,6855,452.25421276033643,0.999938725490196,1.0,25.315581811619396,0.984114125659051,0.9856657608695653,0.9778436495176849,513.2117077882833,54.686242541919825,60.95749502794655,62
1262,9832,6855,437.39510619186103,1.0,1.0,31.34601043817042,0.9051289203034915,0.8936804358962418,0.8587339743589744,500.2143775054023,57.478906970311485,62.81927131354098,62
1279,9832,6855,453.7231819057763,1.0,1.0,28.52858249141433,0.9563402323877986,0.9397779789413502,0.9562717013888888,513.3674646534996,60.21642412158485,59.64428274772322,65
1280,9832,6855,741.1946762286592,1.0,1.0,8.18153740843617,0.8873710077471905,0.9518522779567419,0.7521071882951654,834.9335227553438,88.10826979002732,93.73884652668494,103
1275,9832,6855,309.35126093237807,1.0,1.0,30.968020438024283,0.957182018873875,0.9511543467835857,0.9400383574007221,356.26867944322436,44.87612776626921,46.91741851084611,44
1263,9832,6855,493.53533759475334,1.0,1.0,23.371152858082404,0.9954559910775358,0.9967310549777118,0.9926215277777778,568.0741684642297,71.30824630421395,74.53883086947599,66
1267,9832,6855,389.215998298311,1.0,1.0,27.731781930954657,0.9780648328273004,0.9683026584867076,0.9747425426136364,435.96116652408034,42.367752338653595,46.74516822576908,50
1272,9832,6855,415.0957649078069,1.0,1.0,36.26934865280268,0.8934464243722728,0.8808157812008802,0.847627457002457,480.030034458383,61.40140432586377,64.93426955057589,61
1266,9832,6855,599.1571237952656,1.0,1.0,31.358733439729377,0.9564380645532478,0.9498923242578065,0.940448686770428,679.7592275449756,75.90315562456468,80.60210374970981,87
1278,9832,6855,300.1490086133949,1.0,1.0,28.51268553234543,0.9239525923035654,0.9403896787783044,0.8296511627906977,348.19023922440863,47.311845916520305,48.04123061101353,45
1261,9832,6855,390.75891198338894,1.0,1.0,27.738006127809633,0.9843799447370285,0.9930509838343939,0.9709743923611112,458.5479690518203,64.93358560264647,67.78905706843098,59
1270,9832,6855,353.10205773389663,1.0,1.0,34.5072880104271,0.9811748520445128,0.9758076982532076,0.9826968973747017,397.69822538155347,42.14425147148505,44.596167647656685,49
1265,9832,6855,374.837784498823,1.0,1.0,27.26323464656964,0.9295383911377201,0.9070006863417982,0.8982438016528925,428.8647669452083,51.79047366957783,54.026982446385226,52
1264,9832,6855,489.6267957623669,1.0,1.0,25.60183812231258,0.9757661839427175,0.9855210516288817,0.9476539317507419,553.1958390752567,56.353564969334286,63.56904331288953,64
1299,9992,6967,371.47149432288217,1.0,1.0,25.766613110495733,0.9334674065897509,0.9482355760589539,0.8628548034934498,435.2796663611005,61.21225805732736,63.80817203821826,56
1285,9992,6967,1130.1001124410307,1.0,1.0,-8.564666849419073,0.9636333290614466,0.9846761400074256,0.907626488095238,1284.6252760423174,147.03774540193157,154.52516360128791,145
1281,9992,6967,447.5328532103407,1.0,1.0,21.968893441300068,0.9722890262096489,0.9844213218624659,0.9388250883392226,517.2754907456504,67.86395630296444,69.74263753530964,61
1296,9992,6967,341.14586220035005,1.0,1.0,34.791091497168715,0.9647955524399583,0.9577408486094455,0.9511668797953964,392.48293346465545,47.75560689645786,51.33707126430523,51
1289,9992,6967,369.8672217503458,1.0,1.0,34.09738618656275,0.9443564105408275,0.9434800578631949,0.898779296875,418.1057590795122,44.607805993749295,48.238537329166206,52
1292,9992,6967,425.7582499547568,1.0,1.0,15.869328221339321,0.9567292434636138,0.983754512635379,0.8945862676056338,489.85737555534496,63.89868840088179,64.09912560058787,56
1287,9992,6967,416.70003748034327,1.0,1.0,23.67726143229581,0.9543855484606072,0.9626075282183879,0.9081395348837209,484.51679772842795,69.47514037212697,67.81676024808466,59
1295,9992,6967,550.9342114352622,1.0,1.0,32.27142554508617,0.9514712312966986,0.9578711525747448,0.9146114864864865,620.1165048270087,64.0234400876192,69.18229339174616,76
1290,9992,6967,486.8465617093254,1.0,1.0,16.077636228378502,0.993819676494071,0.9990590133082403,0.9900405534351145,572.5311984104601,88.77695505170178,85.6846367011346,68
1283,9992,6967,474.41825061729406,1.0,1.0,35.05608390665582,0.9218359418798685,0.9119744902240496,0.8823408792650919,534.7125465257647,53.691443862705476,60.294295908470296,67
1297,9992,6967,360.2366583393314,0.9998244382022472,1.0,30.188303388892944,0.9742770953364497,0.9558783415166394,0.9811387540453075,420.4829909390031,57.369498899507455,60.24633259967165,51
1291,9992,6967,810.8740128749525,1.0,1.0,9.42145124538395,0.9957945287235075,0.9924120487468383,0.9972014925373134,918.0995568480507,103.08831595964713,107.22554397309817,102
1288,9992,6967,564.5910656847542,1.0,1.0,35.64739524106927,0.9411211594036202,0.9661154418059749,0.8833568738229756,641.1763754977302,75.12796471946344,76.58530981297567,77
1282,9992,6967,323.41891264592624,0.9998641304347826,1.0,31.102993095988033,0.9280237639107132,0.9445037953331459,0.8764204545454546,368.51200723838514,41.389641888688,45.09309459245865,41
1294,9992,6967,280.36318455592544,0.9997690886699507,1.0,26.255275669652903,0.9768137533799833,0.9646575967165767,0.9854368932038835,324.84230928555365,43.46868709444198,44.479124729627976,38
1286,9992,6967,450.29172440070005,0.9995318352059925,1.0,21.47934389376308,0.9527965387216617,0.9730958696475938,0.8906835205992509,525.115302861081,72.4853676905711,74.82357846038074,63
1300,9992,6967,430.9166570142569,1.0,1.0,34.50423246345198,0.9887663052267447,0.992114744069064,0.9888041338582677,505.48050252025223,69.84576825899249,74.56384550599502,66
1293,9992,6967,509.395106191861,1.0,1.0,32.77305745759845,0.976028405820382,0.9703713343744578,0.9691644562334217,566.0689439042314,51.260756568555095,56.67383771237006,69
1298,9992,6967,500.32430806526776,1.0,1.0,35.81840939373088,0.9673160357853143,0.9647265429001505,0.9538690476190477,567.480665184177,62.4845356783632,67.15635711890882,72
1284,9992,6967,380.64745580338734,1.0,1.0,21.469224309440975,0.9356900992978519,0.962620578778135,0.8457979368932039,440.79407814571846,54.9699335134967,60.14662234233109,54
1314,10152,7080,214.7238439344086,1.0,1.0,28.9938957313242,0.9153178282391766,0.9253443063486732,0.8451236263736264,245.21626442784515,29.9886307401548,30.492420493436526,32
1320,10152,7080,443.3888133657713,1.0,1.0,31.390930993150768,0.9441710069117304,0.9705606990533653,0.8737086776859504,504.55321765797487,57.99660643830502,61.164404292203365,60
1313,10152,7080,335.4977851613603,1.0,1.0,26.436515485874608,0.9098682666503402,0.8912305350661515,0.8546730324074074,386.5560464195547,50.33739188729143,51.05826125819429,47
1303,10152,7080,432.9142134228737,0.999876968503937,1.0,29.34360312331188,0.9381725635563917,0.9120863240040464,0.930661094224924,497.4654674463649,58.57688103523642,64.55125402349093,58
1317,10152,7080,461.6443093903423,1.0,1.0,18.114539064869724,0.9789315199617119,0.9747306310928682,0.9697795542635659,518.196360768536,51.82807706729017,56.55205137819345,62
1306,10152,7080,188.34563013492044,0.9999117231638418,1.0,28.922833239524646,0.9930155195015717,0.9988586843743515,0.9958664021164021,221.2303326837348,33.577053823221505,32.884702548814325,28
1318,10152,7080,398.0989113208517,1.0,1.0,35.4961169776418,0.9755543316245374,0.9703321688016414,0.9718917560321716,452.4565748093444,51.53649523273867,54.35766348849246,56
1315,10152,7080,519.3888133657711,1.0,1.0,31.83704450451846,0.9684550292812891,0.9682863686149557,0.9564570393374742,591.7742763148017,68.07819442354493,72.38546294902994,71
1312,10152,7080,341.6092413413619,0.9999412593984962,1.0,29.08515407163093,0.9850296599861524,0.9775081385025155,0.9846823770491804,384.6519245313245,40.56402478494364,43.04268318996242,47
1308,10152,7080,574.6937446542534,1.0,1.0,20.949687618737666,0.9377157714903473,0.938475939241799,0.8843972419928826,652.6297206808425,76.40396403988326,77.93597602658885,85
1305,10152,7080,469.84093091186776,1.0,1.0,41.187775896340234,0.9745229080226359,0.9787481966485406,0.9630091853035144,527.7368501746855,56.093878894226194,57.89591926281746,65
1307,10152,7080,460.1189093332398,1.0,1.0,24.182381292219578,0.9905616881677528,0.9924191600697706,0.9867287660256411,517.7497290019064,54.1962295029992,57.63081966866614,64
1302,10152,7080,589.4827559177975,1.0,1.0,29.62016578217216,0.973270668798553,0.9552457813646368,0.9766900510204082,676.070968130407,83.38231831891335,86.58821221260894,80
1309,10152,7080,386.35689172983564,1.0,1.0,29.412911770720278,0.8811647473402014,0.9093390524468707,0.754777428057554,438.3193471523466,50.94368313376596,51.962455422510644,56
1316,10152,7080,523.1045421183094,1.0,1.0,27.820807697446135,0.9817046442609639,0.9825808389228151,0.9689855527638191,588.8789065182813,63.41154659995764,65.77436439997176,68
1310,10152,7080,260.8090092759322,1.0,1.0,28.794142612093093,0.9379752140334072,0.9542933960678878,0.8839592889908257,301.39143175489784,39.12363371844829,40.58242247896551,41
1304,10152,7080,362.811493660345,1.0,1.0,26.32251293409461,0.9918136944690545,0.9912073366739151,0.995188492063492,413.1239736996476,50.71872005895358,50.3124800393024,50
1311,10152,7080,485.036890404761,1.0,1.0,31.027050680612614,0.962404312180097,0.9584887445697485,0.9450342465753425,552.8771658843916,65.76041321944547,67.84027547963034,67
1319,10152,7080,404.01374597932806,1.0,1.0,26.871897951597656,0.9901503938015093,0.9909770559422532,0.9900517086330936,453.79367406475995,46.16989212814775,49.77992808543182,57
1301,10152,7080,598.9692794842427,1.0,1.0,25.392539910211056,0.9925776247071861,0.9911449520586576,0.9897195674044266,681.5825253075908,78.9198687350221,82.61324582334807,78
1324,10312,7193,564.3243080652678,1.0,1.0,39.62040694043776,0.9689078100089954,0.9658675160332286,0.9563260649087221,644.1695095981574,76.26780229933397,79.84520153288936,86
1326,10312,7193,687.0870284903345,1.0,1.0,15.922884881301625,0.9653122044874917,0.9807747489239599,0.9009271978021978,776.5233180282066,80.15443430680808,89.43628953787207,97
1327,10312,7193,326.3744053578112,0.9999168882978723,1.0,23.201274340674075,0.9695282269265305,0.9726520681265207,0.9462528935185185,375.4453963556664,50.35648649678283,49.070990997855205,44
1337,10312,7193,493.9899395252626,1.0,1.0,35.76167056619535,0.9498846718389597,0.9518765133171913,0.9152845670391061,565.4297870699072,67.40977131696572,71.43984754464383,69
1321,10312,7193,445.6706002288204,1.0,1.0,39.1987673407879,0.9734786073252887,0.9940298507462687,0.9503818846815835,504.7441199667485,57.11027960689174,59.073519737927825,61
1322,10312,7193,307.1872230754203,1.0,1.0,25.347286001641212,0.9718451309045575,0.9568535825545171,0.9741426991150443,352.0843426834181,41.84567941199631,44.89711960799755,44
1334,10312,7193,472.94050426135163,1.0,1.0,31.649895272550854,0.9495781950573386,0.959659511472983,0.8961484872611465,536.786233058541,59.76859319578341,63.84572879718897,65
1325,10312,7193,454.57980408983906,1.0,1.0,34.867730444396884,0.9312555130843869,0.9102212947263163,0.905,508.3517709541659,52.157950296490164,53.77196686432677,67
1332,10312,7193,548.3330852757706,1.0,1.0,22.871981048859165,0.9652238094866168,0.9666301541350442,0.931648406374502,619.4020477343828,67.60344368791789,71.0689624586119,77
1328,10312,7193,440.4946387483152,1.0,1.0,28.05612079343307,0.9817301465448105,0.9802652655859551,0.9796680900621118,491.34927246636096,49.281950577068315,50.85463371804553,58
1331,10312,7193,523.699375451711,1.0,1.0,20.392177357701886,0.9886247748091774,0.9868267720524903,0.9883135330578512,616.1159958251571,92.87493056016825,92.41662037344555,70
1330,10312,7193,387.32745447831275,1.0,1.0,25.232285812404896,0.995040041332989,0.9917928399603793,0.9984939759036144,450.0801753886186,63.37908136545832,62.752720910305534,55
1339,10312,7193,390.0726204823738,0.9999234068627451,1.0,21.860312007885287,0.9939890342007099,0.9938951756998213,0.9964519650655022,447.65667497060963,54.12608173235342,57.58405448823561,54
1323,10312,7193,847.5728900281473,1.0,1.0,9.094235545421512,0.9996584310600023,1.0,1.0,946.051374499063,95.96772670637307,98.47848447091543,113
1338,10312,7193,493.7231819057763,1.0,1.0,29.538745554753895,0.9310013516969277,0.9297022578033642,0.8805637982195845,557.9828066078088,59.63943705304815,64.25962470203211,70
1329,10312,7193,398.40947340679156,1.0,1.0,33.39030282022348,0.9970531803793624,0.998320033599328,0.9963118654822335,467.61198068287587,68.55376091412595,69.20250727608399,56
1340,10312,7193,375.5591440488187,0.9998784046692607,1.0,27.00324908061212,0.9536648968544186,0.9662418769516415,0.9143999169435216,426.6960508392383,45.205360185629026,51.13690679041935,50
1336,10312,7193,337.1546394108526,1.0,1.0,27.937316487340507,0.9759876480071695,0.9679027521682715,0.9684709821428571,384.7364484606164,45.8727135746455,47.581809049763656,48
1333,10312,7193,455.5328532103407,1.0,1.0,22.355976760810538,0.9960204224030489,0.9940828402366864,0.9976739482200647,520.0084647302572,62.96341727987435,64.47561151991621,61
1335,10312,7193,434.10768853135426,1.0,1.0,27.92461693238066,0.9495127454486848,0.9493511690390442,0.9061935920577617,506.49290069481276,70.32781824518729,72.38521216345823,63
1350,10472,7306,245.1458622003502,1.0,1.0,28.464398031428896,0.9409029632773298,0.9427795303189624,0.8968596059113301,282.34775794875065,34.80284362260065,37.20189574840043,37
1358,10472,7306,485.52656038425084,1.0,1.0,30.45427322665825,0.9831925761467357,0.9838468613474362,0.9800128718535469,545.1679019218549,54.96201230640558,59.641341537603715,66
1348,10472,7306,483.8171244578025,1.0,1.0,32.98410751517781,0.9584844698801654,0.9670373665480427,0.9267003676470589,542.5955649184453,54.41766069096374,58.778440460642486,65
1356,10472,7306,322.17778383628576,1.0,1.0,25.906852356609782,0.9337679109525859,0.9282210708117444,0.8815595518867925,367.4472345523079,43.90417607403324,45.26945071602216,42
1343,10472,7306,321.8935125888238,0.99981689453125,1.0,35.30986825799784,0.9190439140583232,0.8926988196336058,0.9070397111913358,376.4104278720345,52.525372924815976,54.51691528321063,48
1345,10472,7306,531.2184826827239,1.0,1.0,24.560871289570805,0.9835374970691902,0.9779262119709857,0.983126849112426,612.062487753964,77.76600760685966,80.8440050712398,71
1352,10472,7306,353.12834857237465,0.9997448979591836,1.0,32.21348096118982,0.9833296081846435,0.9907401653098005,0.9696440735694822,396.3153394596725,38.53048633094652,43.18699088729767,50
1351,10472,7306,431.2748728013568,1.0,1.0,23.869198664652043,0.9921554100943414,0.9916402245545521,0.9916044776119403,487.4729503978255,50.54711639470278,56.19807759646851,59
1360,10472,7306,386.0989113208518,1.0,1.0,39.04935242784278,0.9001150507269116,0.9348777576373845,0.8047248803827751,426.362464380322,35.64532958920506,40.263553059470034,57
1346,10472,7306,423.5240759998381,1.0,1.0,26.82133255384332,0.9372103651374657,0.9729910607581624,0.8297352099236641,488.45731655786193,62.14986083703532,64.93324055802356,60
1349,10472,7306,355.0168923923729,0.9999405893536122,1.0,31.308722805943955,0.9697226357678925,0.9679198896684056,0.9593545751633987,416.1213073629614,57.90662245588239,61.10441497058826,51
1355,10472,7306,294.3481145193332,1.0,1.0,30.96725681762011,0.9323910154743025,0.9115776081424937,0.9046285377358491,341.95695414388473,47.41325943682727,47.60883962455153,42
1341,10472,7306,529.3299388627255,1.0,1.0,25.160632142238352,0.9814400095870814,0.9803646563814866,0.9693651574803149,592.6973541112833,58.30112287283596,63.367415248557286,67
1342,10472,7306,260.8177864864348,0.9998022151898734,1.0,23.583286017710826,0.9876589595375721,0.9793613707165109,0.9980254120879121,302.1497256521107,37.24790874851369,41.33193916567576,40
1359,10472,7306,573.7407363267815,0.9998972039473685,1.0,24.37596731368418,0.9492407136085494,0.9531045812642348,0.8979779411764706,639.7134726584727,60.709104497536224,65.9727363316908,74
1347,10472,7306,337.8672217503458,1.0,1.0,30.49438903860295,0.9471393643031786,0.9408233276157805,0.91937255859375,383.22689022106266,42.53950270607487,45.3596684707166,49
1354,10472,7306,574.8816297583061,1.0,1.0,32.71688428033065,0.9781447922305742,0.9857018842873921,0.9636526639344263,642.5833431276133,67.0525700539602,67.70171336930679,73
1353,10472,7306,495.3099408503372,0.9998995176848875,1.0,27.033490843578825,0.9336469496089619,0.9986147186147186,0.8358044403892944,568.3666703737066,72.83509428505373,73.05672952336916,66
1344,10472,7306,255.2135139138984,0.9999335106382978,1.0,33.95274704269826,0.9052080049242596,0.9359460017907569,0.8072519083969466,295.18197763940873,36.702695588265264,39.96846372551017,40
1357,10472,7306,560.7876872062798,1.0,1.0,27.99613364987412,0.9898626310604935,0.9838129496402878,0.9890779702970297,624.1946512794335,58.36044610973016,63.406964073153446,74
1379,10632,7418,272.6386785928849,1.0,1.0,29.006695450555103,0.9555392709096675,0.9832798513764567,0.8985969387755102,314.3122379524087,40.01033903928567,41.67355935952377,38
1364,10632,7418,371.9523870918696,1.0,1.0,25.488531327838523,0.8357575182783833,0.8943153266331658,0.6743630573248408,433.16612585135795,60.32060813923238,61.21373875948824,59
1368,10632,7418,442.18656104678814,1.0,1.0,33.330051620759704,0.9474859907816474,0.9555987970988855,0.9071762242268041,506.87343471300596,64.78031049932646,64.68687366621762,59
1370,10632,7418,379.98745514085,1.0,1.0,28.68391128512864,0.9728051436275018,0.967700807479813,0.9681587837837838,436.47506072826417,54.73140838112108,56.48760558741406,55
1373,10632,7418,239.38384459694578,1.0,1.0,32.619562720641106,0.9829773410216843,0.9685894328647601,0.9902982026143791,272.7332106632908,31.274049099517253,33.349366066344835,35
1365,10632,7418,462.66745381577545,0.9999001597444089,1.0,35.577536535766626,0.9655412985556023,0.9551886792452831,0.9579414441747572,536.537954782573,70.30575145019591,73.8705009667973,68
1361,10632,7418,292.8966590018688,1.0,1.0,33.46038781318614,0.996558259195978,0.9999110636784062,0.9991204470198676,338.50168660192514,43.65754140008444,45.60502760005629,43
1378,10632,7418,585.2773571857697,1.0,1.0,21.797463169254932,0.9713952238234449,0.9661201709252638,0.9718652647975078,669.3286409048245,84.07692557858175,84.05128371905452,80
1376,10632,7418,480.04881402830847,1.0,1.0,22.460579904731343,0.9901196790739042,0.993582397432959,0.9861273364485982,543.6509847501048,61.65325608269434,63.60217072179624,61
1372,10632,7418,417.65308660084486,1.0,1.0,28.74877846639834,0.9925411522633744,0.9886201143946616,0.9928897471910112,473.8579135698847,52.057240453559295,56.20482696903953,57
1369,10632,7418,566.8427532676485,0.9998125,1.0,19.721296541722218,0.9424645164931289,0.9312957043394492,0.9191277472527473,645.1593740421221,77.72493116170985,78.31662077447325,74
1375,10632,7418,351.77327919831964,1.0,1.0,38.678030566217565,0.9656315878560326,0.9720035979311895,0.9461854050279329,397.8028244889062,42.044317935879775,46.02954529058652,52
1380,10632,7418,473.6706002288203,1.0,1.0,34.13903768442444,0.9255380261394212,0.9563448184351364,0.856640625,536.4113712427572,58.111156520905084,62.74077101393674,65
1366,10632,7418,469.21599829831104,1.0,1.0,16.404781713445637,0.9414689411145652,0.9484445005363791,0.8839775219298246,549.886310649386,79.75546852661215,80.67031235107478,67
1367,10632,7418,486.89036617577875,1.0,1.0,28.03919286384199,0.9544269607594662,0.9792088760250844,0.8988013698630137,546.1912264365925,55.95129039122032,59.30086026081354,67
1362,10632,7418,380.93172705084913,0.9994140625,1.0,40.43152421684324,0.9498347190223381,0.969959702039321,0.918248820754717,431.9917570466372,45.09004499368173,51.06002999578783,55
1371,10632,7418,449.0631812432391,1.0,1.0,29.48300842783204,0.9580580763633315,0.9541256425895269,0.930926724137931,522.5225180579132,71.93900522201098,73.45933681467397,64
1377,10632,7418,458.57106767236604,1.0,1.0,30.20139842143886,0.9416754125489382,0.9521060228316494,0.8949324324324325,527.4364742892366,62.04810992530468,68.86540661686979,65
1374,10632,7418,537.9548714762823,1.0,1.0,32.77114789581695,0.9483484959739147,0.9750389340716387,0.8919270833333334,609.942304634671,66.73114973758267,71.98743315838848,79
1363,10632,7418,600.9755723103326,1.0,1.0,22.953514101391946,0.9425984959947685,0.9345238095238095,0.9067925347222222,671.6495808293417,65.51101277851403,70.67400851900935,78
1387,10792,7531,532.6436473617104,1.0,1.0,23.490752028079523,0.9869699515959147,0.983928467067968,0.9854942693409742,615.7336604539536,80.38501963836453,83.09001309224301,72
1400,10792,7531,343.9523870918695,1.0,1.0,25.44489955312722,0.9394151796463255,0.9565520608131669,0.8669444444444444,391.5241465048033,43.60763911940043,47.571759412933616,49
1399,10792,7531,391.55914404881867,1.0,1.0,22.21814874269665,0.899957268179876,0.9059124048746741,0.7971798780487804,454.91915818137,60.54002119882657,63.36001413255105,56
1391,10792,7531,570.0162303637409,1.0,1.0,34.55684088464851,0.9736526567311812,0.9805303930811166,0.9540692007797271,647.1751084262695,70.73831709379225,77.15887806252822,76
1386,10792,7532,997.4789882691517,1.0,1.0,-4.213575572985463,0.9699923762802877,0.9689095614464573,0.9460091560509554,1159.6068556193798,159.94180102534443,162.1278673502297,136
1381,10792,7532,514.444541455772,1.0,1.0,28.407090645031392,0.9352444475980983,0.9458833438618657,0.8893649193548387,582.3863070988529,62.16264846462054,67.94176564308034,69
1395,10792,7532,331.21351391389834,1.0,1.0,26.911798030517847,0.9214239377229972,0.9514705882352941,0.8181692477876106,378.923365705263,46.0647776870466,47.709851791364386,48
1392,10792,7532,350.7852028218669,1.0,1.0,26.6633204592708,0.9672232760693579,0.9950967960098064,0.9249882518796992,406.4765242645705,55.03698216405495,55.691321442703305,49
1389,10792,7532,219.00811518187055,0.9998319892473119,1.0,28.135230625632833,0.9726759058836759,0.9613259668508287,0.9800067204301075,256.1649190221329,37.7352057603935,37.15680384026233,33
1396,10792,7532,549.731959116279,1.0,1.0,19.735162232245866,0.9943804287624786,0.9988036130884728,0.9887992831541219,628.3847281550339,78.22915355813208,78.65276903875476,75
1384,10792,7532,317.63553217983986,0.9997735507246377,1.0,35.83343096039757,0.9641761886372414,0.9733364610211901,0.9482129491017964,371.948738182026,51.46980900327889,54.31320600218591,48
1393,10792,7532,461.010599566283,0.9999548410404624,1.0,38.39851747922316,0.9499909935754172,0.950186799501868,0.9277018229166667,523.0505487195267,57.80992372986491,62.03994915324328,67
1398,10792,7532,513.7056682778008,1.0,1.0,28.939694312549218,0.9486768440696518,0.9845235784979623,0.8866716867469879,588.0724832572772,68.05022246921374,74.36681497947588,76
1390,10792,7532,445.0105995662831,1.0,1.0,25.575817376197843,0.8981800393743409,0.9455470975575585,0.7546140939597316,510.4542871421248,63.6655313637623,65.44368757584151,64
1397,10792,7532,211.46271711237983,1.0,1.0,32.15449836364584,0.9396180581295226,0.961945194905442,0.8734789823008849,248.21520037521506,33.37872489425293,36.75248326283528,32
1383,10792,7532,642.0863664617023,1.0,1.0,22.179027792615635,0.9830546311274131,0.9895871680252433,0.9717497362869199,736.087483060086,90.75167489757476,94.00111659838316,88
1394,10792,7532,186.31304647035273,1.0,1.0,29.563104422758673,0.9753493376462286,0.9811013654037436,0.9613620923913043,219.56670084876444,34.130481567617615,33.25365437841173,28
1385,10792,7532,313.1020577338967,1.0,1.0,30.49211613613725,0.9675766118206576,0.9553049967553536,0.9598015578635015,360.9683818218041,44.799486131860945,47.86632408790729,43
1388,10792,7532,357.8935125888238,0.9999495967741936,1.0,38.16275863534583,0.9413865684886799,0.9571581578007854,0.9065793325526932,411.98819215704737,54.14201935233514,54.09467956822342,50
1382,10792,7532,408.245435549834,1.0,1.0,31.54431516674608,0.976044247822473,0.9646669880845788,0.9787454044117647,460.8075095901273,46.593111060439796,52.56207404029318,58
1409,10952,7645,404.4420570713593,1.0,1.0,35.0843811140072,0.9537075627167508,0.9696854629453832,0.912763852242744,463.9604570145946,55.52759991485259,59.518399943235075,61
1401,10952,7645,335.48900795085774,1.0,1.0,40.794336412140744,0.9407500640980817,0.9537005359790169,0.8943680362116991,379.33058643800626,43.26236773072272,43.841578487148496,50
1412,10952,7645,430.55351325136104,1.0,1.0,32.054875446150525,0.9473296432044281,0.9717170649185874,0.8921682098765432,495.43703802288184,62.07528715728094,64.88352477152063,62
1408,10952,7645,298.0112615949153,0.999609375,1.0,30.183686770555894,0.9229857010394807,0.9689747653297575,0.8156901041666667,335.10603876787985,35.3921657594467,37.094777172964456,44
1416,10952,7645,370.81149366034504,0.999941697761194,1.0,28.67007356927689,0.9195321211569533,0.9382196786871682,0.8667548859934854,426.21887966576344,50.86107900812748,55.40738600541832,52
1404,10952,7645,427.86970613475853,1.0,1.0,21.78809592158829,0.9937694233316712,0.9988641328090869,0.9903092334494773,505.9797400932972,78.16505093780744,78.11003395853832,62
1413,10952,7645,388.47712512033985,1.0,1.0,25.69054761368093,0.9229890300665637,0.954044395228268,0.822734980620155,456.02092592304075,69.06570120405087,67.54380080270056,58
1419,10952,7645,361.6443093903424,1.0,1.0,36.09581531265903,0.9528649472748062,0.9471089391514942,0.9322190766550522,412.7744646748751,45.94523292679858,51.13015528453238,49
1406,10952,7645,364.13149498541947,1.0,1.0,37.67425871231695,0.9575303720855254,0.9730148197301483,0.929560614849188,418.518410280348,51.58037294239257,54.38691529492837,55
1402,10952,7645,385.2335119262865,1.0,1.0,25.046624516212788,0.9793890434854842,0.9795730100158144,0.9638843201754386,443.0946683857569,57.54173468920515,57.86115645947011,56
1418,10952,7645,388.21036750085335,1.0,1.0,37.667890027960375,0.9016304158084001,0.8826934536477399,0.8548591040462428,451.0443608429565,60.500990013154365,62.833993342102914,60
1407,10952,7645,473.50026954577305,0.9999470338983051,1.0,28.845111483581498,0.9549316751684848,0.9701742939696151,0.9034981343283582,548.463620133664,70.44502588183595,74.96335058789067,68
1411,10952,7645,468.06632765628393,0.9999394379844961,1.0,21.31368633226199,0.996727000086511,0.9969350224765018,0.9969682835820896,540.7130651354208,71.47010621870523,72.64673747913682,65
1420,10952,7645,402.579804089839,1.0,1.0,33.23918446104412,0.9464557413568429,0.9450025893319524,0.9183666087962963,461.6395157200681,57.08956744534353,59.05971163022904,58
1405,10952,7645,511.6029893083016,0.9998635371179039,1.0,14.303585443619511,0.9759943384314603,0.9821060382916053,0.9530677655677655,583.1046045149914,73.50242281003364,71.5016152066891,67
1417,10952,7645,254.97304713288992,1.0,1.0,34.77793126235223,0.9126641326883207,0.9271760633036598,0.8268699799196787,296.6613733507517,40.03248932679261,41.68832621786172,44
1410,10952,7645,379.2398047523763,1.0,1.0,30.516122540878722,0.9675396269761086,0.9637913251180718,0.9506665209790209,435.08019676529534,53.01058801937833,55.84039201291886,57
1415,10952,7645,320.00496876882556,1.0,1.0,35.57371490897471,0.915796028217044,0.9180287514769594,0.8454241071428571,357.894006617695,33.583556773304004,37.88903784886932,48
1403,10952,7645,435.86970613475853,1.0,1.0,25.13845369138613,0.9934949763183448,0.9881729200652528,0.9980193661971831,500.66362609911215,64.19087994653023,64.79391996435349,62
1414,10952,7645,372.41576623288137,1.0,1.0,35.061348965777725,0.9662228978504424,0.9795088632297935,0.9399136178861789,422.0876500959436,45.25782579459312,49.67188386306208,56
1433,11112,7758,564.3681533247509,1.0,1.0,26.385189821677614,0.9616169475340843,0.9574419139636531,0.94287109375,628.7172931757391,59.773709776481326,64.34913985098756,77
1440,11112,7758,252.80900927593223,1.0,1.0,34.908010860869624,0.926834102412945,0.9014563106796116,0.9028666338582677,291.17364816157,38.04695832845641,38.364638885637596,39
1436,11112,7758,323.52407599983815,0.9996646995708155,1.0,30.968265122787365,0.9521592900631124,0.9210665608045521,0.951195987654321,376.135484487015,49.66711273076495,52.611408487176625,50
1424,11112,7758,500.4508342818618,1.0,1.0,26.499353986875505,0.9410543581332171,0.9565480908200849,0.8868930446194225,562.1014433067667,55.72591353735638,61.650609024904256,71
1439,11112,7758,261.867221750346,1.0,1.0,23.643634265663465,0.9501007823442998,0.9776872134488028,0.8868589743589743,305.0388530397072,43.00744693404181,43.17163128936121,34
1427,11112,7758,833.5140155251016,1.0,1.0,10.164171911819949,0.9817889791510467,0.9698160119343611,0.9787484793187348,949.6960571528169,109.77306244157263,116.18204162771524,112
1422,11112,7758,751.4501722532303,1.0,1.0,8.35127277833867,0.9761920642829958,0.9784075573549258,0.9484194015444015,857.6210497401296,105.25631623034933,106.17087748689964,105
1429,11112,7758,585.5178239667782,1.0,1.0,11.67866239214586,0.9866294956245187,0.9915887221586703,0.9772457224334601,663.9021552740536,71.8264969609127,78.38433130727513,77
1435,11112,7758,632.6173565232323,1.0,1.0,24.577678836247,0.9996421394555014,1.0,0.999870867768595,712.9006844265,73.92499185490111,80.28332790326743,87
1421,11112,7758,671.4238814147521,1.0,1.0,20.89507728315891,0.992561287896424,0.9896139182260397,0.9923757530120482,768.5906808888126,93.25019921109066,97.16679947406048,95
1426,11112,7758,372.06632765628393,1.0,1.0,26.58680682909796,0.9883832940208591,0.993622742988859,0.9822635135135135,440.47328428281975,68.11043493980334,68.40695662653559,56
1425,11112,7758,331.7469883598417,1.0,1.0,33.44125012011789,0.9068816676024707,0.9245689655172413,0.8142985611510791,380.15899162650095,44.86800489998883,48.41200326665924,54
1431,11112,7758,590.728812703234,1.0,1.0,18.781380726102437,0.987343503554163,0.9907221049531196,0.973655523255814,682.702243866232,89.21014674449664,91.9734311629978,85
1434,11112,7758,371.7820564088221,1.0,1.0,35.45247751352264,0.922049963316758,0.9453317558907621,0.8448810321715817,428.6516423642831,52.30437893319129,56.86958595546085,55
1423,11112,7758,377.4389106583145,1.0,1.0,27.78443886913375,0.993095351387136,0.9935544860776899,0.9925321691176471,435.649236158376,57.31548825009205,58.21032550006138,55
1432,11112,7758,641.9549122693123,1.0,1.0,24.866142264312955,0.9533490973287115,0.9701930812550281,0.9022511848341233,725.3095173193803,75.53190757510124,83.35460505006755,86
1430,11112,7758,353.1020577338966,0.9998899647887324,1.0,30.241486118310867,0.9835989522073467,0.9698411273673817,0.9846103162650602,403.3526143650908,46.125834946790945,50.25055663119396,54
1428,11112,7758,588.5910656847545,1.0,1.0,32.839584421172795,0.9944118150196727,0.9964584358091491,0.9900809447983014,660.7859215192997,67.04228375181728,72.19485583454484,82
1438,11112,7758,205.0319216359357,1.0,1.0,33.43479080578821,0.9679927128567662,0.9521053514510988,0.9682334710743802,234.3676929138403,26.753656916856983,29.335771277904648,34
1437,11112,7758,551.31871806084,1.0,1.0,27.632419006889396,0.9511504112129848,0.9997810977945603,0.8877101409978309,645.0946326639635,90.41387190468465,93.77591460312313,79
1456,11272,7871,333.1546394108526,0.9999396718146718,1.0,35.41132933706912,0.9334037892471465,0.947442383361439,0.848535516605166,380.3496002843134,43.79244131019094,47.194960873460616,45
1444,11272,7871,928.6048116640832,1.0,1.0,-0.48604770523727664,0.9870573165925343,0.993302130406714,0.9668710443037974,1085.8447890902485,151.85996613924803,157.2399774261654,130
1453,11272,7871,684.0926592877919,1.0,1.0,12.591288106013222,0.9727727595102449,0.987963951144314,0.9427606783919598,781.972474174756,90.56972233044645,97.87981488696435,94
1457,11272,7871,624.7701735783046,1.0,1.0,25.707110346875194,0.9892937524632185,0.9881172909230561,0.9853062913907285,703.2383067080617,69.7021996946353,78.46813312975688,89
1441,11272,7871,314.2955328423772,1.0,1.0,31.96684658866827,0.9202344364234148,0.9408396946564885,0.8272771317829457,362.4479771619528,45.22866647936318,48.15244431957542,47
1459,11272,7871,474.497123132728,1.0,1.0,20.026674176397364,0.9968835773101555,0.9936939461883408,0.9981312292358804,543.0470918873197,64.57495313188704,68.54996875459138,62
1452,11272,7871,641.3036480242474,1.0,1.0,21.06314211784295,0.9764435265282079,0.9767824224004783,0.9584122474747475,734.5823557919322,92.66806165152647,93.2787077676844,90
1451,11272,7871,404.2366583393314,0.9996177370030581,1.0,37.70832366726924,0.9588086364311427,0.974899987095109,0.9239802631578947,459.1918484204667,47.93278512170271,54.95519008113513,60
1450,11272,7871,309.58295050288393,0.9998313848920863,1.0,35.41334366262973,0.9688117997875753,0.9844024450221317,0.9398219814241486,348.44438010760183,35.79214440707656,38.861429604717706,43
1460,11272,7871,288.46834790983746,1.0,1.0,28.159451331474127,0.976467675441627,0.9935011516946364,0.9442567567567568,331.3376045028657,41.05388488954224,42.86925659302814,41
1449,11272,7871,231.35755375846782,0.9997690886699507,1.0,28.24874391285186,0.988730802684291,0.9891663815714449,0.990728734439834,262.0010419104992,29.465232228047057,30.643488152031367,33
1442,11272,7871,453.24228913678894,1.0,1.0,32.92609954882149,0.9626435230662391,0.9803405489606274,0.9257623792270532,512.7405181865981,54.74734357471346,59.498229049808955,61
1448,11272,7871,548.726369111851,1.0,1.0,17.685878830837265,0.9882138282092772,0.993658685064935,0.9746886531365314,626.1672445130555,68.9113131018063,77.44087540120424,72
1455,11272,7871,327.3449681062883,1.0,1.0,26.312531892072755,0.993956307164422,0.9946040179312635,0.9953972868217055,367.50376843651344,36.98820049533759,40.15880033022506,45
1447,11272,7871,465.42139703033894,1.0,1.0,32.17666697705799,0.8765998421890253,0.9481712317533213,0.7037898936170213,527.1185154638465,58.79567765026088,61.697118433507235,68
1458,11272,7871,305.8058628628874,1.0,1.0,28.920094083725548,0.989865005192108,0.9834437086092715,0.996350740131579,341.93769466039123,35.44774769625569,36.13183179750379,42
1443,11272,7871,467.755765570344,1.0,1.0,36.47941661874574,0.9896520170292301,0.9846976401179941,0.9887169187145558,531.4751611968425,58.8290934397471,63.71939562649806,64
1454,11272,7871,339.3537453167908,1.0,1.0,28.337934935605684,0.912289269781639,0.9493982140546137,0.8118622448979592,382.44765780450257,39.890868731567394,43.0939124877116,45
1446,11272,7871,515.878483345261,1.0,1.0,28.336140139006865,0.9486861447997058,0.9536705931846866,0.9088669950738916,582.5529268081482,62.51166519433032,66.67444346288688,66
1445,11272,7871,206.7501347728865,0.9999234068627451,1.0,31.421842163376244,0.906217672029394,0.8938039215686274,0.8560049019607843,242.45199119243182,34.05278462931783,35.70185641954521,29
1467,11432,7983,413.2860936032424,0.9998807251908397,1.0,28.550440246385907,0.9797739363991668,0.9778811964024263,0.97265625,472.8624063804063,59.36446916574559,59.5763127771637,54
1469,11432,7983,408.20163108338045,1.0,1.0,31.309553081645547,0.983128044016689,0.9770372444693364,0.9893114697802198,467.1374113388329,56.15367038317821,58.93578025545213,55
1472,11432,7983,364.98430872780517,1.0,1.0,25.141378764578562,0.9753536636584342,0.9784428391239537,0.9501629146919431,418.7557875086785,52.157218171309836,53.77147878087324,47
1462,11432,7983,344.6649694313628,1.0,1.0,33.654469798479,0.9898459119357174,0.9882121807465619,0.9942677514792899,386.6699541920781,39.007477141072755,42.004984760715175,49
1478,11432,7983,376.9054362123712,1.0,1.0,32.35360159586476,0.9814784500828457,0.9727057229935658,0.9829792183622829,432.0750402726157,53.5044060903664,55.169604060244254,50
1471,11432,7983,314.811493660345,1.0,1.0,25.621323292316553,0.990670120936673,0.994168808064835,0.986969964664311,359.5514724842254,44.60996823582045,44.73997882388028,41
1479,11432,7983,401.1108349443992,0.9998400170648464,1.0,36.743270440416,0.9689934480663476,0.9743284509083381,0.9547842920353983,459.4309245662473,54.48013443277205,58.320089621848005,57
1465,11432,7983,332.6211649649093,1.0,1.0,33.65948812116733,0.9250088705161142,0.9075926675533453,0.8943592767295597,378.9038803839037,42.42407312849125,46.28271541899416,47
1461,11432,7983,556.3330852757705,0.9997755028735632,1.0,31.97201615345124,0.9810810290379727,0.9803840499816244,0.969629786036036,626.6429002544578,65.7147224680306,70.30981497868706,77
1466,11432,7983,536.5910656847542,1.0,1.0,19.22174474483785,0.957210842994612,0.9518565294266229,0.9329896907216495,618.2152221471104,75.93623469353375,81.62415646235586,72
1468,11432,7983,485.36881535338296,1.0,1.0,28.70558682510976,0.9595675303272881,0.9682729877572285,0.9222044427710844,554.7703785401795,64.3523447801943,69.40156318679617,69
1464,11432,7983,414.5535132513611,1.0,1.0,25.270946164169064,0.9343819483046137,0.9707695578231292,0.837640977443609,460.664334921682,43.66623250548116,46.110821670320775,53
1475,11432,7983,436.9580178893271,0.9999489379084967,1.0,36.390182478291734,0.9777472527472526,0.9615294667913938,0.9815098614072495,488.34974099249376,47.08758465474936,51.391723103166214,60
1470,11432,7983,334.606094928317,1.0,1.0,26.713003481140124,0.9916220558145864,0.9917439782109115,0.9915244464944649,375.7620501082097,41.48393276983877,41.15595517989249,42
1480,11432,7983,362.0726204823737,0.9998237781954887,1.0,33.4429254291788,0.9327791595758607,0.937791601866252,0.8776132404181185,406.6591544234619,42.129800911631946,44.586533941087964,50
1473,11432,7983,479.878483345261,1.0,1.0,35.735776329758444,0.9513932858569571,0.9396508975503323,0.9336025280898876,541.7859580787036,59.11121210016343,61.907474733442264,67
1463,11432,7983,452.4946387483152,1.0,1.0,35.851668473316515,0.9883653105014271,0.9863905325443787,0.9874215733590733,498.34142829790363,42.5201843243821,45.846789549588046,62
1474,11432,7983,519.3625225272932,1.0,1.0,28.879138501177984,0.9741818321243956,0.9650121245113079,0.9728228672985783,586.9888343037331,62.43946766465922,67.62631177643951,70
1477,11432,7983,532.7000374803432,1.0,1.0,27.392224351617326,0.9901696792251037,0.9995417573605224,0.9770128446115288,599.3900206967037,64.78497482454021,66.68998321636016,73
1476,11432,7983,310.52722241288313,1.0,1.0,31.023114318072867,0.9775329973602112,0.9588613242905586,0.9807190111420613,358.4358896205117,44.11300081144256,47.908667207628376,46
1494,11592,8096,655.9135513942418,1.0,1.0,9.587822639049138,0.9977201678785472,0.9987546699875467,0.9961049426934098,745.3386622913429,90.6376663456513,89.42511089710086,87
1492,11592,8096,349.1546394108526,1.0,1.0,29.183570808096302,0.982503358187163,0.9838549075391181,0.9698464912280702,397.2555277156204,43.65133245715148,48.10088830476766,49
1487,11592,8096,313.18093024933063,1.0,1.0,30.169685120634366,0.9713907363303061,0.9704727272727273,0.9560401119402985,369.0657451666244,56.82722237594052,55.88481491729365,47
1490,11592,8096,385.91980342730176,1.0,1.0,30.809411802892097,0.9118696732598146,0.8977302238612165,0.8761195482866043,441.4658447021135,51.81906191221731,55.54604127481154,56
1489,11592,8096,457.7231819057763,1.0,1.0,19.843787727133225,0.9964900593110374,0.9964448566349795,0.9941048534798534,518.2692028174813,60.06903136755722,60.54602091170481,64
1485,11592,8096,398.66745381577545,1.0,1.0,28.58562927946138,0.9405246247804205,0.9422695410659966,0.9098907766990292,450.8081818511988,48.96109205313475,52.140728035423166,57
1486,11592,8096,377.3600381428805,1.0,1.0,34.852630120861235,0.9764037893049666,0.9582827055488052,0.9768866701244814,424.2280806468654,44.05206375597707,46.86804250398471,50
1496,11592,8096,763.0782512798318,1.0,1.0,18.404819664236715,0.9780167795537565,0.9745313989198348,0.9741038175046555,851.7007021464068,84.18367629986199,88.62245086657472,110
1495,11592,8096,515.7645427808466,1.0,1.0,26.33510169885504,0.976897018440138,0.9648463835115092,0.9788891065830722,593.136561205416,73.30802763685391,77.37201842456926,75
1499,11592,8096,408.1189093332399,0.9997837370242214,1.0,32.0419063808088,0.9432663302185277,0.9449684687112596,0.8966068481848185,459.25191339093004,48.199506086534896,51.13300405768992,57
1498,11592,8096,449.50026954577277,1.0,1.0,29.038323652567655,0.9250478991307406,0.9572929458316278,0.8178278688524591,518.9818460750465,66.7223647939097,69.48157652927316,62
1483,11592,8096,504.0488140283086,1.0,1.0,29.816431641819356,0.9844543248365897,0.9952662721893492,0.9624225206611571,571.0133982470196,64.44687632806603,66.9645842187107,66
1493,11592,8096,420.21914471135585,1.0,1.0,31.655617146622784,0.8978217562158797,0.8951492386606891,0.8168139730639731,478.58945468629344,52.30546496240593,58.37030997493727,60
1497,11592,8096,578.2041154677935,1.0,1.0,31.580228678424252,0.9747544828414562,0.9654452344254959,0.9652922755741128,646.3443979194057,62.460423677418,68.14028245161198,76
1488,11592,8096,408.95801788932715,1.0,1.0,30.552551921025948,0.9186351918477359,0.9069596350973564,0.87248322147651,469.7994789410039,59.76219157751493,60.84146105167662,57
1482,11592,8096,302.8027164498425,0.9997988197424893,1.0,31.01478652334788,0.879415943730088,0.9074396977622784,0.7605421686746988,354.5816453038532,50.668393281015696,51.778928854010466,47
1484,11592,8096,623.1746782162705,1.0,1.0,16.40424154838371,0.9741503690106587,0.9710480602200348,0.9563259548611112,713.7549378065065,83.37038938535304,90.58025959023549,87
1500,11592,8096,417.69689106729834,1.0,1.0,34.0080160696995,0.9581895432461623,0.9773051404476965,0.9202676435406698,459.22905901384024,37.54825191981252,41.53216794654169,57
1491,11592,8096,362.4094734067916,1.0,1.0,21.82295838193994,0.966754661438625,0.9639504049308393,0.945919689119171,416.4658220179933,51.834522916802236,54.056348611201486,50
1481,11592,8096,373.2159982983111,1.0,1.0,25.847573038954483,0.9831952029943094,0.9868059373282023,0.9800666360294118,429.346330731567,56.44549864988364,56.13033243325575,48
1515,11752,8208,412.45083428186183,1.0,1.0,23.302450104583194,0.9549000230273257,0.9454515124555161,0.926595744680851,467.69831574602404,52.12122219624305,55.247481464162036,57
1511,11752,8208,370.7238439344085,1.0,1.0,29.69560778082734,0.9014697523345514,0.9894142554693014,0.750729739010989,413.18251292611757,38.18800348756327,42.45866899170885,52
1520,11752,8208,565.4038834023637,1.0,1.0,16.14480330388003,0.9833986019420828,0.9823525552712721,0.9721385542168675,629.9722619766294,54.10256786139834,64.56837857426552,73
1514,11752,8208,532.4470258401849,1.0,1.0,29.517218575046257,0.973292702946729,0.97710855134713,0.9546913202933985,599.5282086057115,63.1217741482896,67.08118276552642,70
1501,11752,8208,411.0694740693289,0.9999367408906883,1.0,24.78781641477113,0.9497649051920167,0.9830909305900437,0.8764254385964912,464.4079954281783,48.50778203827392,53.33852135884929,60
1519,11752,8208,398.62364934932197,1.0,1.0,23.581649794780006,0.975395639307594,0.9833757876390937,0.9474431818181818,458.6080084448106,57.72653864323216,59.98435909548809,51
1508,11752,8208,461.70566827780084,1.0,1.0,30.98735910949805,0.9068389280193635,0.9324547688184052,0.8039812853107344,521.6027394093218,53.09560669728089,59.897071131520576,63
1507,11752,8208,341.2072210878086,1.0,1.0,35.41351941800423,0.9754914754788468,0.9664637520752629,0.9763831967213115,391.782615763545,48.863092013604515,50.57539467573634,48
1505,11752,8208,269.63553217984,1.0,1.0,21.91768220414497,0.9727977283871109,0.9835378629152948,0.935465976331361,310.80968860464833,40.01123463721231,41.17415642480819,38
1503,11752,8209,458.6499401878,0.9999510188087775,1.0,34.559031882537674,0.9466086540315236,0.9649026460309535,0.9042674731182796,513.4589995568168,48.46358905352461,54.809059369016396,61
1509,11752,8209,345.8672217503459,1.0,1.0,38.72793121028412,0.9599172746928532,0.956135928204094,0.9530066287878788,389.9797741838412,39.91882865024278,44.112552433495175,47
1517,11752,8209,388.7526191572992,1.0,1.0,32.20047728686589,0.9675302501059422,0.9652717485674597,0.9539186507936508,436.75743179724253,46.507218959914844,48.004812639943225,55
1510,11752,8209,305.582950502884,1.0,1.0,29.7493954194712,0.9691140393029667,0.963676660715385,0.9640758547008547,353.3736990949124,44.686122888042675,47.79074859202844,44
1518,11752,8209,401.1897074598331,1.0,1.0,26.281739922708965,0.9937574077659359,0.9944252048314891,0.9965062111801242,459.3243573656889,55.701974858783345,58.13464990585554,53
1516,11752,8209,493.9110670098287,1.0,1.0,21.891751415650994,0.9250697286613367,0.9380697438865576,0.8485004578754579,562.5998999302292,64.03324938060014,68.68883292040009,66
1512,11752,8209,367.06069685882625,1.0,1.0,32.53370359000619,0.8979058779058781,0.8900606060606061,0.8238636363636364,415.2216715921593,44.49146209999934,48.1609747333329,51
1513,11752,8209,307.9874551408501,1.0,1.0,32.15904787656293,0.9473297861397617,0.9578067672238075,0.9034561258278145,351.46904558789635,38.97238567056922,43.481590447046145,42
1506,11752,8209,347.3011636398348,1.0,1.0,29.145773663578836,0.9904890784591254,0.9889359698681732,0.9884815705128205,400.1500781569323,53.02337177564582,52.84891451709721,48
1504,11752,8209,320.4420570713594,1.0,1.0,28.879015971927984,0.9841468613449856,0.9869013179042109,0.9808266932270916,356.8981599330231,32.93415429249543,36.45610286166361,42
1502,11752,8209,506.50093157440506,1.0,1.0,30.32192707027318,0.9776507654820785,0.9738878652276916,0.9796421161825726,553.540841714339,42.809865209900494,47.03991013993366,72
1539,11912,8321,613.8020952142399,1.0,1.0,19.260783177258247,0.9708906457067129,0.9838669645073219,0.949686004784689,698.6601091638682,74.78702092444175,84.8580139496279,84
1533,11912,8321,238.06384327187132,1.0,1.0,33.85722142467434,0.9233774481164427,0.8992096111286753,0.893686224489796,268.76930881811364,28.058198319363402,30.705465546242262,35
1523,11912,8321,577.5441148052561,1.0,1.0,21.592690064394187,0.9917657957035098,0.9899692937563971,0.9942574786324786,673.5420531632416,98.24690753697783,95.99793835798519,80
1529,11912,8321,348.6737466418653,1.0,1.0,29.3152166887693,0.9769543497646053,0.9713034383579553,0.9656471631205674,401.44918846356205,49.913162732545004,52.77544182169665,47
1524,11912,8321,347.2398047523763,1.0,1.0,30.89443470224432,0.915378100114492,0.9325163310478864,0.8281774328859061,401.3245337963489,51.127093565958546,54.08472904397238,52
1534,11912,8321,265.3249700939001,1.0,1.0,33.77705947127561,0.9401853248989226,0.9562995144390494,0.8817231075697212,293.2361684595903,26.1167975485352,27.91119836569013,37
1535,11912,8321,304.8966590018686,1.0,1.0,35.01334426591305,0.9803377075153268,0.9539012738853503,0.9909286137440758,349.45895626152014,39.093445889477074,44.56229725965137,46
1537,11912,8321,552.2542127603365,1.0,1.0,29.013593219686733,0.9287381290908918,0.9372561384148504,0.8750360854503464,617.9906323559798,61.10462939346436,65.73641959564291,75
1527,11912,8321,423.2923864293323,1.0,1.0,37.68905743749814,0.9597417189446922,0.9584755403868032,0.939442791005291,485.5576874516426,58.14795153346542,62.265301022310275,64
1540,11912,8321,572.5297475903255,1.0,1.0,19.486567017803985,0.9593709632584985,0.9540558897729478,0.9308662280701754,654.9630877151362,79.40001018721557,82.43334012481041,77
1525,11912,8321,253.62675496933747,1.0,1.0,32.8715726041075,0.9304732874089076,0.9509235907572763,0.8519377729257642,296.0922267213767,43.44820762805887,42.465471752039235,40
1530,11912,8321,362.58858130034156,0.9999226485148515,1.0,22.85577006737892,0.9687026265710508,0.9722921914357683,0.9485733695652174,410.10585182516314,45.77590578723197,47.51727052482132,47
1522,11912,8321,414.8465617093255,1.0,1.0,23.052792463526213,0.9643185031490422,0.9734022378152855,0.9178977272727272,474.27579542229046,56.14385056944699,59.42923371296466,55
1536,11912,8321,246.01126159491525,1.0,1.0,25.981832052528436,0.9838675454533398,0.9933194516744751,0.9649286684782609,288.65585877244825,41.46689576629919,42.64459717753277,37
1532,11912,8321,211.94360988136714,0.9997033227848101,1.0,24.668318233849078,0.9083749787260378,0.9065536489559645,0.8343552215189873,243.70955083905997,31.14891143653933,31.76594095769288,31
1521,11912,8321,457.9285806378043,0.9999354338842975,1.0,22.296198451065752,0.9628996190526696,0.9935722239093026,0.89117431640625,529.6930312345609,67.14667589513458,71.7644505967564,64
1526,11912,8321,585.2247755088138,1.0,1.0,28.78076587418005,0.9827361756726803,0.9816229019479724,0.9757371007371007,663.5019240776356,71.66572285323231,78.27714856882159,80
1528,11912,8321,350.47464073592715,1.0,1.0,28.68865334186026,0.9639448768999405,0.9755568246716162,0.9197443181818182,400.8648187883003,47.835267078559646,50.39017805237309,49
1531,11912,8321,500.8227552552602,1.0,1.0,25.966558163228626,0.9669491828772107,0.9661144224902615,0.9399162371134021,563.1132371302778,58.18572281252578,62.290481875017164,70
1538,11912,8321,393.1283485723746,1.0,1.0,36.27123936344283,0.9668080496232935,0.964762443438914,0.9532670454545454,452.5406450236244,54.61844467687436,59.41229645124955,58
1545,12072,8434,292.6912602698408,1.0,1.0,31.848643471958223,0.9262174058390907,0.9749872057318322,0.8208762886597938,337.36871864221695,42.26618755856402,44.67745837237601,44
1556,12072,8434,364.94924067882465,1.0,1.0,33.655258944615525,0.9621210831062671,0.9636084401709402,0.940625,411.353813015184,43.356858504538735,46.404572336359166,55
1560,12072,8434,308.8966590018688,1.0,1.0,31.248735519611145,0.9868627214655901,0.9740462789243277,0.9903036347517731,349.4339297507379,39.05590612330365,40.53727074886908,43
1550,12072,8434,315.4627171123797,1.0,1.0,31.47433075998679,0.9262792515286653,0.9385793418051482,0.8588169642857143,369.7348059047276,53.65813318852165,54.272088792347766,48
1554,12072,8434,302.81149366034504,1.0,1.0,23.829043069356317,0.9940065484008213,0.9896574014221073,0.9960011848341233,346.5020205677184,41.53579036106,43.69052690737334,41
1544,12072,8434,327.2923864293323,1.0,1.0,31.213027912990242,0.9828538538925863,0.9846533078880407,0.9866145833333333,371.01731855344667,41.58739818617135,43.72493212411422,46
1555,12072,8434,322.1514929978078,1.0,1.0,31.681937136533517,0.9093052815379413,0.9123679004005212,0.8234498031496063,371.57398129933483,47.883732452290346,49.4224883015269,46
1547,12072,8434,295.2660955908543,1.0,1.0,33.651579176373964,0.9883319576798981,0.9791371994342292,0.9936059077809798,336.7112286618876,37.41769960654971,41.44513307103314,43
1553,12072,8434,341.73576755795597,1.0,1.0,30.179429058890964,0.981997513000226,0.9769913885898815,0.9772279179810726,378.8853363480673,35.474353185166805,37.1495687901112,46
1549,12072,8434,373.4652014967924,1.0,1.0,28.94575105791778,0.9934805134995106,0.9908400357462019,0.9980811403508771,428.68320887976734,54.32701107446206,55.21800738297472,52
1548,12072,8434,273.8146400733899,1.0,1.0,26.885064456769197,0.9159974520554179,0.9415686274509804,0.8178962628865979,317.3883674013702,42.86059099197026,43.57372732798016,40
1542,12072,8434,309.3775517708561,1.0,1.0,28.778907794086965,0.9383787722908093,0.9279336734693877,0.9015436746987951,354.92183658493104,41.31642722111242,45.54428481407494,46
1559,12072,8434,535.7908336193246,1.0,1.0,22.02786653650125,0.9872506818256498,0.9865554010199351,0.983666918429003,603.6579805772706,62.800720436918326,67.86714695794555,74
1541,12072,8434,537.0807356642442,1.0,1.0,31.32743803422918,0.9896310398928201,0.9893199048198772,0.9828591417910447,615.4444701620107,74.04560174664933,78.36373449776627,76
1557,12072,8434,302.33060089135773,1.0,1.0,24.499023570338156,0.9741037463976945,0.9671239356669821,0.966589861751152,347.565517068138,43.85237426517011,45.23491617678006,40
1551,12072,8434,428.6562330138898,1.0,1.0,30.209094225851285,0.9913230095265705,0.9846037354871278,0.9953088914549654,488.1336149670248,50.21607292970215,59.47738195313477,61
1546,12072,8434,341.4126198198365,1.0,1.0,25.156518703377998,0.9680331894704943,0.9579876201764783,0.9596732365145229,389.90397945562944,47.23703945368928,48.49135963579285,46
1543,12072,8434,413.1809302493306,1.0,1.0,27.6055906738451,0.923444030053268,0.9272750402849631,0.8614892739273927,469.5007634120271,51.47974974404435,56.31983316269623,57
1558,12072,8434,523.4939767196831,1.0,1.0,25.279095908931286,0.986418217263011,0.9812630544292911,0.9849537037037037,594.7855415861318,70.18734729967233,71.29156486644823,68
1552,12072,8434,320.245435549834,1.0,1.0,27.10211112081337,0.975256935160428,0.9685968137254902,0.9697795542635659,372.5084052927927,51.39445461443763,52.26296974295842,44
1571,12232,8546,347.80834724730005,1.0,1.0,25.47789694466743,0.9463878008420434,0.9583921015514809,0.8931746861924686,401.074990820805,52.89996536025719,53.26664357350481,48
1570,12232,8546,431.3274544783128,0.9998641304347826,1.0,40.15833367301419,0.9526355430984454,0.9609748065206652,0.9206137892376681,492.1214225220956,55.19095206567402,60.79396804378269,62
1574,12232,8546,399.55914404881867,0.9998452970297029,1.0,33.47828709338541,0.971603142976508,0.9892935079105292,0.9465567885117493,451.8532026348658,46.941087879070324,52.29405858604688,58
1573,12232,8546,273.37755177085603,0.9998372395833334,1.0,39.18889538934279,0.9372715751604594,0.9350331819769473,0.9243222891566265,319.238401512451,43.29127461239234,45.8608497415949,43
1561,12232,8546,395.0694740693288,1.0,1.0,34.2614064009694,0.9883093978332074,0.990139108998063,0.9879476584022039,449.65504081029627,49.62835011145073,54.58556674096717,57
1563,12232,8546,435.2836500118593,1.0,1.0,25.09433333340614,0.9218822994659156,0.9426728983020766,0.8411296583850931,491.4923286009859,50.56301788368932,56.20867858912619,58
1579,12232,8546,520.3593761142483,1.0,1.0,37.07662820086147,0.9877025887082782,0.9860901957676151,0.9824353448275862,586.2881681410555,59.89318804021015,65.92879202680678,71
1572,12232,8546,681.4739787072951,1.0,1.0,33.41284291384467,0.9698208307081898,0.9701076434600789,0.9561491935483871,748.3441288623569,62.055225232592036,66.87015015506135,92
1578,12232,8546,651.7607343391697,0.9999565972222222,1.0,25.170353822822285,0.9388739348471848,0.954226682904296,0.8892273509174312,741.549910447747,85.93376416286507,89.78917610857678,89
1568,12232,8546,586.1690474188129,1.0,1.0,25.831878148353834,0.9474863777893098,0.9548094795539034,0.9058984375,656.6269199489194,65.93680879515954,70.45787253010639,78
1566,12232,8546,502.8114936603449,1.0,1.0,34.8244774804675,0.9615454600594407,0.9510588235294117,0.9552214360587002,552.7333564415522,46.3827941718108,49.9218627812072,68
1580,12232,8546,505.53533759475334,1.0,1.0,29.344477958394624,0.9365880285894613,0.9337270043152396,0.9021534222737819,571.1312429882665,61.64385809026917,65.59590539351277,66
1575,12232,8546,466.36566894033814,1.0,1.0,33.290580592821115,0.9539142220519151,0.9467473926109246,0.9311179577464789,532.0803930955076,61.07208623275351,65.714724155169,67
1569,12232,8546,320.40698902237887,1.0,1.0,29.492142491108893,0.978764012483957,0.9779639272507735,0.9780182453416149,371.5467885293547,47.459699260463566,51.139799506975706,45
1576,12232,8546,465.41261981983644,1.0,1.0,36.55801172737806,0.9719219279561682,0.9714387085329076,0.9564047759433962,516.757654942596,47.76755268413886,51.34503512275924,68
1562,12232,8546,483.1045421183092,1.0,1.0,30.33325418435464,0.9448113665690776,0.9538815685029369,0.8790275621118012,547.2882788567773,58.025605107701644,64.18373673846779,67
1577,12232,8546,497.5528512227288,1.0,1.0,27.109955410250453,0.9558227244268208,0.9643167028199566,0.9136740331491713,567.4896631134121,65.90521783602426,69.93681189068282,71
1565,12232,8546,812.0537827971347,1.0,1.0,6.242838768136696,0.9970078622796886,0.9995835812016657,0.9955668604651163,922.9506880969099,105.59535794966288,110.89690529977533,109
1564,12232,8546,470.0989113208517,1.0,1.0,38.80467132842064,0.9544647487720797,0.9770885442721361,0.91748046875,519.139916809786,42.81150823340109,49.041005488934054,66
1567,12232,8546,405.9022897993263,1.0,1.0,41.34283432923243,0.9855722388617881,0.9754970877686282,0.9886529126213592,462.28891653873274,52.3299401091094,56.38662673940625,58
1581,12392,8659,481.39510619186103,1.0,1.0,36.54070314296623,0.9876474409599266,0.982997341603899,0.9901455965909091,533.5632735835084,47.502251087470654,52.16816739164708,65
1586,12392,8659,327.72947473186616,1.0,1.0,18.479345749271552,0.9921565900636236,0.9915455746367239,0.9918198529411765,377.3381996245583,45.91308733903787,49.608724892691896,46
1599,12392,8659,262.02877522289083,0.9998405612244898,1.0,26.609268419970864,0.9460584526422127,0.9519404645986924,0.8942920918367347,298.23308334498233,37.056462183137356,36.204308122091575,39
1592,12392,8659,337.6180185518644,1.0,1.0,25.932485059068068,0.9657440424421638,0.9584677419354839,0.9529059579439252,382.48927131297546,41.80687914166643,44.87125276111093,47
1596,12392,8659,521.4739787072949,0.9996698943661971,1.0,21.786544961932222,0.9281371681069266,0.9488157764344466,0.8635384012539185,601.8925760929557,77.87789607849052,80.41859738566035,74
1595,12392,8659,671.1483873777928,1.0,1.0,14.300926634601923,0.9795091943086013,0.9816321959232435,0.9576056985294118,759.1707635237892,76.53356421899399,88.02237614599605,90
1600,12392,8659,383.9874551408501,1.0,1.0,27.015156300292745,0.9833616440644928,0.9805141528784357,0.9827138704318937,428.8769211308001,38.83419898492479,44.88946598994986,50
1588,12392,8659,378.6937446542535,1.0,1.0,25.84656547252873,0.9919449167952663,0.9896870041828935,0.9898603723404256,428.6256672782501,45.64788393599462,49.931922623996414,50
1594,12392,8659,798.6899770056069,1.0,1.0,6.218090969326694,0.9701715919210364,0.9713903953470093,0.9396763392857143,899.5142090069025,93.4863480019436,100.82423200129574,103
1590,12392,8659,368.4683479098374,0.9999305555555555,1.0,22.40469568146682,0.9953929269828644,0.9966437025260555,0.998323754789272,417.12930780620843,46.74143984455619,48.6609598963708,48
1585,12392,8659,527.3011636398348,1.0,1.0,21.06467154247354,0.9052976841268264,0.9046346893341429,0.8242779356060606,589.4910256430041,59.534793004753716,62.18986200316913,75
1587,12392,8659,476.02252318983057,1.0,1.0,21.454001106992795,0.9209147928941773,0.9220389805097451,0.8560885608856088,529.7654326106959,46.11436413129755,53.74290942086504,63
1582,12392,8659,372.72632831882123,0.9997062969924813,1.0,32.989456370093635,0.9777080632215842,0.9866299897645855,0.9655966553287982,420.1278619494695,43.35230044597225,47.40153363064817,50
1589,12392,8659,397.03689040476104,1.0,1.0,20.108008324985967,0.9691910584575675,0.9608400646203554,0.9584603658536586,445.19542809054735,45.987806528678924,48.15853768578596,52
1598,12392,8659,518.4796095047526,1.0,1.0,18.55291486523705,0.9482195253529591,0.9716778715491347,0.8702017716535433,607.688732478788,86.56368446105253,89.20912297403504,71
1591,12392,8659,273.81464007338997,1.0,1.0,33.196632632781096,0.9138215497228291,0.8955277928661959,0.8725527108433735,306.28413335937347,29.204239928975262,32.46949328598349,40
1593,12392,8659,262.06384327187135,1.0,1.0,32.956837096365796,0.9882099313019621,0.9961915125136017,0.9858197773972602,300.165434845244,35.40238736005907,38.10159157337272,36
1597,12392,8659,376.49463874831525,1.0,1.0,30.22002579188227,0.9869794219611968,0.9781851039111914,0.9928407190635451,427.1188234589161,48.936277065901,50.62418471060067,52
1584,12392,8659,368.6649694313628,1.0,1.0,30.228346983311535,0.975006478057054,0.9628785179907374,0.9744127516778524,420.1796353637895,48.02199889863999,51.514665932426645,55
1583,12392,8659,402.66745381577545,1.0,1.0,42.484001510268925,0.943182032058722,0.9298976685304357,0.9246684675834971,461.75493841634255,53.38122690085001,59.08748460056668,59
1615,12552,8772,563.4764630917078,1.0,1.0,27.375810541886178,0.9963804244839444,0.9928723343105134,0.997337962962963,641.5196248782084,75.81474267975042,78.04316178650029,72
1618,12552,8772,473.010599566283,0.9998922413793103,1.0,35.55584752360806,0.9416224507364104,0.9603632097127991,0.903125,519.0163441383999,44.25861685817486,46.00574457211656,63
1620,12552,8772,269.60924134136195,0.9999410377358491,1.0,37.03346996542035,0.9341157840808533,0.9324854552834528,0.8882127192982456,310.29464313391964,38.52810268883628,40.685401792557506,39
1603,12552,8772,623.3625225272934,1.0,1.0,33.63770205193199,0.9960306951978245,0.9965864281089989,0.9965222575516693,684.5330355561849,57.25576954333676,61.17051302889115,82
1608,12552,8772,310.2955328423772,1.0,1.0,30.41404945085731,0.9157572001997742,0.8898416886543535,0.8938940602836879,350.81330943144434,36.776664883600546,40.51777658906703,42
1601,12552,8772,451.1045421183093,1.0,1.0,34.5297277694924,0.9778140501573837,0.9609668755595344,0.9836601307189542,511.03919439779895,54.6519784192343,59.934652279489534,64
1611,12552,8772,226.77642561136452,1.0,1.0,31.600279961101005,0.9295596803578838,0.908119011598588,0.8969957081545065,260.1401606223839,31.295602516528948,33.363735011019294,34
1602,12552,8772,299.2660955908543,1.0,1.0,29.238026286748404,0.9670665004323433,0.9878370864609397,0.9271043346774194,345.8778348958965,45.16760895756319,46.61173930504213,42
1606,12552,8772,248.13149498541958,1.0,1.0,26.747823301922672,0.9895019067965207,0.9978101494811006,0.9867153083700441,281.72075233052755,32.38388601766191,33.58925734510793,34
1610,12552,8772,1444.797665536962,0.999704071969697,0.0,-66.28713517278075,0.9497065455268916,0.962691069991955,0.8959590517241379,1662.677920183847,208.32038197032955,217.8802546468865,200
1617,12552,8772,601.0281539872883,1.0,1.0,22.57289219601043,0.9532210068756792,0.9421533234232321,0.9364864864864865,685.9616732509303,80.15027889546228,84.93351926364156,82
1612,12552,8772,276.92294984034675,0.9997438524590164,1.0,31.54323420249798,0.9705124298191699,0.973055089150076,0.9528917910447762,325.53879727616123,48.92377115372172,48.61584743581446,39
1614,12552,8772,264.71755110831884,1.0,1.0,32.50123478792814,0.9186608785079999,0.9304713804713804,0.8325084841628959,306.8697401673433,42.228283588536634,42.15218905902442,35
1616,12552,8772,376.9843087278051,1.0,1.0,25.924591846895517,0.9409061254077565,0.9818314361016094,0.8223505434782609,431.7519549658008,52.901469356993196,54.767646237995436,52
1604,12552,8772,393.78834923491183,1.0,1.0,27.311682808729298,0.9465453950715997,0.9522561531449407,0.8985883204633205,438.77586215710545,37.48126938329017,44.98751292219341,55
1619,12552,8772,331.04318323085096,1.0,1.0,24.44638941262618,0.9741929633659775,0.9764360520469693,0.9581580528846154,375.2712300431425,42.34207021843716,44.22804681229144,46
1607,12552,8772,371.71196110389064,1.0,1.0,34.114132090068644,0.9600777026894981,0.9582897814942014,0.9314373028391167,428.49981172019204,54.43177592445167,56.78785061630113,55
1605,12552,8772,365.377551770856,0.99981689453125,1.0,33.821069455556135,0.9200508938534034,0.8847177553510036,0.9096746575342466,407.98065903368246,40.65466089423951,42.603107262826335,56
1609,12552,8772,315.2923864293322,1.0,1.0,32.83604288138535,0.979839272910129,0.9832743254791845,0.968287037037037,362.5829319623505,45.435818299527085,47.29054553301806,46
1613,12552,8772,1227.8572020686388,1.0,1.0,-15.484061303485293,0.9203702332469457,0.9380351588438821,0.8492135300668151,1399.414245371893,156.08556495488284,171.5570433032554,164
1632,12712,8885,405.8497081223703,1.0,1.0,25.65183016383417,0.9867493591026041,0.9867109634551495,0.9785730698529411,451.92017802381463,41.35570485216606,46.07046990144403,54
1621,12712,8885,313.8409309118679,1.0,1.0,26.936629104806755,0.9826842022223725,0.9854396650171298,0.9847771139705882,363.91408400051137,49.60972963296492,50.07315308864327,45
1623,12712,8885,421.5528512227289,1.0,1.0,15.19112582057401,0.9852104377634804,0.9863524498471176,0.9773648648648648,481.23006945146125,58.01582734309803,59.67721822873201,55
1622,12712,8885,426.84656170932544,1.0,1.0,25.489059972253415,0.934209683685624,0.9563787257729872,0.8506944444444444,487.9359694762035,57.134111650316754,61.08940776687783,59
1633,12712,8885,272.8703681633907,1.0,1.0,35.366168990329754,0.9476980444303928,0.9471881060116354,0.9220388986013986,324.4781632514984,50.41169263216129,51.60779508810751,42
1631,12712,8885,438.3831825683137,1.0,1.0,33.42257145951365,0.920754612078102,0.9413819105449062,0.8269828216374269,487.95794826068476,45.1121485385565,49.57476569237098,59
1624,12712,8885,332.66496943136286,1.0,1.0,30.67230418820077,0.9630177514792899,0.9620060790273556,0.942416958041958,378.83945815007803,45.261733078072645,46.17448871871509,48
1636,12712,8885,566.728812703234,1.0,1.0,22.9374726335562,0.9812608255931553,0.9804731505820503,0.9719106125356125,636.8555501211658,63.940106126896794,70.12673741793118,80
1635,12712,8885,558.4270278277967,1.0,1.0,23.188001888671508,0.9526230662093961,0.9487436068490105,0.9267578125,630.7582046199659,65.74676518825315,72.33117679216879,76
1637,12712,8885,394.56229046186354,1.0,1.0,28.217879997533863,0.9014095388524535,0.8807487647282403,0.8530180608365019,443.28371616849046,42.332138559940006,48.72142570662667,55
1629,12712,8885,435.89980541491354,0.9998411016949152,1.0,36.52426251526079,0.9841057111283534,0.9722747321991179,0.9900379506641366,481.7350307235696,42.50283796298382,45.835225308655886,60
1639,12712,8885,407.32745447831275,1.0,1.0,27.630129358470853,0.9391726305333692,0.9640473123316547,0.8834507042253521,463.78573929672456,53.187427227617334,56.458284818411556,55
1626,12712,8885,511.852192506783,1.0,1.0,24.70839066869453,0.985769733518312,0.9800124597653411,0.9858217592592593,574.849594462178,54.74610293309151,62.997401955394345,66
1634,12712,8885,315.31867726781036,1.0,1.0,27.77097717956631,0.9598193174653215,0.9619286380597015,0.9357942139737991,354.16057157855204,35.01284146611245,38.84189431074162,41
1638,12712,8885,355.26609559085426,1.0,1.0,25.749309502441566,0.9438510758666431,0.9528890347997374,0.8861310840707964,397.6800027996446,38.87086081318528,42.413907208790185,47
1630,12712,8885,300.2366583393315,1.0,1.0,28.341756360931267,0.9483645937527533,0.950276963180189,0.9258135330578512,337.20846080574483,35.207703699619884,36.97180246641326,40
1627,12712,8885,568.0488140283086,0.9999086257309941,1.0,27.936040068128644,0.9740214471714749,0.9735886844411065,0.9677275051124744,637.4358079422,62.83049087083649,69.38699391389099,78
1625,12712,8885,662.9429886457646,1.0,1.0,15.99549683487092,0.9627721087198433,0.9999482133609529,0.9046231840193705,743.6423009646464,73.79896847832171,80.69931231888121,88
1640,12712,8885,252.14900861339498,1.0,1.0,34.24192890515689,0.9443133699426135,0.9523250696787443,0.9046937250996016,291.3883891303933,37.10907077549729,39.23938051699818,42
1628,12712,8885,375.934873463894,1.0,1.0,25.369064292792437,0.9387750913345102,0.9426401257202724,0.8985042735042735,416.298264218547,37.295086131979104,40.36339075465273,53
1649,12872,8998,271.9260962533917,1.0,1.0,24.519097561442393,0.9344760039177276,0.9785108958837773,0.8189967105263158,313.9638377265992,41.30661220981127,42.03774147320752,36
1652,12872,8998,432.45083428186183,1.0,1.0,36.933135457971154,0.9401109838343892,0.9389961052032734,0.9036394348894349,506.64439783375184,71.5403453278346,74.19356355188975,64
1658,12872,8998,365.1283485723746,1.0,1.0,24.146881153502058,0.981526316640874,0.9941348973607038,0.9669228830645161,416.17901638267676,48.82600171545305,51.05066781030203,51
1655,12872,8998,483.99623235135255,1.0,1.0,26.525581595582327,0.9691953812176651,0.9472099774217826,0.9766661140583555,551.5222351158445,60.03900414673709,67.5260027644914,68
1646,12872,8998,372.2717263883119,0.9999433876811594,1.0,29.908146015123364,0.9792023830415276,0.9815878900216249,0.9747509057971014,421.2768792418975,44.25772928037789,49.00515285358526,50
1642,12872,8998,287.7557655703442,1.0,1.0,32.813702457392694,0.98276702975126,0.9868297271872061,0.9885531135531136,327.57860326236226,40.234256538027026,39.82283769201801,40
1650,12872,8998,304.63867859288484,0.9999346234309623,1.0,29.439444597857214,0.9854134778055263,0.9877171552660152,0.9939131526104418,340.70103611170407,33.84353627822872,36.06235751881913,43
1648,12872,8998,286.7852028218671,1.0,1.0,29.077982788924473,0.9515268538774053,0.9798095863427446,0.8872575431034483,327.36221602236964,37.61551980075375,40.577013200502485,41
1657,12872,8998,433.4389106583144,1.0,1.0,27.28716771408031,0.9643763106270717,0.9687275985663082,0.9318007172131147,493.07105076826326,57.94821016492294,59.632140109948615,59
1659,12872,8998,326.60609492831713,1.0,1.0,28.209037421376596,0.883115262405084,0.8856265984654731,0.7855902777777778,366.5865496450713,36.72068207513108,39.98045471675407,48
1656,12872,8998,223.4101354354238,1.0,1.0,35.74648089006454,0.917052172911548,0.9224008413461539,0.8777714067278287,256.9061018879996,29.24394967886371,33.4959664525758,35
1660,12872,8998,269.1195713618722,0.9999364837398373,1.0,35.76216430838152,0.9603881894009069,0.9567407593980228,0.9406147875816994,305.35900203363786,33.359146007648405,36.23943067176559,39
1651,12872,8998,477.24228913678894,1.0,1.0,32.09556483010905,0.9210341407655197,0.9871367028699715,0.8329093992248062,538.1387820730941,55.344739404457,60.896492936304696,65
1654,12872,8998,315.7557655703441,1.0,1.0,26.047905645024716,0.910494804626823,0.9578801898696149,0.7742671460176991,365.20086967960475,46.417656163890605,49.445104109260384,45
1647,12872,8998,430.9906015538949,1.0,1.0,36.39053624488292,0.9728425980604904,0.9647027244665146,0.9671257796257796,480.9502226625188,46.43943166293555,49.95962110862367,61
1643,12872,8998,299.7294747318662,1.0,1.0,28.640230880391723,0.9895142809830829,0.9934463276836158,0.9918094758064516,341.00903365566785,37.16933838570236,41.27955892380158,40
1644,12872,8998,412.92294984034663,0.999951171875,1.0,38.20164438091446,0.9722523553233273,0.9838593739789584,0.9549962574850299,453.2827170021428,35.03965074269387,40.3597671617959,59
1645,12872,8998,296.86159095288815,1.0,1.0,37.054956551266834,0.9919492380989203,0.9923749719668087,0.9961049426934098,332.8012525990854,32.9094924692957,35.93966164619714,45
1641,12872,8998,379.04318323085084,1.0,1.0,33.88190936056006,0.9722741249975517,0.9622360512738685,0.9702576754385965,429.1316489407165,45.882698564798154,50.08846570986541,54
1653,12872,8998,421.49149233527044,1.0,1.0,28.499020935987637,0.9514959314633501,0.9814984309623431,0.8942938535911602,469.6909372822624,40.04916742048754,48.19944494699167,58
1661,13032,9110,434.16027020831024,1.0,1.0,34.63836402472999,0.9615394096042312,0.9527172244396684,0.9513504155124654,492.3851949591592,51.33738712627284,58.22492475084856,62
1667,13032,9110,449.0193767767856,1.0,1.0,32.946234465224215,0.9740687520725102,0.9579150187607748,0.9748263888888888,501.683453717703,47.49611541137548,52.66407694091699,62
1673,13032,9110,366.3306008913576,1.0,1.0,30.987137399771566,0.8952116746581561,0.8922817627521935,0.8421440972222223,414.61372934559006,43.17469268134845,48.28312845423228,53
1680,13032,9110,476.93172705084913,1.0,1.0,38.58158351243917,0.9418455642749918,0.924633741126718,0.9272290209790209,527.797280575167,43.29833028647643,50.86555352431762,70
1662,13032,9110,360.38947539440346,1.0,1.0,28.827516701282768,0.9915825798487153,0.9956687327309387,0.9964238556338029,415.3076966504437,51.62733188406009,54.91822125604002,53
1674,13032,9110,378.9818243433924,1.0,1.0,39.03676587126277,0.9698396285847325,0.9430173661360347,0.9758441091954023,412.8840350920538,29.853316122991842,33.90221074866122,52
1668,13032,9110,374.1602702083102,1.0,1.0,31.778363168192058,0.9674464964848425,0.9745137061051551,0.9470724587912088,424.5969867282819,47.905074779957054,50.43671651997137,52
1678,13032,9110,308.8703681633907,1.0,1.0,37.63021556201804,0.930370004527308,0.9154555794262605,0.9058183701657458,347.19807874964687,33.49156587938404,38.327710586256025,48
1672,13032,9110,397.6443093903424,1.0,1.0,28.761072311971112,0.9467225395211158,0.9549556105370397,0.9013489906832298,455.9590597826559,52.97212558846995,58.31475039231328,60
1666,13032,9110,557.2773571857697,1.0,1.0,37.892481510139525,0.9600827003410118,0.9651843853277052,0.934032012195122,638.7280687409936,74.17606733283522,81.45071155522353,80
1675,13032,9110,351.7557655703442,1.0,1.0,18.05745621265122,0.9399956100467217,0.9587352176465654,0.8698705808080808,405.48193930725796,52.83926060537056,53.72617373691371,50
1679,13032,9110,310.0726204823739,1.0,1.0,32.748481322945615,0.9112087554764512,0.9065875771604939,0.8421814671814671,350.1701568973862,33.89630462251844,40.0975364150123,43
1676,13032,9110,263.00811518187044,1.0,1.0,26.826135767373433,0.8917554125219427,0.8723852214072263,0.8308388157894737,296.38839288331536,32.07041655216743,33.380277701444946,38
1669,13032,9110,335.2398047523763,1.0,1.0,23.142322169242764,0.9701756480897061,0.9797118938079795,0.9395596590909091,387.2802749695351,48.81070532573811,52.04047021715871,49
1663,13032,9110,371.9786779303475,1.0,1.0,36.29351283075338,0.8640295135785215,0.8565447405147513,0.7658762057877814,420.03801922407473,47.339011940590744,48.059341293727165,53
1670,13032,9110,282.55351325136115,1.0,1.0,33.82250327362886,0.9299063207448875,0.915209910529938,0.8972159090909091,323.0392147187125,37.47855220102694,40.48570146735129,41
1665,13032,9110,334.29553284237716,1.0,1.0,28.947273442716952,0.9665814841491449,0.9580514208389715,0.95328125,374.913467497174,39.176901982195005,40.61793465479666,50
1677,13032,9110,414.09891132085164,1.0,1.0,41.74078404385446,0.9242418750755104,0.916779089376054,0.8911499505928854,466.5790836854254,48.72025854686005,52.48017236457336,59
1671,13032,9110,360.15778582389754,0.9996565934065934,1.0,30.128108551478253,0.9539268276480551,0.942092976045473,0.9616828621908127,402.95679736989655,40.19851731899839,42.79901154599894,49
1664,13032,9110,359.06947406932886,1.0,1.0,28.97009390394201,0.8964141022325661,0.8883085944658237,0.8173177083333333,408.469909149831,47.85065262075299,49.400435080502,50
1693,13192,9223,621.0544448257663,1.0,1.0,20.58476731861017,0.9514252061248527,0.9794137528421312,0.9090757978723404,702.7804764506246,73.83904743728712,81.72603162485808,85
1687,13192,9223,409.8497081223704,1.0,1.0,26.476318539857427,0.9685088678719254,0.9689257671103191,0.9553720735785953,465.1525188461519,52.204216085672286,55.30281072378152,55
1682,13192,9223,330.6586766052731,1.0,1.0,26.168014584653243,0.9764105219096297,0.9763795423956931,0.9548938679245284,377.4083447100643,48.3745021571866,46.7496681047911,44
1685,13192,9223,693.937357848307,1.0,1.0,36.064723746173215,0.9582511093970689,0.9564938241408829,0.93367288213628,767.3902884483251,66.67939590002705,73.45293060001806,95
1699,13192,9223,487.1308329567873,1.0,1.0,31.102569782198646,0.9505035681699122,0.9522229344997926,0.9037397540983606,550.9092834848219,60.41767579205137,63.778450528034256,65
1690,13192,9223,489.2510663472915,1.0,1.0,29.31705403825095,0.9888636060421885,0.9873737373737373,0.9874748659517426,554.7676721621785,58.524908722329904,65.51660581488657,65
1694,13192,9223,450.84656170932544,1.0,1.0,29.325009213281785,0.9875013507185822,0.9862883599453909,0.9835434173669467,517.2870990391045,59.910805994667896,66.4405373297786,63
1700,13192,9223,622.9079205967843,0.9999131944444445,1.0,27.772992876266663,0.9659788571220983,0.9638968001340258,0.946221713362069,697.9069217216692,69.74850168732698,74.99900112488464,83
1698,13192,9223,367.06947406932886,1.0,1.0,23.320335065563338,0.9396988696352712,0.9947455936148986,0.8349719101123596,431.4732247574383,64.35562603216377,64.40375068810916,53
1697,13192,9223,366.33060089135773,1.0,1.0,31.980929832870398,0.9204090963386456,0.9144058885383807,0.8571244855967078,422.9735097708477,55.71436331923478,56.64290887948984,51
1684,13192,9223,366.17778383628564,1.0,1.0,29.07204427027441,0.9948618438531901,0.9943678547410895,0.99315799689441,423.29430070786754,53.424775307372606,57.11651687158177,50
1692,13192,9223,453.01059956628313,1.0,1.0,24.835705569516577,0.9860019601793202,0.9806970194789956,0.9902270599250936,528.0894386296701,72.86825859508019,75.07883906338681,66
1688,13192,9223,538.4445414557722,0.9999527945619335,1.0,34.0101019977903,0.9436129548180728,0.9613869529457599,0.8879199886104784,603.9452686805164,62.251090837115896,65.50072722474393,76
1695,13192,9223,362.3568917298357,1.0,1.0,32.47854299299081,0.970855597280352,0.9904243593276385,0.9461080287206266,415.9435392089211,52.62997121862807,53.58664747908536,48
1691,13192,9223,300.66496943136286,1.0,1.0,31.231956450063116,0.9348818622767693,0.9355125523012552,0.9054878048780488,352.8009032506031,51.20390072886019,52.13593381924015,44
1683,13192,9223,327.0694740693289,1.0,1.0,33.191244633219576,0.9745402858854134,0.964426301210089,0.9722326807228916,373.6201374813902,43.575995118091654,46.55066341206109,45
1681,13192,9223,470.3919597788161,1.0,1.0,19.62690516261215,0.9614042779451685,0.9603602735767267,0.9256912442396313,535.7890993336895,60.59570933230956,65.39713955487305,63
1686,13192,9223,389.9198034273018,1.0,1.0,23.138755348840633,0.9820536897923111,0.9940789473684211,0.9514358108108109,440.6156511927435,46.79377164816218,50.69584776544148,58
1689,13192,9223,536.5910656847543,0.9998851102941176,1.0,20.879141201613532,0.9978299484612759,0.995914476372055,0.9985029940119761,600.6864427096676,60.14306553736925,64.09537702491282,72
1696,13192,9223,476.68252385236775,1.0,1.0,28.61852058657915,0.9752794882525258,0.9872937293729372,0.9384287587412588,543.5555209373141,63.55949562741917,66.87299708494614,67
1712,13352,9336,518.1427565803347,1.0,1.0,23.936596693023862,0.9827347873717757,0.9833537046737675,0.9750556379821959,589.9425354922636,64.94966836789261,71.79977891192841,69
1720,13352,9336,580.8490460937384,1.0,1.0,22.331282014287996,0.9254362126153247,0.9459046454767727,0.8191964285714286,663.4383780939727,80.38399800035155,82.5893320002344,79
1708,13352,9336,410.8728525478034,1.0,1.0,29.900726945492526,0.9401255594807514,0.9341034930617267,0.9005281690140845,462.17844887211965,47.70839448647383,51.305596324315864,58
1711,13352,9336,287.9260962533916,1.0,1.0,35.59129623073141,0.9549257549828002,0.952734115563427,0.9309986888111889,328.62045772765237,37.041542211390926,40.694361474260596,43
1717,13352,9336,608.652424572213,1.0,1.0,27.896472066469556,0.9396635413739366,0.9445707408397968,0.8917410714285714,702.0129062913261,91.29072257866909,93.3604817191128,83
1704,13352,9336,818.3443468706866,1.0,1.0,2.127415647086621,0.985671964008541,0.9960810215763981,0.9586564781021898,946.9203999691949,125.36407964776326,128.5760530985089,115
1719,13352,9336,408.9580178893271,1.0,1.0,29.729962166329642,0.978618353605026,0.9984,0.9612638206388207,456.87550598388725,43.376232141839814,47.91748809455985,56
1701,13352,9336,403.30994085033734,1.0,1.0,19.5548362906291,0.9847875108412835,0.9750114626318203,0.987964527027027,461.01582193057965,56.558821620363254,57.70588108024216,55
1709,13352,9336,494.3656689403382,1.0,1.0,20.529894074438346,0.9890747526401558,0.9880621876735147,0.981339928057554,559.1798109380188,58.97121299652068,64.81414199768044,65
1702,13352,9336,290.8377844988231,1.0,1.0,23.12525683126399,0.9956158177033015,0.9986414361960213,0.9921875,330.88309586106647,41.31796704336497,40.0453113622433,36
1716,13352,9336,1273.947336178988,1.0,1.0,-36.25531957079044,0.9800698553659509,0.9857702500288051,0.9541466346153846,1442.835585390712,160.3323738175854,168.88824921172377,163
1705,13352,9336,484.45083428186183,1.0,1.0,35.84136269191492,0.990976380572189,0.9894736842105263,0.98932837995338,543.4392756390386,53.232662035765024,58.988441357176626,69
1710,13352,9336,325.86722175034583,0.9999403625954199,1.0,34.88565111068798,0.9135634055841909,0.9272939346811819,0.8494183753943217,369.0444054547988,39.26577555667924,43.17718370445282,46
1713,13352,9336,373.8759989608484,1.0,1.0,31.40390380869083,0.9193648867977114,0.9300968953925252,0.8423634812286689,435.2134306738499,59.75614756950206,61.337431713001386,53
1703,13352,9336,248.66496943136286,0.9999447879858657,1.0,39.64378251283599,0.923078857162014,0.9697211155378486,0.8183210784313726,291.8001249559146,39.952733286827495,43.135155524551664,39
1706,13352,9336,492.02252318983057,1.0,1.0,25.518870561172456,0.9230650632130742,0.9298679867986799,0.8479166666666667,550.0484400534989,51.788875295502145,58.025916863668066,67
1707,13352,9336,310.0726204823738,0.9998405612244898,1.0,36.84065927056331,0.951612648471064,0.9429600371747212,0.9415041782729805,364.0183961871163,50.91866355711356,53.945775704742374,46
1714,13352,9336,352.27172638831195,1.0,1.0,27.72599904243899,0.9787433231319026,0.9693728408184958,0.9761284722222222,405.83495725646003,51.844846302221875,53.5632308681479,45
1718,13352,9336,439.6380165642525,0.9999091569767442,1.0,35.465814551480804,0.9852250630176449,0.9827887981330222,0.9872229064039408,506.1510962085653,63.019619466468725,66.5130796443125,63
1715,13352,9336,506.47960950475255,1.0,1.0,20.56838430277455,0.9840073178767753,0.9789114860180264,0.986969964664311,570.827523413672,59.02187086337831,64.34791390891887,67
1735,13512,9449,552.2542127603365,1.0,1.0,37.779150734316644,0.9711058363666325,0.9778718117939361,0.9440303610503282,621.1963495412563,62.1632051713793,68.94213678091955,76
1731,13512,9449,446.8816297583059,1.0,1.0,25.500799068160436,0.9536885803729415,0.9482824427480916,0.9267769607843137,513.5186729739494,63.955564823464556,66.63704321564306,59
1729,13512,9449,403.2836500118593,1.0,1.0,30.73246005985493,0.9780755480074907,0.9789414729767573,0.9596791107382551,462.34812807457917,54.846717094079395,59.064478062719594,55
1728,13512,9449,311.9786779303475,1.0,1.0,39.53347581455488,0.9620890306654056,0.9680239820134899,0.9353238161559888,358.21758438647686,44.60835968419384,46.23890645612924,47
1730,13512,9449,217.77957202440945,1.0,1.0,24.343161500239525,0.9942477232166793,0.9963957679339611,0.9983321629213483,248.68223664132893,28.35399692537918,30.90266461691944,31
1732,13512,9449,383.3274544783128,0.9999399038461538,1.0,32.330596678117885,0.949942536587718,0.9643671867871156,0.8992077464788732,448.7271137952755,63.59948897544375,65.3996593169625,54
1739,13512,9449,526.3919597788162,1.0,1.0,36.55221390060564,0.9380287196985854,0.9282656724661695,0.9097352756892231,596.773785332245,62.822738330142876,70.38182555342863,73
1726,13512,9449,324.18407666237545,1.0,1.0,35.996050568647306,0.9188450724232005,0.9414042480496555,0.8341269841269842,366.90458445003037,38.58076168148203,42.72050778765468,48
1723,13512,9449,526.1690474188127,1.0,1.0,31.89229795735567,0.9789586616153149,0.9857522959402626,0.9592778497409327,604.2159294565032,75.07032305653532,78.04688203769022,73
1740,13512,9449,369.2335119262865,1.0,1.0,30.45933144515928,0.9548390540756955,0.9795070617557463,0.9115065586419753,430.87876397422605,60.2178780719089,61.64525204793928,55
1738,13512,9449,361.74947274425443,1.0,1.0,18.80954209994274,0.9733735555527856,0.9828832816880626,0.9354281767955801,412.2060154331743,47.934814033379624,50.45654268891976,49
1736,13512,9449,331.8083472473001,1.0,1.0,29.376940938798057,0.9652856950073757,0.9433287080990287,0.96580547112462,387.58207530181164,52.91059208176713,55.773728054511466,44
1733,13512,9449,389.60924134136195,1.0,1.0,40.079801643844924,0.9765688570052642,0.9661688086141021,0.9725302419354839,427.12538273073926,32.274212084065795,37.51614138937718,51
1737,13512,9449,321.1546394108526,1.0,1.0,33.022085997639444,0.9781260083714715,0.9832386159269118,0.9690553745928339,380.4985672635754,57.5158917790839,59.343927852722636,49
1725,13512,9449,349.15463941085255,1.0,1.0,23.649170046908466,0.9190575481813137,0.9517507227754578,0.8101017441860465,397.5104663462389,45.53374040307914,48.355826935386084,52
1722,13512,9449,422.6674538157754,1.0,1.0,26.772897040924242,0.9751077834749747,0.9811730629978277,0.9506696428571428,490.6550667000511,64.48141932641286,67.98761288427526,59
1721,13512,9449,367.0869876973043,1.0,1.0,35.11020522018533,0.9844440892866656,0.9725557461406518,0.9881231936416185,411.17867260606715,41.38752736314399,44.091684908762666,55
1734,13512,9449,411.58543488729674,1.0,1.0,24.700517860583506,0.9873309497901445,0.9909523809523809,0.9794679752066116,471.34717229518054,55.89260611182517,59.761737407883444,57
1727,13512,9449,416.09261849476195,0.9999394379844961,1.0,30.979246047770065,0.9203375647341164,0.9356644640234949,0.8391033496732027,480.3694722679369,61.165280659761876,64.2768537731746,59
1724,13512,9449,583.13961016729,1.0,1.0,25.680265395071256,0.9667621312881252,0.9743649589605944,0.9361111111111111,661.666236259505,76.53993913832196,78.52662609221461,78
1760,13672,9562,411.79083361932464,0.9998937074829932,1.0,32.912944545461,0.8820067038203699,0.8940929142542046,0.7577604166666667,460.4728150145594,46.77297209285184,48.681981395234544,55
1744,13672,9562,362.17778383628576,1.0,1.0,31.71223045260695,0.9725506322607176,0.983357452966715,0.9397903094462541,409.53355146796633,45.53365144752063,47.355767631680436,50
1753,13672,9562,691.1834554267734,0.9999112215909091,1.0,26.807915277371286,0.9769133033119136,0.9790086924357314,0.9565284653465347,775.6447723362531,72.69197536421912,84.46131690947949,91
1741,13672,9562,441.2773571857695,0.9997603527607362,1.0,32.58358179920164,0.9815641248656429,0.9828739296206013,0.9762419871794872,505.3459841159996,60.852940395344746,64.06862693022981,61
1749,13672,9562,599.0218611611984,1.0,1.0,20.35547480045955,0.9793715445014016,0.9847578622419448,0.9640226910828026,685.7225709345829,82.0510646600757,86.70070977338383,80
1752,13672,9562,419.5854348872966,1.0,1.0,26.514765283266968,0.9946813020101287,0.9959076667306094,0.9898144197952219,485.74375030643824,67.7374731287119,66.15831541914127,58
1742,13672,9562,358.8114936603449,1.0,1.0,29.584527048154886,0.9764085432228519,0.9699646643109541,0.971412037037037,401.4204601327478,35.413449708603906,42.608966472402585,52
1750,13672,9562,399.3537453167907,1.0,1.0,26.014073186272277,0.9583200056864628,0.9523440955329501,0.9285714285714286,460.13128837448227,58.16631458653703,60.77754305769135,55
1757,13672,9562,452.45083428186183,0.999937749003984,1.0,27.299063385195037,0.8705897674156671,0.9026028277634961,0.6799053784860558,521.4657626110732,69.02239249381641,69.01492832921093,66
1756,13672,9562,503.99623235135255,1.0,1.0,13.8741796037087,0.9814111359121904,0.9887302336558886,0.9587872706422018,567.435206340661,62.15846098396211,63.43897398930807,71
1754,13672,9562,710.4533186662752,1.0,1.0,21.992350626397364,0.9479160604399138,0.9848295638499607,0.8860614119922631,803.5915203002231,89.45730245092193,93.13820163394797,98
1747,13672,9562,640.9492814718544,1.0,1.0,38.57368354046501,0.9463460014644078,0.9471309879267817,0.9174728260869566,719.6227562557858,69.26021217589647,78.67347478393101,89
1759,13672,9562,602.7375899137365,1.0,1.0,25.463627389781596,0.9600644312177109,0.9927719891110486,0.9037961893764435,697.1366559570432,89.09859906495912,94.39906604330612,85
1758,13672,9562,345.86722175034583,1.0,1.0,34.937901819588525,0.925214418845657,0.946378767431399,0.8299153645833334,402.77533088658356,53.862163704356504,56.908109136237655,52
1745,13672,9562,768.8928913532217,1.0,1.0,15.168876765019203,0.9278235410877331,0.9626865671641791,0.8390695382882883,875.633889179048,96.36149673873895,106.74099782582604,106
1748,13672,9562,376.5034159588178,1.0,1.0,35.94344267715054,0.9742549786910439,0.9626127116780294,0.9715909090909091,426.95440361720387,47.17648148757881,50.450987658385884,52
1746,13672,9562,705.5353375947537,1.0,1.0,10.861631813388993,0.9445573727691475,0.967517315456128,0.8481370192307692,809.9799400180342,106.4169036349208,104.4446024232805,100
1743,13672,9562,407.77327919831947,0.9999080882352941,1.0,41.78301658487136,0.9785980382104652,0.9715947649054775,0.9744921875,450.95676173883226,40.775223810768885,43.1834825405126,60
1751,13672,9562,489.32993886272544,1.0,1.0,31.81295847083812,0.9429224407932506,0.9304585048339236,0.9127528901734104,556.4801896278806,62.47537614773193,67.15025076515462,67
1755,13672,9562,468.76139636780164,1.0,1.0,24.359895624776968,0.9489067176587962,0.9672482837528604,0.8765919811320755,536.3078790358265,63.819724002036885,67.54648266802458,67
1778,13832,9674,634.986793112218,1.0,1.0,7.331553085720226,0.9973219361852802,0.9978886756238003,0.997319560669456,715.396260305896,77.86420079051658,80.40946719367778,84
1768,13832,9674,321.8672217503459,1.0,1.0,29.466344557828673,0.99321067137734,0.99868225992423,0.9880836575875487,365.9649438489348,41.39658314788334,44.09772209858889,46
1770,13832,9674,388.38947539440335,1.0,1.0,28.96118946751955,0.978269109812432,0.9758166037235805,0.9702320460704607,433.1592291648486,40.904630655667624,44.769753770445085,51
1767,13832,9674,560.547261218301,1.0,1.0,34.58702391811903,0.9577329927489462,0.9734203406016234,0.9229207677165354,633.6023218262249,67.58259091188529,73.05506060792354,78
1776,13832,9674,571.978718723377,1.0,1.0,33.915054035612336,0.9708291845288846,0.982348069158298,0.9497061482820977,634.7487199463318,54.405001834431204,62.77000122295412,76
1766,13832,9674,442.9906015538949,1.0,1.0,22.902300067234208,0.9604133167665545,0.9725812407680945,0.9006076388888888,497.8994673113495,53.1132986361815,54.908865757454336,61
1765,13832,9674,754.4319965966228,1.0,1.0,-2.324537480344353,0.9773502383409504,0.9943037378777893,0.9176809210526315,862.2451725887356,103.96976398816945,107.813175992113,97
1780,13832,9674,597.8672625433754,1.0,1.0,25.12344185928289,0.9278580162850291,0.9724137931034482,0.8259447674418605,676.1545612192158,70.93094801375989,78.28729867583992,81
1774,13832,9674,382.2040746747638,0.9999150815217391,1.0,16.488024942280386,0.9401387858947229,0.9724640758830608,0.8544714095744681,435.2687209235139,49.59696937312523,53.06464624875015,49
1779,13832,9674,544.8402688832357,1.0,1.0,19.253631251444737,0.9620901209389765,0.9798270893371758,0.9146316225165563,609.9652496543038,64.68747115660162,65.12498077106774,69
1777,13832,9674,338.75891198338905,1.0,1.0,33.9327815455397,0.9732362903260251,0.9697992991398534,0.9667078267477204,380.86016623910683,39.90188138357649,42.10125425571764,44
1763,13832,9674,355.23980475237624,1.0,1.0,33.62113981199754,0.9283312477448775,0.9621584589344725,0.8098665730337079,393.1087410725556,33.55340448026872,37.86893632017914,52
1773,13832,9674,326.785202821867,1.0,1.0,29.590049478339946,0.9278067257401356,0.916032725706904,0.8891941391941391,366.2783515723673,35.239723125750245,39.49314875050015,45
1772,13832,9674,332.4420570713594,1.0,1.0,31.09304334468139,0.9755726380542453,0.9751502757637727,0.96640625,373.54618648509785,37.65619412060753,41.10412941373836,43
1771,13832,9674,528.3067944372923,1.0,1.0,27.821184105483425,0.9833182413443535,0.9852514172466239,0.9722170857988166,606.4358052800077,74.44351626407189,78.12901084271464,72
1761,13832,9674,477.6793774393228,1.0,1.0,26.909749173518275,0.9686324135459596,0.9778921568627451,0.9415239726027397,538.854738384998,53.51304141851182,61.17536094567456,60
1764,13832,9674,375.00811518187027,1.0,1.0,19.841194900348885,0.9763320818243237,0.9885412643234196,0.9393203883495146,432.4746312718373,55.44977413495012,57.466516089966746,54
1769,13832,9674,642.0512984127215,0.9999549711815562,1.0,26.209847707912534,0.9416506343143769,0.9504261106074343,0.8762323943661972,724.951866350819,79.35085190714587,82.90056793809728,88
1762,13832,9674,384.7088146908458,1.0,1.0,20.923807477305413,0.9979482107943435,0.9999197174052665,0.9973254504504504,442.8267603631135,54.92691850840124,58.11794567226747,49
1775,13832,9674,439.7908336193246,0.9999585543766578,1.0,42.06057113643129,0.9455490119731335,0.9323549257759784,0.9260275900900901,498.9626089138736,52.007662941823156,59.171775294548766,62
1793,13992,9787,428.06632765628393,1.0,1.0,26.263181467782402,0.9423088476359672,0.9387427442262566,0.9128264925373134,494.2494216767718,64.77464103073169,66.1830940204878,63
1794,13992,9787,225.80586286288735,1.0,1.0,36.97476774408765,0.9392305184844301,0.9509440726577438,0.8872310450819673,254.52376770750075,25.826857266920058,28.717904844613358,37
1792,13992,9787,365.7231819057764,1.0,1.0,31.75093847312676,0.9736791091390784,0.9739822665199663,0.9615762578616353,419.09352636545583,53.055516689518804,53.370344459679174,49
1791,13992,9787,572.6699382001884,1.0,1.0,18.325953642164635,0.9905665306778674,0.985273390036452,0.991852310231023,659.349510757624,85.01935883615295,86.67957255743529,78
1788,13992,9787,321.18093024933063,1.0,1.0,27.96838840101989,0.9773659070554285,0.9788298163880516,0.9770833333333333,372.54868622884294,48.55163396926847,51.36775597951228,43
1797,13992,9787,214.77642561136452,1.0,1.0,36.15673698140336,0.965478420373264,0.9681737467559076,0.9416781135531136,246.90268571690117,30.189390158304825,32.12626010553654,31
1800,13992,9787,275.4452034844043,1.0,1.0,25.469753656960446,0.9753492047459763,0.9987992980511684,0.9438864087301587,318.91763439185877,38.95864636118144,43.472430907454275,38
1789,13992,9787,483.1045421183092,1.0,1.0,22.266592729371972,0.9730786804349812,0.9694864797816919,0.9558919270833334,551.174413104242,65.35480647889838,68.06987098593231,68
1786,13992,9787,433.6092413413619,1.0,1.0,34.88894639857954,0.9381074076740337,0.9553491294202118,0.876412429378531,488.5535905259532,53.91652377688658,54.94434918459102,64
1787,13992,9787,456.12768654374236,1.0,1.0,37.407996005307304,0.9450375749387824,0.9309666345711056,0.9241314713896458,529.3543039150833,70.0899260570111,73.22661737134075,68
1799,13992,9787,467.8171244578025,1.0,1.0,36.63407700687704,0.964386922692838,0.9425073997892941,0.964454816017316,523.8208065996447,52.50552321276284,56.00368214184189,66
1782,13992,9787,262.7238439344085,0.9997775800711743,1.0,38.38055080503914,0.9620939363884625,0.9770251241384421,0.953125,301.6542374419543,35.14559026131856,38.9303935075457,43
1781,13992,9787,437.01059956628313,1.0,1.0,36.687996960559516,0.9009775230338639,0.9271216703713151,0.7844344429347826,490.203300243951,46.039051016501595,53.192700677667744,59
1796,13992,9787,351.7557655703442,1.0,1.0,27.86549651076874,0.9652850260939382,0.9541194420226679,0.9538690476190477,398.23566873092585,42.71985474087246,46.47990316058161,52
1790,13992,9787,592.0751048667868,1.0,1.0,31.944530173575483,0.9630066127756732,0.9640658193209232,0.9369791666666667,675.8305262550505,79.88313208239548,83.75542138826367,83
1785,13992,9787,288.2103675008535,1.0,1.0,31.186084791028698,0.8726259753382108,0.8692127269018968,0.7650862068965517,331.94331431128285,40.84942021564392,43.732946810429276,42
1783,13992,9787,480.5822884742517,0.9998660714285714,1.0,32.85791433531085,0.933638756880577,0.9469218830832902,0.8867469879518072,537.1714970866392,51.88381291858086,56.589208612387225,64
1798,13992,9787,271.20473670339584,1.0,1.0,35.436413408758476,0.9360097467617665,0.9072790294627383,0.9221906565656566,303.65538287921913,30.675969263734835,32.45064617582321,44
1795,13992,9787,440.42454344338387,1.0,1.0,22.583171945125624,0.9743076115095209,0.9899737115607996,0.9378524436090225,504.29286694250635,59.0524852486832,63.868323499122134,61
1784,13992,9787,322.07262048237374,1.0,1.0,29.730935693609783,0.9862748599253899,0.9803130229353283,0.9876760563380281,363.13494374095325,37.59348488786903,41.06232325857935,44
1819,14152,9900,262.2429511654213,1.0,1.0,29.026284106410035,0.9071789274058393,0.9248551106427819,0.8015018203883495,301.63269816840733,37.334620504479005,39.38974700298598,43
1814,14152,9900,516.2542127603364,1.0,1.0,28.30195603942226,0.9262326749408413,0.9862358736598088,0.8246568341121495,573.0800324015023,52.98872946174793,56.82581964116528,68
1805,14152,9900,903.5290855616942,1.0,1.0,-0.9509014166483712,0.9252792301412218,0.9564759087354211,0.8042652027027027,1035.5766626663742,125.32136565702018,132.0475771046802,126
1815,14152,9900,378.8465617093255,1.0,1.0,33.100423738566896,0.9723256859376757,0.9735851686646223,0.9589747536945813,440.6513879248653,58.957239323309366,61.80482621553958,53
1806,14152,9900,381.4389106583145,1.0,1.0,30.52893879444659,0.99460998164025,0.9916594765602531,0.9945549242424242,426.025051546919,43.62921133290636,44.586140888604255,51
1811,14152,9900,453.242289136789,1.0,1.0,34.14032762697641,0.8865617448730438,0.8924764890282132,0.7822516025641025,521.113312807087,65.0565355054466,67.8710236702977,64
1804,14152,9900,280.40698902237887,1.0,1.0,33.82211617750769,0.9763791457705187,0.9772643661246413,0.9594328703703704,323.7153024501994,42.46247014173061,43.30831342782041,43
1816,14152,9900,458.444541455772,1.0,1.0,18.714202275406905,0.9861516845414388,0.9855023218937592,0.9801462155963303,528.2902964967153,70.26863256141455,69.845755040943,61
1820,14152,9900,501.27735718576946,1.0,1.0,19.965900972580343,0.9898046540586816,0.9872672595815472,0.9842645759717314,561.5292850838758,54.377891847159,60.251927898106,68
1808,14152,9900,383.0957649078068,1.0,1.0,30.174260522473343,0.9230048540944813,0.9316643486323598,0.8474130036630036,439.57677615655575,53.971516873122994,56.481011248748665,53
1818,14152,9900,292.61238775440677,1.0,1.0,33.852681237973286,0.9681569284874768,0.9834267912772585,0.9437610815602837,331.2456679343631,39.19992026993423,38.63328017995614,41
1807,14152,9900,443.86970613475853,1.0,1.0,35.90584242880297,0.9859511230440557,0.9928044719314938,0.9776785714285714,500.61774694560427,54.372061216268,56.748040810845346,60
1809,14152,9900,517.5265603842508,1.0,1.0,24.22284011335714,0.9113810539324658,0.9179296286448639,0.8373880293159609,589.0292214120925,67.50399154176192,71.50266102784127,73
1817,14152,9900,427.2660955908543,1.0,1.0,34.28698693530961,0.9451328888221885,0.9377678316350824,0.9157247340425532,483.50887484149797,52.864168875965305,56.24277925064352,62
1802,14152,9900,778.0512984127218,0.999805900621118,1.0,14.023873761752734,0.944488070464748,0.948386603456186,0.9043022853185596,885.2207036829243,106.00410790530363,107.16940527020249,112
1803,14152,9900,1103.0706751895082,1.0,1.0,-20.394838739996654,0.973057099545225,0.9677246071892206,0.9590856481481481,1266.3896366141398,158.72844213694918,163.318961424633,145
1801,14152,9900,334.3568917298357,1.0,1.0,29.494552887924108,0.9552562219873049,0.9430453578535648,0.9382735148514851,375.9912776641821,39.20157890151942,41.634385934346284,48
1810,14152,9900,402.58858130034156,1.0,1.0,28.940955170571435,0.9897204397027238,0.9917695473251029,0.9870756172839507,464.1124695289217,57.785832342869725,61.52388822857981,56
1813,14152,9900,459.53285321034065,1.0,1.0,33.54250812888223,0.9669445920690956,0.9507248037586661,0.9600694444444444,521.5686234862711,57.05365541389547,62.03577027593029,67
1812,14152,9900,257.11957136187215,1.0,1.0,37.98890812965643,0.933190274385864,0.9262316561844863,0.890625,299.45096669969064,38.74709300672765,42.33139533781842,42
1824,14312,10012,553.3299388627257,1.0,1.0,29.43590235149641,0.9401392712992628,0.9723286504895701,0.8601851851851852,623.9519314083157,67.68298881838476,70.62199254558983,77
1831,14312,10012,305.35126093237807,1.0,1.0,39.95321963957493,0.954452021526685,0.9420244600572469,0.9419384057971014,345.29715157325273,36.66883596131204,39.94589064087467,45
1832,14312,10012,516.2717263883119,1.0,1.0,26.299278471734965,0.9387444630019605,0.943621867881549,0.8879409509202454,588.1636167103051,68.08783548298909,71.89189032199272,74
1834,14312,10012,515.6467937747551,1.0,1.0,25.197363523783377,0.9538691089858703,0.9833769052434272,0.9012842465753425,594.820361683982,76.01035186383996,79.17356790922662,75
1833,14312,10012,425.18970745983313,1.0,1.0,25.208375568760655,0.9787597409724509,0.9908783983889119,0.9595905172413793,490.8675496095068,64.01676322451036,65.67784214967355,62
1829,14312,10012,430.86407533730085,1.0,1.0,37.519409676787646,0.9440467225597002,0.9523953518510518,0.9045454545454545,494.6125109778493,61.872653460822164,63.74843564054814,62
1840,14312,10012,303.31867726781024,1.0,1.0,27.9406480007884,0.9964029800627202,0.9944284520382579,0.9975665983606558,346.212950697063,41.09141014387875,42.894273429252515,43
1830,14312,10012,421.4389106583144,1.0,1.0,32.8118437680349,0.9900913327120224,0.9822338946392708,0.9943210341365462,471.9490700340226,45.76523906356189,50.51015937570792,56
1822,14312,10012,509.9636486867848,1.0,1.0,17.255040442463553,0.9770088849944838,0.9850738312276773,0.950168918918919,575.449427759293,60.72866860876162,65.48577907250775,68
1825,14312,10012,408.2892400162874,1.0,1.0,32.82351857855518,0.9422816886677574,0.9817169276032364,0.8725132625994695,463.58059564634306,54.4370334450832,55.29135563005545,59
1826,14312,10012,880.5259391486492,1.0,1.0,-5.8572450152095605,0.9867121805012073,0.9859183262924964,0.9789426523297491,1020.2748879852888,137.62342325495956,139.7489488366399,118
1837,14312,10012,280.4332798608569,1.0,1.0,37.32435130707432,0.9659747895416686,0.9830765497998302,0.93498322147651,319.79668102229465,38.795101742156504,39.36340116143765,42
1821,14312,10012,536.5559976357738,0.9998497596153846,1.0,26.381304667077067,0.9555593440889023,0.9504477611940298,0.937548828125,611.7875795203153,73.84737282681199,75.23158188454133,77
1835,14312,10012,321.86722175034583,1.0,1.0,35.53477843447939,0.9901866878716136,0.9902200488997555,0.98851246105919,366.14446891929754,40.16587075342732,44.27724716895153,46
1836,14312,10012,415.01689239237294,0.9997751798561151,1.0,29.39153900749763,0.9854051851693006,0.9800662294656192,0.9859280873493976,473.93117458971557,54.62142329601379,58.91428219734253,59
1838,14312,10012,561.7319591162789,1.0,1.0,35.33692526066079,0.9944348018544835,0.9925364362952516,0.9961002495840267,630.4467184100728,65.57213894069015,68.71475929379346,77
1823,14312,10012,495.3362316888152,1.0,1.0,37.500595936263814,0.959772766955177,0.9488328470195915,0.9447815533980582,554.6658301810695,52.244397738380826,59.329598492253886,72
1827,14312,10012,559.0782512798315,0.9999564763231198,1.0,37.24052160822185,0.9284439382843588,0.9787079787842943,0.8458059210526315,637.7580955587729,77.51976641841166,78.6798442789411,82
1828,14312,10012,321.8935125888238,1.0,1.0,32.7336299421524,0.9876230923601064,0.9944910479529235,0.9786669741697417,365.42506931265825,42.04733508575146,43.531556723834306,43
1839,14312,10012,521.5002695457729,1.0,1.0,34.01544873666179,0.9213422987419315,0.9240411229735073,0.8730718085106383,602.6015221488955,81.15187890468339,81.10125260312228,76
1846,14472,10125,226.67126225745255,1.0,1.0,28.649952755933967,0.9386286897853382,0.9337322092285377,0.8934859154929577,265.1992075179597,36.79191789076056,38.52794526050703,34
1858,14472,10125,374.9906015538949,1.0,1.0,38.68477342778198,0.9431329440054964,0.94,0.9083505306603774,421.01125354258545,42.78097798303543,46.020651988690275,53
1847,14472,10125,176.12271777491702,0.9997944078947368,1.0,25.754296949697707,0.9874234031735839,0.9894784307831054,0.9924879807692307,206.43947074032053,30.475129448105164,30.31675296540344,24
1856,14472,10125,342.0726204823738,1.0,1.0,31.406365380712828,0.9540114909271278,0.9492870427774334,0.9358190709046454,390.97234229569176,45.59958271997674,48.899721813317825,46
1851,14472,10125,424.4683479098373,1.0,1.0,31.299597821828307,0.9778554963204714,0.9619851596945909,0.9829184322033898,472.0984296894568,43.695122669428784,47.63008177961917,58
1845,14472,10125,362.837784498823,1.0,1.0,27.439578211959486,0.9846987283603374,0.9771386430678466,0.989015507518797,416.83907893122887,53.25194164860868,54.001294432405786,50
1841,14472,10125,687.2447735212022,1.0,1.0,26.486542507089162,0.94793988739375,0.9550274223034735,0.9085102201257862,778.3249250478643,87.8702272899931,91.08015152666208,93
1857,14472,10125,462.61487213881946,1.0,1.0,29.571242893816326,0.9852021769441822,0.9836812144212523,0.9826648009950248,517.8963149892614,49.92216427566242,55.28144285044159,65
1848,14472,10125,504.55599763577374,1.0,1.0,24.060406496990055,0.9262423216628949,0.9890584824115105,0.8244672391857506,573.1675037900945,67.66725923148083,68.61150615432054,69
1860,14472,10125,424.93172705084925,1.0,1.0,28.13748570902429,0.980147618166492,0.969504127024132,0.983734631147541,484.28702091367603,56.03294079423994,59.355293862826606,57
1850,14472,10125,468.45083428186183,1.0,1.0,23.154926871656887,0.9610212417603972,0.9740776594600409,0.9181827910958904,538.7263106986511,67.16321462518341,70.27547641678898,67
1853,14472,10125,426.18656104678826,1.0,1.0,21.382861755334638,0.9878875118491731,0.9964781437746012,0.9814302884615385,489.3894635275491,62.55435372114113,63.202902480760756,57
1843,14472,10125,415.55914404881867,1.0,1.0,35.76881976250279,0.9788939591947496,0.9648772130211308,0.9823015402843602,464.6742025096327,43.672587691220926,49.11505846081391,57
1855,14472,10125,274.1164249488273,1.0,1.0,32.72672885897971,0.9933086575043045,0.9968454258675079,0.9989346590909091,312.5575253530989,35.911650606407385,38.44110040427159,38
1844,14472,10125,325.403842609334,1.0,1.0,29.61918104092148,0.9897850325236255,0.9892251624148313,0.993187881097561,370.7864917323533,42.5739736845287,45.38264912301914,45
1854,14472,10125,438.66745381577545,1.0,1.0,18.478498030738027,0.941336706897783,0.9481697440881114,0.8734529702970297,496.83951537915937,55.75809234507522,58.172061563383494,61
1842,14472,10125,665.6755689976465,1.0,1.0,26.508676331550014,0.9817931684840671,0.9775588158694332,0.976919731610338,767.4062419210063,94.84600938504029,101.73067292336022,93
1849,14472,10125,477.8759989608484,0.9999091569767442,1.0,33.018192215235295,0.9763126538499619,0.9724655819774718,0.972827743902439,531.9869322981708,50.41640000598341,54.11093333732227,64
1852,14472,10125,273.60924134136206,1.0,1.0,29.947085051175492,0.939852813994093,0.9438357158406502,0.8965097402597403,313.6649307940954,36.833534179099956,40.05568945273331,39
1859,14472,10125,360.4332798608569,1.0,1.0,34.01050432206961,0.9087526013948242,0.9201854231687168,0.8204210069444444,408.6348624597896,44.552373898398955,48.20158259893263,56
1871,14632,10238,687.4238814147521,1.0,1.0,16.69100522295684,0.9793020220871981,0.9832209737827715,0.9584835737179487,793.598244174626,101.5115441398111,106.1743627598741,97
1876,14632,10238,353.556659664406,1.0,1.0,32.22021402405693,0.9521815698677403,0.9649390243902439,0.9118341924398625,394.9670014215406,39.61551263570191,41.41034175713459,49
1877,14632,10238,351.97867793034754,0.9999401340996169,1.0,32.58764332637455,0.9650459673768339,0.9725277992507582,0.9447584219858156,399.34729129413626,43.30292004568292,47.368613363788604,52
1879,14632,10238,334.75013477288644,1.0,1.0,35.82646339958631,0.864564047517848,0.8726866853892129,0.725034594095941,372.7886630259738,30.807792379630847,38.03852825308723,53
1875,14632,10238,382.82027087084754,1.0,1.0,21.884239191586126,0.9837319799146915,0.9821349147516679,0.9777151639344263,431.40646454752533,45.12929051501647,48.58619367667764,49
1878,14632,10238,385.91980342730176,1.0,1.0,29.730400730357164,0.9081390615459285,0.9664912280701754,0.7974402454780362,437.6862437981564,46.899660556281695,51.766440370854475,53
1874,14632,10238,263.6944066828857,0.9999423431734318,1.0,37.71462801011795,0.909869117709348,0.8965902410346854,0.8628036833855799,304.97080345101574,39.4145951521951,41.27639676813005,43
1872,14632,10238,497.0719584537417,1.0,1.0,12.437430222971564,0.9847405545079965,0.9905952074207679,0.9710181451612904,559.0006003034229,61.392962774521486,61.92864184968097,64
1868,14632,10238,408.90543621237117,1.0,1.0,30.502052361603553,0.9630442587636269,0.961442220200182,0.9434728593272171,459.11571447240766,46.0654173900545,50.21027826003631,55
1873,14632,10238,476.10139570526445,1.0,1.0,29.535448988499702,0.9788580187775437,0.9786165199608785,0.9612972861842105,535.5626329581985,56.94185587940066,59.46123725293374,62
1870,14632,10238,777.7018598361241,1.0,1.0,6.51355335862645,0.969119169406893,0.9742950481430537,0.9367351398601399,881.030857229719,97.99349609039164,103.32899739359456,105
1867,14632,10238,461.7231819057763,1.0,1.0,30.113038524152305,0.9457701618751185,0.981629116117851,0.8679093070652174,521.910485549047,54.28095546490563,60.187303643270425,67
1869,14632,10238,406.3306008913577,1.0,1.0,34.47578831363366,0.9748963567957241,0.966537315111636,0.9821488575268817,461.5747727883132,52.86625784543294,55.24417189695532,60
1880,14632,10238,417.62679576236695,1.0,1.0,28.472172445552662,0.932386984229261,0.9388011896591169,0.8543179460580913,473.25395312922217,47.44073605028233,55.62715736685491,57
1862,14632,10238,464.96679509982954,1.0,1.0,39.8161312245224,0.9288256761785856,0.9154169854628921,0.9002242152466368,532.5037481495773,63.05542957462076,67.53695304974718,64
1863,14632,10238,457.5265603842509,1.0,1.0,25.806656506461724,0.9894176655020267,0.9896727709396578,0.9835097719869706,522.7611087998383,60.35182262338058,65.23454841558707,64
1861,14632,10238,251.26609559085438,1.0,1.0,27.081068280046537,0.9900629432738225,0.980557113479155,0.9941023284313726,287.9681255837715,37.803044989375664,36.70202999291712,32
1864,14632,10238,501.90228979932624,1.0,1.0,34.271897302798195,0.8716341370914108,0.9746333253185862,0.7179138795986622,557.7988044455518,49.34477196933785,55.896514646225235,67
1865,14632,10238,264.4069890223789,1.0,1.0,29.596296289612635,0.9556304408873912,0.9772530953066513,0.9056515957446809,300.0260206565206,33.17854745121233,35.61903163414154,38
1866,14632,10238,450.3306008913576,1.0,1.0,24.507304459191346,0.9710610214597641,0.9707716289945441,0.9538352272727273,504.27811187874505,52.42126648108076,53.947510987387155,60
1883,14792,10351,433.42139703033894,1.0,1.0,34.543558421562146,0.9690547623350804,0.982874907787965,0.9449209427207638,492.1366755775864,57.32291782087073,58.715278547247166,60
1884,14792,10351,603.3625225272937,1.0,1.0,27.811862618275214,0.961661454236139,0.9700710179235712,0.9211876832844574,679.5096871398548,72.97074691884184,76.14716461256124,84
1898,14792,10351,403.5591440488187,1.0,1.0,29.713235378207926,0.9797226733504693,0.9871988372743027,0.9573523116438356,462.71964040028615,57.24074452720097,59.1604963514673,55
1900,14792,10351,289.54788245390347,1.0,1.0,37.182188753086535,0.944652947625875,0.9734580384226491,0.8669900722021661,326.7539347893252,34.80907850313248,37.206052335421646,44
1887,14792,10351,327.55036683831617,1.0,1.0,32.01774004490668,0.8657044138239608,0.8529841133533705,0.7894405241935484,369.27173089439646,35.582046084120016,41.72136405608001,46
1882,14792,10351,515.8171244578025,1.0,1.0,26.864211410170533,0.9801203048914319,0.9817458211727249,0.9733963815789474,585.0973348566263,64.92031559823515,69.28021039882343,72
1894,14792,10351,438.16027020831024,1.0,1.0,31.375829338178672,0.9570512676646392,0.9586776859504132,0.9292100694444444,499.22700929881853,59.350108635762105,61.066739090508065,58
1896,14792,10351,381.1546394108526,1.0,1.0,26.220146793554015,0.972619819460376,0.9775080328454123,0.9475951646090535,431.4861467870066,45.49726106423074,50.33150737615383,54
1888,14792,10351,376.140272195922,1.0,1.0,30.8762360550236,0.9938313029114185,0.9920374115267947,0.9935689786585366,430.27169150671943,49.697128966195805,54.131419310797185,55
1897,14792,10351,455.56792125932117,0.9998372395833334,1.0,39.73234555130935,0.9694689928965823,0.957074491226374,0.9739163306451613,516.0586776306635,54.73613455701296,60.490756371341966,63
1881,14792,10351,1407.5954132179788,0.5710541930379747,0.0,-74.30289260161368,0.5891342841405235,0.6783139929534214,0.44799440298507465,1679.658978400012,280.59534777305146,272.0635651820346,200
1886,14792,10351,522.1953382572906,1.0,1.0,21.52198183101511,0.912778598218029,0.9272627936623565,0.8023970883534136,594.9520945747262,67.88513447615254,72.75675631743505,73
1893,14792,10351,219.0081151818705,0.9999348958333333,1.0,36.488492274045804,0.8825957296710445,0.9253463990306096,0.7414772727272727,250.67698555075106,30.25330555332079,31.668870368880516,33
1891,14792,10351,1422.5109506981155,1.0,1.0,-31.31880101783555,0.9915343365750419,0.9938837920489296,0.9825634057971014,1630.3255698337553,194.72192870346046,207.81461913564058,193
1895,14792,10351,312.2366583393314,1.0,1.0,34.12044341338387,0.9865055043337585,0.9726716405398609,0.9913366336633663,350.6811944181163,36.66680411817708,38.4445360787847,42
1889,14792,10351,416.73510552932373,1.0,1.0,32.33734049878319,0.9833644964811055,0.9747105765988535,0.9854464285714286,476.93347330979157,58.04755167070128,60.198367780467514,62
1890,14792,10351,375.2135139138984,1.0,1.0,40.535987970462166,0.9870765797873988,0.9880573811038089,0.9883792562724014,415.72329956937966,37.51467848322183,40.50978565548122,53
1885,14792,10351,368.7526191572992,0.9998539719626168,1.0,41.237806739374044,0.9539352926101141,0.9585330559826354,0.9232083333333333,424.6709631377574,50.87751597068693,55.91834398045797,55
1892,14792,10351,550.3180152391782,1.0,1.0,25.868233240354815,0.9941293362856981,0.9973507485675559,0.9887925392670157,613.7537081543229,58.40353937271701,63.435692915144706,73
1899,14792,10351,399.32745447831275,0.9999472128378378,1.0,32.54773027239845,0.9721151476932458,0.9909814323607427,0.9330357142857143,453.1045788674312,49.91568658367748,53.77712438911829,57
1917,14952,10464,393.6355321798399,1.0,1.0,31.474500931983968,0.9872365275624624,0.9822309970384995,0.9839272922636103,445.4289708947083,47.69015807230222,51.793438714868145,57
1918,14952,10464,358.17778383628564,1.0,1.0,39.189850049008214,0.9343172920600438,0.9268416674369165,0.8999399038461539,415.53140050619106,54.5304250048578,57.353616669905215,54
1903,14952,10464,481.73195911627886,1.0,1.0,22.450009608841427,0.9280248663784374,0.916884626562046,0.8817794421487604,556.6937714198275,74.94271845532252,74.96181230354837,73
1905,14952,10464,589.7407363267815,1.0,1.0,33.21633311817718,0.9805311857950542,0.9775916411208497,0.9757779811715481,681.4686520446489,89.59187357680094,91.72791571786726,87
1919,14952,10464,539.3888133657713,1.0,1.0,14.25689009188369,0.9903613322655109,0.9853737187607969,0.9892688679245283,610.9836011105065,68.39218161710212,71.59478774473477,71
1906,14952,10464,453.0105995662831,1.0,1.0,41.63002609575026,0.9786337284874954,0.9836229946524064,0.966139705882353,521.3996134357378,65.08352080418177,68.3890138694545,70
1911,14952,10464,592.9930859383078,1.0,1.0,18.546347679131973,0.9723806068475624,0.9820050280068804,0.9375,682.6989945532436,85.05886292240314,89.70590861493551,87
1909,14952,10464,811.2535507317048,1.0,1.0,8.149047107334034,0.9690180004293119,0.9728385760030137,0.9403831845238095,930.4038501536235,117.22544913287773,119.15029942191852,112
1913,14952,10464,342.0989113208518,0.99975,1.0,27.85333891944262,0.9920113743300193,0.9912587412587412,0.9981343283582089,392.9273463211761,50.742652500486315,50.828435000324205,44
1916,14952,10464,491.84341529628045,1.0,1.0,28.889061995423802,0.9726605912424983,0.9911519129315001,0.9250193498452013,560.0500635570903,64.80997239121422,68.20664826080949,69
1907,14952,10464,386.38318256831366,1.0,1.0,29.614521773931333,0.9928353284736618,0.9957737975447776,0.9950783639143731,437.191383230002,49.9623009925323,50.80820066168818,52
1904,14952,10464,430.3306008913577,1.0,1.0,41.943667461812225,0.9741357128562218,0.9667994001137715,0.9669172465208747,482.7890315787463,47.18764603108271,52.45843068738847,63
1920,14952,10464,399.3011636398348,1.0,1.0,31.508332591800325,0.9871815654457475,0.9908825674690007,0.9780321782178217,448.89472498280793,45.89034201445918,49.593561342972784,54
1901,14952,10464,341.1546394108526,1.0,1.0,31.595383574165684,0.9936761245803458,0.9974965577669296,0.9940450174825175,393.98643055528436,49.247686716647486,52.831791144431634,51
1914,14952,10464,455.49397671968313,1.0,1.0,18.253796225166013,0.9281719064864109,0.9608018992350303,0.8085585585585585,532.1858462037956,76.78780422616828,76.69186948411219,62
1908,14952,10464,268.3806981839009,1.0,1.0,30.323325644063924,0.9341012084592145,0.9575584484590861,0.8599563953488372,309.3028051788484,41.883160492421084,40.92210699494737,43
1915,14952,10464,390.57980408983906,1.0,1.0,38.58793108889177,0.9817628528720295,0.9626283684657555,0.9852837711069419,432.8244316099898,36.366941280225966,42.244627520150644,56
1910,14952,10464,328.9843087278052,1.0,1.0,31.019138751825487,0.9886005235925872,0.993322203672788,0.9803090148698885,376.03087416434073,46.56984815480318,47.04656543653546,45
1902,14952,10464,514.2391427237441,1.0,1.0,24.55709469173129,0.9944479913366036,0.9963898916967509,0.9892828525641025,585.0285339645574,69.43408686121943,70.78939124081299,69
1912,14952,10464,473.5528512227288,1.0,1.0,28.47417335441584,0.988384996670859,0.9888053275159309,0.9817154255319149,533.8192031035401,56.649527821216225,60.26635188081082,63
1925,15112,10577,519.5942120977991,1.0,1.0,20.114809794466037,0.9898229728398447,0.9959487810171453,0.9855324074074074,597.632297482092,73.55712807643872,78.03808538429249,73
1939,15112,10577,384.54722042527123,1.0,1.0,35.08069075665286,0.9710430399958216,0.9844448121793811,0.9431281486146096,440.495662732264,52.422663460488785,55.94844230699251,53
1922,15112,10577,407.0081151818704,1.0,1.0,33.604947955830426,0.8122142179972527,0.9294378353160718,0.5666212729357798,449.6141488357456,40.65905048081259,42.606033653875045,60
1934,15112,10577,391.3274544783128,1.0,1.0,26.73738138029849,0.9878413932575445,0.9856013130408833,0.9803261861313869,439.6797817861921,44.77849096181864,48.35232730787908,53
1933,15112,10577,269.22473471578405,1.0,1.0,33.4330207687591,0.9890588854360062,0.996341260602029,0.9787388392857143,313.5398999579189,41.7227478632023,44.315165242134874,40
1921,15112,10577,448.04881402830836,1.0,1.0,39.99937372331944,0.980563947633434,0.9798847390003325,0.9798450630252101,509.29006171721176,59.61187153335443,61.24124768890297,63
1928,15112,10577,410.87285254780346,1.0,1.0,29.640597299969226,0.9766949152542375,0.9772857142857143,0.9638113079019074,467.54207158758925,52.75382855967843,56.66921903978561,59
1930,15112,10577,341.38632898135853,1.0,1.0,36.59463736697288,0.9221244983348987,0.9392181240502832,0.8523964185393258,394.6715672897244,49.177857462548495,53.285238308365656,49
1932,15112,10577,379.9523870918695,1.0,1.0,28.504138196512237,0.992543425262837,0.9924645390070922,0.9935483870967742,429.47668433967516,46.53644587170842,49.524297247805606,52
1936,15112,10577,503.79961082982726,1.0,1.0,24.25039708039127,0.9864808155943751,0.982096657352789,0.9847482935153583,571.3033551008365,62.25561640651369,67.5037442710091,67
1931,15112,10577,308.3806981839009,0.9998798076923077,1.0,36.233271855015985,0.9451142047423176,0.9358071829137334,0.9180757705479452,346.61727612619615,35.604866913442706,38.23657794229513,45
1938,15112,10577,364.0400368178061,1.0,1.0,27.985253134279496,0.9896868471915817,0.9871077762619372,0.9931569343065694,419.05822598056034,54.77728374413123,55.018189162754155,51
1926,15112,10577,323.7557655703441,1.0,1.0,26.25826848704493,0.9841966637401229,0.9907016060862215,0.9719518442622951,376.4649687234101,51.31380472959885,52.70920315306591,45
1937,15112,10577,392.75261915729914,0.9998961794019934,1.0,35.39292894576556,0.9936887373600403,0.9906087651525243,0.9963390700483091,447.75358073871894,51.751442372129375,55.00096158141959,57
1923,15112,10577,389.90228979932635,1.0,1.0,38.67157429664982,0.9773546821073257,0.9715743787857108,0.9756267409470752,448.00449899553854,54.90331379431781,58.10220919621189,58
1929,15112,10577,357.20722108780853,1.0,1.0,30.81533238800299,0.9720481906174869,0.9669684538124205,0.9562101910828026,402.7455050177588,43.55742589492525,45.53828392995017,49
1927,15112,10577,538.9254342247594,1.0,1.0,10.854062201817946,0.9931394825523322,0.9923067221591626,0.9912935323383084,621.0653686418805,81.20990162568135,82.13993441712093,76
1940,15112,10577,330.57980408983906,1.0,1.0,36.560198405727114,0.9814140624024831,0.9765629989143624,0.9798018292682927,371.87976744384986,37.199945031016085,41.299963354010714,48
1935,15112,10577,381.91980342730176,1.0,1.0,40.98396850367921,0.9741103455179432,0.9661976977891468,0.9784715695488722,429.9757091024232,46.58385851268192,48.05590567512127,56
1924,15112,10577,491.3362316888152,1.0,1.0,28.52864078372771,0.9658745709164921,0.966792656587473,0.9441713483146067,571.2258352022923,75.58440527021499,79.88960351347664,74
1950,15272,10690,284.8615909528882,1.0,1.0,33.85348416171708,0.963572006940428,0.9611606856262438,0.9479166666666666,316.46063018672044,27.89855885074829,31.599039233832187,41
1951,15272,10690,412.11890933323997,1.0,1.0,18.02879405427218,0.9937913125590181,0.9928660049627791,0.990015243902439,479.15116609938707,64.54838514922046,67.03225676614697,58
1957,15272,10690,537.1070265027222,1.0,1.0,12.24521494089012,0.9931892803265595,0.9879951980792316,0.9965884279475983,618.9071364296291,81.45016489035983,81.80010992690654,71
1958,15272,10690,306.9818243433924,0.9998343639575972,1.0,37.87166478409435,0.9594329405825307,0.960452747852175,0.9390625,344.5266950673937,33.0673060860017,37.54487072400113,43
1955,15272,10690,276.4595706993349,1.0,1.0,29.027428753857663,0.9607130678143484,0.958904109589041,0.9311046511627907,310.7172483253742,31.88651643905897,34.2576776260393,40
1946,15272,10690,220.6123877544069,1.0,1.0,28.05335179855269,0.982031197696994,0.9786691398098771,0.9827777777777778,255.62063186831836,32.26236617086709,35.00824411391138,31
1945,15272,10690,442.8202708708475,1.0,1.0,36.66583098966266,0.9460850611237311,0.9692649509350121,0.8904166666666666,498.7195661008816,50.0989428450508,55.899295230033864,63
1949,15272,10690,375.5240759998382,1.0,1.0,32.35167369378973,0.9571725226347704,0.9844020797227037,0.9118806306306306,432.86736283484834,53.764930252515136,57.34328683501007,53
1952,15272,10690,780.9104049811973,1.0,1.0,7.596066638457066,0.9757587602151238,0.9902014580230462,0.9364423076923077,898.6405234621064,115.84517772136408,117.73011848090951,105
1953,15272,10690,535.2009690547484,1.0,1.0,21.451777909271865,0.9846444246774994,0.9895539711490632,0.971371644295302,617.8865573226182,83.52838240180394,82.68558826786924,70
1948,15272,10690,374.1252021593298,1.0,1.0,29.368803917335324,0.9672154713505986,0.9726165688686983,0.9491222993827161,419.22173861295744,42.14480468044131,45.09653645362752,52
1944,15272,10690,429.89351258882374,1.0,1.0,33.58112586789009,0.9788745854179549,0.9663090938493881,0.9831730769230769,484.86654869440395,49.45955415836979,54.97303610557986,62
1942,15272,10690,601.9461350588095,1.0,1.0,27.83263829856891,0.9364944487226015,0.9901924727228147,0.8504377431906615,680.6554698035426,71.56400211709934,78.7093347447329,82
1956,15272,10690,379.0957649078068,1.0,1.0,42.84732403533907,0.9298657348279059,0.9398615861904384,0.8711751302083334,434.1496541442522,48.080833854667794,55.05388923644518,56
1959,15272,10690,346.837784498823,1.0,1.0,24.016433243497264,0.8467810911327445,0.8764447416181106,0.6529238861386139,392.87502939436627,44.305867343314674,46.03724489554313,47
1941,15272,10690,519.7908336193245,1.0,1.0,15.924079772316441,0.9366262317242361,0.9624674842066147,0.8335835152838428,603.0468578364856,84.3840363257412,83.25602421716084,74
1954,15272,10690,647.1921918442462,1.0,1.0,23.14342479014138,0.9553349875930521,0.9741074931345626,0.8994513358778626,728.8495440028996,75.98602823797998,81.65735215865337,88
1947,15272,10690,951.3412004576414,1.0,1.0,2.689764959070606,0.9792804706231306,0.9812605447095686,0.9555093344155844,1074.4927825903553,120.22737319906987,123.15158213271333,129
1960,15272,10690,325.15463941085255,1.0,1.0,30.949932375508908,0.9819332251245659,0.9892264453961456,0.9706967213114754,372.08085489508335,44.88932322634588,46.92621548423058,45
1943,15272,10690,485.27735718576946,1.0,1.0,36.59320386673581,0.9533866163137076,0.9518099980846582,0.9245388040712468,560.0919742612592,69.4719256132343,74.8146170754896,71
1973,15432,10803,353.8409309118678,1.0,1.0,37.98256106821712,0.9290657049475938,0.9243731600852705,0.8885588842975206,396.5155751665906,37.01196638208379,42.67464425472252,54
1964,15432,10803,622.9692794842425,1.0,1.0,26.311060012185294,0.9864229182922751,0.9809955579978935,0.9872216599190283,706.5562939985842,79.6305217715115,83.58701451434108,83
1967,15432,10803,268.9229498403467,1.0,1.0,32.44312182615486,0.9893087988857211,0.9921652421652422,0.9903759057971014,310.6533694911998,41.59562947627938,41.730419650852916,39
1970,15432,10803,319.00811518187044,0.9997710622710623,1.0,34.682958319731696,0.944877974308085,0.9697465249386754,0.8920272435897436,370.60606559397024,50.39692561814959,51.597950412099706,49
1980,15432,10803,339.7031838933882,1.0,1.0,32.242198318286995,0.9902264328620145,0.9910371318822023,0.9847171532846716,389.4841869074083,46.17150452102987,49.7810030140199,49
1975,15432,10803,360.4595706993348,1.0,1.0,39.31467429050181,0.9608438645782383,0.9457374563196413,0.9598160885167464,403.212375222939,39.379206785406055,42.752804523604034,57
1972,15432,10803,581.8371224701908,1.0,1.0,20.604872601659086,0.9411528321302756,0.9811091120753519,0.8576061320754716,664.9297699863578,78.88897127425008,83.09264751616674,80
1963,15432,10803,315.21351391389845,1.0,1.0,26.404902771854378,0.9742202594534916,0.9806911818964457,0.9456313775510204,361.1633208116201,44.92471034658268,45.94980689772178,47
1979,15432,10803,473.9285806378044,1.0,1.0,29.56170001466171,0.9685078060438211,0.9732828442200484,0.9452136075949367,538.1040410557357,61.76319062689667,64.17546041793112,63
1961,15432,10803,461.68811385679584,1.0,1.0,24.774987879170865,0.9757576267195855,0.978707935189032,0.9644886363636364,524.176606836492,60.73273946954409,62.488492979696076,65
1965,15432,10803,356.2892400162874,1.0,1.0,32.32047158650192,0.9835899701756324,0.9810240727671921,0.9839397632311978,410.0166713901626,51.34114706081273,53.72743137387514,53
1966,15432,10803,576.9843087278053,1.0,1.0,22.457037495159664,0.9279645008375804,0.9398587508276318,0.8619337979094077,658.3518955613164,78.5513802502663,81.3675868335109,87
1978,15432,10803,608.5647748462765,1.0,1.0,19.030876699231044,0.9940846697748594,0.9970816141692663,0.9895112456747405,678.1363728123036,64.60739694904011,69.57159796602679,83
1976,15432,10803,407.0168923923729,1.0,1.0,30.41273959186694,0.9744207256847688,0.9804947361622425,0.9611202485380117,458.5878052398066,45.10636927115024,51.57091284743348,59
1974,15432,10803,282.99933797136794,1.0,1.0,25.93364347013997,0.8913369465092864,0.9168574401664933,0.7311087570621468,322.2255960906637,40.08938717894377,39.22625811929583,39
1971,15432,10803,246.75013477288664,1.0,1.0,29.44452864973664,0.9668039766189532,0.9890300230946882,0.9381325910931174,284.79211966872987,36.81297734376491,38.04198489584327,36
1968,15432,10803,493.0193767767855,0.9998483009708737,1.0,30.162284461000173,0.9427156411930596,0.959198065686077,0.8979264018691588,563.844491204642,64.98767164178453,70.82511442785639,68
1962,15432,10803,580.3330852757705,1.0,1.0,19.875480337515437,0.9491107883912077,0.9884444444444445,0.8688487787356322,664.0435765352372,85.81573688919946,83.71049125946632,78
1969,15432,10803,344.4069890223789,1.0,1.0,33.24480309112295,0.958615020650387,0.9959395925345491,0.9126948441247003,388.2251892517102,38.7273003439971,43.81820022933138,49
1977,15432,10803,563.039374789174,1.0,1.0,21.499473446627587,0.9853019677515312,0.9851366469554099,0.9795600453172205,653.6870003378295,87.97143832298339,90.64762554865565,79
1982,15592,10916,507.8697061347585,1.0,1.0,33.14601374370144,0.9945690110152035,0.9946276776606596,0.9929598384030418,582.2913930040028,72.632530303866,74.42168686924406,69
1991,15592,10916,374.2040746747638,1.0,1.0,21.030296351543587,0.9781851826101838,0.9778055642388246,0.9602864583333334,436.4041151494962,63.300060712098606,62.20004047473241,49
1989,15592,10916,518.212851885266,1.0,1.0,32.065204698723036,0.9717389250330697,0.9989651416122004,0.9353739200863931,596.1889519172058,74.964150047909,77.97610003193931,73
1994,15592,10916,734.8778213166291,1.0,1.0,19.049512913456496,0.9958425460636517,0.9917225708721056,0.9978567477876106,808.6895379008254,69.46757487629397,73.81171658419599,94
1995,15592,10916,432.29801722678985,1.0,1.0,21.13745436993198,0.9832603500154762,0.9725227883795659,0.9865885416666667,502.8420720165722,69.06608218467301,70.544054789782,58
1998,15592,10916,257.37755177085603,1.0,1.0,33.50419669980284,0.9713203463203463,0.9757050889025138,0.9501779359430605,294.61147989992867,34.850892193608736,37.23392812907248,38
1985,15592,10916,402.40947340679156,1.0,1.0,27.18769109500118,0.8696710942441491,0.8972939729397293,0.6967098577235772,467.6500521574004,62.61086812591266,65.24057875060845,59
1997,15592,10916,351.60294851527215,1.0,1.0,26.95407697123083,0.9771742857004891,0.991945202004186,0.947296626984127,411.7305465248229,60.19139701432594,60.127598009550645,51
1990,15592,10916,304.4595706993349,1.0,1.0,39.66209941861781,0.9573984663447884,0.9634816521893281,0.9382358033240997,339.9875912375989,33.0420308073959,35.528020538263924,46
1986,15592,10916,394.1076885313543,1.0,1.0,26.391069796356785,0.9898089109106343,0.9829162656400385,0.9893415178571429,465.88706906474295,73.91907080008272,71.7793805333885,52
1999,15592,10916,407.63801656425267,1.0,1.0,17.008422780831555,0.9767210713538398,0.9926581895246746,0.9373504784688995,469.75868582927586,60.931003897534474,62.12066926502301,51
1984,15592,10916,345.17215303882807,1.0,1.0,31.978850634110977,0.970921061655579,0.9712600035048776,0.9505507662835249,396.76281308003064,51.13599006180385,51.590660041202575,50
1988,15592,10916,480.47712512033985,1.0,1.0,25.17319312098076,0.9594336535394583,0.973171668404016,0.9303446261682243,547.2971010320498,61.97996386756457,66.81997591170973,72
1987,15592,10916,301.8672217503459,1.0,1.0,28.3511833213025,0.9841492413175377,0.9778445057620516,0.9876644736842105,346.6029610527084,43.10360895354364,44.73573930236242,38
1981,15592,10916,368.1577858238975,1.0,1.0,29.315999459223878,0.9558128117005605,0.9604283528811831,0.9144176136363636,411.26772478145034,38.41490843632907,43.10993895755272,51
1992,15592,10916,365.87599896084834,1.0,1.0,33.62193756718656,0.9577482926829268,0.9585756611434215,0.932799442896936,426.6158737637248,57.359812204314245,60.73987480287615,51
1993,15592,10916,664.1189501262696,1.0,1.0,15.78122828430272,0.9919331637878458,0.9900504686373468,0.9936854719764012,762.5463758382537,93.64113856797496,98.42742571198339,87
1996,15592,10916,476.2717263883119,1.0,1.0,35.82062256948364,0.9888602571529399,0.9864375194119475,0.9938829787234043,535.4523563076165,57.27094487895659,59.18062991930439,65
1983,15592,10916,328.8615909528882,1.0,1.0,34.989631358177256,0.9134493683975414,0.9135878295379382,0.848535516605166,370.29680923690586,37.40282742602633,41.43521828401756,51
2000,15592,10916,379.0957649078068,1.0,1.0,30.75694658554246,0.9212884376836195,0.9501285819250551,0.8123825187969925,434.3524417280948,56.63501523043169,55.25667682028778,51
2006,15752,11029,396.5034159588178,1.0,1.0,30.596246172016414,0.9815910937686904,0.9768597975972066,0.9772428678678678,460.77904963483434,62.663450514024284,64.27563367601618,54
2001,15752,11029,361.41261981983655,0.999932650862069,1.0,28.427784726566177,0.9825470689462054,0.9835115290480484,0.9717133620689655,409.2353824394572,45.48414392943067,47.822762619620434,50
2020,15752,11029,530.3919597788162,0.999948261589404,1.0,28.5991146110314,0.9008685978618163,0.9219695580414451,0.7627276490066225,599.7633688041429,68.80711353798968,69.37140902532644,71
2002,15752,11029,493.7319591162788,1.0,1.0,36.01433641416174,0.990755119616232,0.9957897596088551,0.9857463430851063,560.3353864056701,62.40514093408637,66.60342728939094,70
2009,15752,11029,447.33623168881525,1.0,1.0,32.269959670682226,0.9714659186252939,0.9749924127465858,0.9558741648106904,509.28981172069723,56.93037004782259,61.95358003188172,63
2008,15752,11029,370.1777838362857,1.0,1.0,23.965527105202593,0.9225082554069197,0.945648604269294,0.8130017201834863,437.0337959941779,64.28401823683812,66.85601215789211,50
2012,15752,11029,407.32745447831275,1.0,1.0,29.43844721654787,0.9617197087458071,0.9759791626471156,0.9056317446043165,466.9532367932985,53.43867347247815,59.62578231498545,56
2010,15752,11029,414.97801590171537,1.0,1.0,25.577855970667002,0.9571622390084672,0.9591864779442077,0.9179512331838565,485.19980640481197,69.33268575464442,70.22179050309629,54
2016,15752,11029,445.9022897993263,1.0,1.0,15.935262799395995,0.9907769156264624,0.9891233554774,0.984375,508.532755209664,63.195698115506254,62.630465410337486,61
2014,15752,11029,226.0901341103493,0.9999248798076923,1.0,29.731332883542297,0.954413710347374,0.9483820510313814,0.9492703744493393,262.3350299923556,36.36734382300948,36.24489588200631,32
2018,15752,11029,612.8139780447577,1.0,1.0,21.498603511690135,0.931252158298225,0.992552471225457,0.8383810572687225,697.2116702645709,81.5965383297192,84.39769221981285,86
2005,15752,11029,424.5209295867932,1.0,1.0,25.87954660547119,0.9620031789463432,0.9933137749880603,0.9112857680722891,487.85819624794476,62.00589999172686,63.337266661151226,58
2011,15752,11029,450.21285188526616,1.0,1.0,28.657795560100684,0.9519061800558628,0.9946502296912252,0.889950284090909,510.6295007158085,56.124973245813024,60.416648830542016,57
2007,15752,11029,381.01937677678563,0.9997479838709677,1.0,28.669672466353383,0.9412551663646954,0.954232358793816,0.8774900398406374,442.7149179577005,61.79331177137213,61.69554118091475,51
2015,15752,11029,495.878483345261,1.0,1.0,33.71152852384052,0.9796087459973036,0.9918123221647988,0.9602481617647058,571.8543978121003,72.71387170025837,75.97591446683893,71
2017,15752,11029,735.2886187806855,1.0,1.0,9.73487666843708,0.9718968363889606,0.9766551084589953,0.9396114864864865,844.2316507243625,107.16454791551509,108.94303194367676,98
2019,15752,11029,453.421397030339,1.0,1.0,31.962938525450195,0.973699346200647,0.9842800602040247,0.9478268678160919,521.0872287540875,67.74874758562234,67.66583172374825,66
2013,15752,11029,441.44768786881696,1.0,1.0,32.22963061093156,0.976595190682084,0.968528297860991,0.9700770547945206,508.88151280574044,67.40073740538462,67.43382493692307,59
2003,15752,11029,435.98745514085,1.0,1.0,35.9261182609966,0.9438215884619251,0.9810692036509393,0.8665364583333334,489.25676072728015,50.65395837964496,53.26930558642999,61
2004,15752,11029,676.2892808093172,1.0,1.0,12.949877478057958,0.9423779139080297,0.9679211922202576,0.8611664012738853,770.5900790607502,93.45119737714928,94.30079825143294,92
2032,15912,11142,422.3568917298355,1.0,1.0,31.278838504833868,0.9775869283145183,0.9840148476321618,0.9628164556962026,480.9977426323353,55.7112763537493,58.640850902499494,62
2035,15912,11142,402.6674538157755,1.0,1.0,28.37673033774312,0.9870560816489202,0.9932587299447215,0.9812138728323699,460.4606345961101,55.189771170501615,57.79318078033441,54
2040,15912,11142,339.98745514085016,1.0,1.0,27.045614641083084,0.990081837192836,0.9962636139597743,0.9863765495867769,392.2336341297672,51.369268483375606,52.24617898891705,46
2025,15912,11142,509.22477550881365,1.0,1.0,27.61209595395953,0.9335007417643119,0.9552320790991485,0.8452089608433735,582.9070789301961,73.77345513207328,73.68230342138222,66
2028,15912,11142,385.5917277133865,0.999938725490196,1.0,26.95701578983009,0.9946020083272105,0.9941594317284925,0.9949152542372881,437.71434865304127,49.683931409481964,52.12262093965463,51
2033,15912,11142,371.53285321034076,1.0,1.0,29.382000386878268,0.9930555555555555,0.9930872291904219,0.996643926056338,430.62349832607674,60.135967673603666,59.09064511573578,52
2031,15912,11142,322.81149366034504,1.0,1.0,27.429724023491094,0.9401327838827839,0.9584453405017921,0.8508240049751243,367.23158465640057,44.88013649408325,44.4200909960555,45
2039,15912,11142,523.5854348872967,1.0,1.0,27.94886288217044,0.9737913182677408,0.9852422775885762,0.9529013292433538,601.5436648530152,74.93734494857713,77.95822996571816,74
2030,15912,11142,484.1013957052644,0.9996488764044944,1.0,23.55818270548317,0.9643350700852352,0.9620014655082173,0.9520833333333333,551.1799825187212,64.61788022018442,67.0785868134563,66
2038,15912,11142,394.16027020831024,1.0,1.0,33.44605868693658,0.9551113267733136,0.9608263005416299,0.9203929539295393,444.1835461703049,44.284913942991814,50.023275961994536,53
2037,15912,11142,364.4946387483154,0.9998397435897436,1.0,21.09031258187506,0.9772364435433448,0.9889725867826357,0.952252538071066,417.94113546419266,54.669745073815655,53.44649671587708,50
2022,15912,11142,535.1045421183094,0.9999529367469879,1.0,31.44158741181324,0.9849429152708501,0.9847637500550442,0.9802537270642202,607.5439433464724,67.40910184224377,72.43940122816254,70
2034,15912,11142,831.8571612756093,1.0,1.0,-0.07037057162396265,0.9983621041751758,0.9981792959944512,0.9998870481927711,954.6571394685643,116.69996728943273,122.79997819295522,109
2026,15912,11142,700.5998428952576,1.0,1.0,21.48222995899808,0.9564650168041552,0.988703788224555,0.8911378555798687,792.6316548495794,86.29771793148275,92.03181195432188,98
2024,15912,11142,665.810872424743,1.0,1.0,15.457208285290097,0.9707135872024286,0.9797053753330199,0.927666083916084,775.4503345321333,105.95919316108505,109.63946210739013,92
2036,15912,11142,409.5829505028839,1.0,1.0,31.594026031593806,0.9790871599740325,0.963933623170657,0.9804598519362187,452.90408930095055,41.7317081970998,43.32113879806653,53
2027,15912,11142,222.72384393440854,1.0,1.0,33.235667931138146,0.9756434895630824,0.9925487786142264,0.9522379912663755,259.1893750372736,36.698296654297536,36.46553110286502,34
2021,15912,11142,446.3043100528796,1.0,1.0,38.04313687085475,0.9409898892129803,0.9567581563956499,0.8876143292682926,502.9946823243885,52.03555840726294,56.69037227150865,65
2029,15912,11142,273.3775517708561,1.0,1.0,32.414517914713954,0.9942120041742423,0.9964355729816432,0.9893932481751825,313.5512901387701,37.760607551871125,40.17373836791407,40
2023,15912,11142,601.93354940663,0.9998937074829932,1.0,16.115335273726792,0.996471209447886,0.998382380389473,0.9959644039735099,704.6707027171458,104.60572996577322,102.73715331051555,82
2042,16072,11255,421.16341662135505,0.9999453671328671,1.0,35.300235151648856,0.9789166666666668,0.9791273584905661,0.9680706521739131,483.6130220897474,56.9244082025882,62.44960546839212,62
2046,16072,11255,338.83778449882294,1.0,1.0,37.35633024056764,0.9426036141606018,0.9497987477638641,0.8899396929824561,391.88562711866,50.321763929755214,53.04784261983683,50
2055,16072,11255,445.2422891367891,1.0,1.0,35.890724811015,0.8966571780273888,0.9066776482513939,0.7973856209150327,505.8193397979537,56.365575991746624,60.577050661164414,60
2044,16072,11255,513.294870813745,1.0,1.0,31.00089306387357,0.97952093552337,0.9630623597150385,0.9882486072423399,584.597220655442,68.70352476254527,71.30234984169684,77
2041,16072,11255,276.18407666237556,1.0,1.0,25.72751160021993,0.9755144188977113,0.9833443116589818,0.9611177884615385,315.87985568680386,40.79366853664233,39.695779024428205,36
2058,16072,11255,645.3912977501842,0.9998154527559056,1.0,14.50181518257477,0.9762467272764755,0.974615064502705,0.9576222324723247,736.5532332078361,89.49290318647756,91.16193545765172,87
2050,16072,11255,439.18341463374327,1.0,1.0,33.696137060805896,0.9583104731126226,0.9589294904786413,0.9313936781609196,490.2430096077509,45.839392461011045,51.05959497400733,60
2045,16072,11255,429.9285806378042,1.0,1.0,37.750551951701034,0.978590866426724,0.9811920973322915,0.9658760570824524,501.00963586955794,68.37158284763012,71.08105523175345,64
2052,16072,11255,567.1834146337433,1.0,1.0,21.451331111345997,0.936122996481255,0.9605163886327437,0.8356604609929078,656.1162402829802,85.39923847385458,88.93282564923648,83
2049,16072,11255,621.1596081796779,1.0,1.0,20.483258555705824,0.9900041837692367,0.9850414611674164,0.9888888888888889,708.8484463345131,84.28325723225223,87.68883815483485,83
2053,16072,11255,533.9899395252628,1.0,1.0,28.651962932228134,0.9773732964638492,0.9824258662186095,0.9549131471389646,600.9122834069303,62.133515822500556,66.92234388166705,75
2059,16072,11255,333.6706002288205,1.0,1.0,23.00542565425926,0.9622364418336307,0.9503194773494149,0.949070945945946,380.9120437254003,46.86216524486961,47.241443496579734,45
2051,16072,11255,370.9906015538949,1.0,1.0,35.654985302590575,0.9839410512932822,0.9860380544191181,0.9760507641921398,413.9457732230671,41.18275750375798,42.955171669171975,49
2060,16072,11255,820.6524245722135,1.0,1.0,6.479028264826098,0.9706414180963905,0.9795697469895819,0.9239182692307693,939.0827580853638,116.89550026972496,118.43033351315013,115
2048,16072,11255,316.4420570713594,1.0,1.0,34.5233066516362,0.9642176681072543,0.9577274771398591,0.9486132218844985,354.04100841253046,32.39842701175637,37.5989513411709,46
2056,16072,11255,493.010599566283,1.0,1.0,33.912777437704726,0.9596466524236286,0.9625383566314354,0.9285530821917808,555.3575945451116,56.77049246824223,62.34699497882818,69
2043,16072,11255,315.52407599983826,1.0,1.0,34.54845286048335,0.9865807565661064,0.9802742362280491,0.9832246932515337,367.38752068387925,51.54516702606141,51.86344468404096,46
2054,16072,11255,404.04881402830847,1.0,1.0,28.249477298856757,0.9795219089673913,0.9675021701388888,0.9825334821428572,458.69219289571134,54.21506830110407,54.64337886740271,55
2047,16072,11255,573.5353375947535,0.99993896484375,1.0,19.983372961547374,0.9475582110122274,0.9476326818540188,0.9220479704797048,663.3561590668551,87.48123220815162,89.82082147210113,79
2057,16072,11255,331.60294851527215,0.9999499198717948,1.0,39.17694225491595,0.9809851243356944,0.9803441876159946,0.9819436498855835,380.34650327618357,48.36533214136694,48.743554760911294,51
2070,16232,11368,517.5265603842508,1.0,1.0,25.851579521800886,0.9171775428103527,0.9888140623216528,0.8168402777777778,594.6629341027989,74.45456057782113,77.13637371854747,75
2071,16232,11368,589.5616284332316,1.0,1.0,16.792881377596444,0.9697636736066528,0.9742109843800101,0.9320913461538461,667.7564476358767,73.04222880396703,78.19481920264474,80
2068,16232,11368,373.3863289813584,1.0,1.0,29.180736145730595,0.8994322469681812,0.9193035253654342,0.776519495412844,430.91607715218146,57.044622256234085,57.5297481708227,56
2069,16232,11368,529.9899395252627,1.0,1.0,29.587752215960286,0.9765074474981006,0.9918270625785859,0.9517517814726841,605.3537864801193,69.54577043228447,75.36384695485637,74
2072,16232,11368,518.3744461508406,1.0,1.0,24.626956435923322,0.9268703289929887,0.9423920994879298,0.8284478305785123,592.8543950897434,66.71992340835324,74.47994893890223,74
2080,16232,11368,535.8784833452611,1.0,1.0,31.98657098986892,0.9697295113699483,0.9768451519536903,0.9422571163366337,607.6245777104846,67.1191415478345,71.74609436522303,75
2061,16232,11368,395.7645427808467,1.0,1.0,23.97908879573382,0.9651323519248047,0.9666880547535023,0.9320715962441315,449.8832966876138,46.678130860150354,54.11875390676686,55
2073,16232,11368,348.26294917780933,1.0,1.0,31.907313167786498,0.9761996442781964,0.964735516372796,0.9687991352201258,395.86296350896424,44.40002149673208,47.60001433115471,48
2067,16232,11368,412.58228847425175,1.0,1.0,25.64026428686017,0.9776665841442747,0.995179856115108,0.9456313775510204,471.868679797334,56.679586984622944,59.286391323081965,57
2066,16232,11368,319.9523870918696,1.0,1.0,23.911073090543915,0.9332411902193456,0.9826984978540773,0.8056930693069307,373.9290911964586,53.965056156883335,53.97670410458889,47
2079,16232,11368,329.4914923352705,1.0,1.0,23.41162736742876,0.9924136097491606,0.9920887514776757,0.987281976744186,372.7771414759785,37.92847371106191,43.28564914070793,44
2062,16232,11368,549.3299388627256,1.0,1.0,25.79386167161043,0.9863220715697508,0.9895821601531704,0.9748961218836565,626.1360558348783,74.70917545822886,76.80611697215262,75
2077,16232,11368,397.7231819057763,1.0,1.0,27.568020348671958,0.9486058867570518,0.9314973999787753,0.9463125,455.4334189373779,55.81535554740201,57.71023703160133,55
2078,16232,11368,461.4914923352704,1.0,1.0,40.818002385945306,0.9854383223497974,0.9946394031500414,0.98141976861167,526.6018302119717,61.66550681505152,65.11033787670102,69
2074,16232,11368,351.80834724730005,1.0,1.0,32.640064384444955,0.9324199452677967,0.9378698224852071,0.8769239738805971,403.55918662307437,47.626259063661124,51.75083937577409,50
2075,16232,11368,463.6117257257746,0.9999414794007491,1.0,28.21888106798428,0.9361260102794609,0.9400401287854043,0.8979582055214724,532.8904087187033,64.91802448939232,69.27868299292822,66
2064,16232,11368,324.6737466418653,1.0,1.0,29.486385288126204,0.9677679477613671,0.9827186887582398,0.9271024816176471,375.45817603514206,47.676644089915,50.784429393276646,49
2076,16232,11368,674.0337847847461,1.0,1.0,14.187457711618718,0.9815272622162721,0.9864981214777708,0.9553148674242424,767.4866843560363,83.17934935693482,93.45289957128995,93
2063,16232,11368,490.92543422475933,1.0,1.0,17.668137212522502,0.9889318434570779,0.9901440485216073,0.978150406504065,559.2104807286725,65.67756975586894,68.28504650391267,68
2065,16232,11368,242.06384327187135,1.0,1.0,36.38816689767311,0.9456254959493624,0.9540803897685749,0.9013189163498099,278.0210922178755,34.43587341900611,35.95724894600406,35
2097,16392,11481,263.95238709186964,1.0,1.0,24.189510424838247,0.9607654785262699,0.9866071428571429,0.9020100502512562,298.46819965420104,33.02371884349705,34.515812562331355,37
2092,16392,11481,441.0456676152636,1.0,1.0,21.986512870944495,0.976969061852478,0.9679893995397169,0.9767708333333334,506.36338632295264,62.726578061533125,65.31771870768874,62
2083,16392,11481,664.9629866581528,1.0,1.0,18.168593459965724,0.9465060471905723,0.9698358373455537,0.8916534810126582,753.7488117373233,80.67873761875438,88.78582507916968,96
2082,16392,11481,510.70252186475585,0.9998355263157894,1.0,30.90091954737482,0.940446845514427,0.9655956463396451,0.8552804969879518,584.7939169194227,67.63709258199951,74.09139505466636,74
2084,16392,11481,661.5616284332317,1.0,1.0,20.736222483533293,0.9132410665617351,0.9556566441066607,0.8073801577669902,753.6002389731456,90.05791580987058,92.03861053991372,97
2081,16392,11481,290.0901341103493,1.0,1.0,31.171165968506454,0.9765750148120517,0.9811289793239252,0.9622238955823293,327.8607354716388,34.15590204193419,37.77060136128945,42
2095,16392,11481,362.89914338628154,1.0,1.0,23.84840387002359,0.9944197525471483,0.9955947136563876,0.9899088541666666,408.40545033768706,42.75946042710821,45.50630695140546,45
2086,16392,11481,264.87036816339076,1.0,1.0,31.191360692344897,0.9147073881537492,0.9554398148148148,0.7886513157894737,298.9020379547397,31.547504687023284,34.031669791348854,41
2093,16392,11481,274.2955328423772,1.0,1.0,25.644417117793587,0.9959387349979054,0.9965403763395494,0.9928291062801933,314.0030086959478,37.811213780355786,39.707475853570514,38
2098,16392,11481,522.0688120406967,1.0,1.0,25.54447538809083,0.9773364990287072,0.9828415796640945,0.9512411347517731,590.1712428228049,65.40364617316159,68.10243078210773,70
2089,16392,11481,404.92294984034663,1.0,1.0,30.294642465649666,0.9764445029855988,0.9756908237747653,0.9650980029585798,447.22985474315357,40.21035735421019,42.30690490280679,57
2094,16392,11481,504.2454355498339,0.9999567174515236,1.0,38.976387275153535,0.9527759177417674,0.9774439565518835,0.9090560018903592,557.3330552104469,45.1314294909191,53.08761966061272,74
2090,16392,11481,278.0901341103493,1.0,1.0,33.803378620266216,0.966523725834798,0.9707859186797099,0.9440381205673759,321.17515497896665,42.1275313029258,43.0850208686172,42
2100,16392,11481,396.5472204252713,1.0,1.0,32.82480312234199,0.9665735991701824,0.9804565436152746,0.9273231907894737,439.0596042360765,40.518575716207586,42.51238381080505,56
2096,16392,11481,280.7175511083189,1.0,1.0,27.157157978931288,0.9782189911591693,0.9683114880493446,0.9750272925764192,314.97328653064784,32.63360313349358,34.25573542232904,38
2085,16392,11481,383.5503668383161,1.0,1.0,36.524099195515035,0.9541412464498551,0.9650433791400165,0.9216624149659864,431.671889000792,43.682283243713336,48.121522162475536,60
2088,16392,11481,618.4533186662751,1.0,1.0,29.53234314756185,0.9224748842637837,0.963392519833774,0.8316816634241245,703.7684038325591,75.4726277494259,85.315085166284,86
2087,16392,11481,576.8227552552604,1.0,1.0,31.60710045065326,0.9890649479677489,0.9917966376341908,0.9832908163265306,653.3333295637417,69.76586146272145,76.51057430848098,80
2099,16392,11481,673.0807356642443,1.0,1.0,16.909518827312297,0.9765151714321126,0.9950743210845212,0.9289863782051282,766.9946406984873,90.62085755136343,93.91390503424233,95
2091,16392,11481,470.8202708708474,1.0,1.0,26.152955457576454,0.9412990341853121,0.9411016733635115,0.9067655456852792,521.5377242916803,44.576180131248655,50.71745342083245,67
2109,16552,11593,392.8966590018687,1.0,1.0,33.51460126444018,0.9744788939949197,0.9651272384542884,0.9684758771929824,434.3700649302473,36.71010889256783,41.47340592837855,55
2115,16552,11593,318.0726204823738,1.0,1.0,23.992584290914024,0.9922663408674405,0.9998297582567246,0.9850609756097561,357.221391990537,36.22315726224456,39.14877150816303,46
2113,16552,11593,477.7231819057763,1.0,1.0,26.25292998208624,0.9785179791597248,0.9809504611197903,0.9594520246478874,538.2331306092009,57.01492305513653,60.50994870342438,67
2104,16552,11593,574.2742107727248,1.0,1.0,12.971845562187298,0.9926296832717154,0.992871136264693,0.9870667016806722,663.7123651985517,85.40723163874024,89.43815442582684,78
2114,16552,11593,400.9580178893272,0.9999222636815921,1.0,20.483768555410567,0.9735846781266445,0.9791876257545271,0.9612095771144279,449.933943113431,44.96388783615549,48.97592522410368,53
2116,16552,11593,376.75261915729925,1.0,1.0,24.606392288022317,0.950392247346562,0.9581518540317834,0.9117476851851852,431.818280810998,51.098492480547804,55.06566165369854,55
2105,16552,11593,434.6411629772974,0.9998911149825784,1.0,31.179308293047935,0.9575542337165484,0.9748885238206993,0.9080939440993789,489.61693053703925,55.463651339612454,54.975767559741634,61
2117,16552,11593,493.294870813745,0.9999396718146718,1.0,22.153717492145624,0.9602013422818791,0.9866504854368932,0.8968531468531469,567.6456659321219,71.77619267756482,74.3507951183766,66
2118,16552,11593,471.63801656425255,1.0,1.0,22.827053376714396,0.9424437037639216,0.9931969283100551,0.8461882961783439,532.1924053274083,56.331583144733116,60.554388763155416,67
2102,16552,11593,406.18656104678826,1.0,1.0,25.277102377650426,0.9119357352676699,0.9406184438566086,0.776665805785124,471.37704582856094,63.285727172658696,65.19048478177248,54
2107,16552,11593,577.2247755088139,1.0,1.0,26.15965225233392,0.8999064816868004,0.9557829623124212,0.7587200126262627,655.0980852529799,71.80996461624892,77.87330974416595,83
2108,16552,11593,233.58295050288402,0.9998301630434783,1.0,26.672866357564224,0.9042579805864105,0.8925091352009744,0.8421365489130435,266.55893827897233,31.463981664132397,32.97598777608826,32
2106,16552,11593,416.4771251203399,1.0,1.0,22.59366066317554,0.9970588669987142,0.998497144574692,0.9953926282051282,474.1851868085464,52.06209253230931,57.70806168820618,59
2112,16552,11593,419.3186772678102,0.9994893790849673,1.0,38.64553971627453,0.9608738277497748,0.9777062295721742,0.9259368448637316,467.79339808799443,45.71208123027606,48.47472082018405,61
2120,16552,11594,794.3180560322085,1.0,1.0,18.890946340191103,0.9769905644760801,0.9786569495054659,0.9623426258992805,904.0519553311362,102.35084894839197,109.73389929892812,111
2111,16552,11594,393.9636486867848,0.9995903558052435,1.0,27.50473787696253,0.9746006094745592,0.9679865771812081,0.966796875,439.2102842911802,40.86995340659253,45.24663560439501,52
2110,16552,11594,297.1809302493305,1.0,1.0,28.801102110851048,0.9742530930918327,0.9751523358158429,0.9527138157894737,340.8434759038025,41.49381848170791,43.66254565447193,43
2101,16552,11594,433.86722175034583,1.0,1.0,36.905244172168466,0.9581103872482556,0.9653621441157377,0.9353796972860126,481.3478764711109,44.97098208114731,47.48065472076487,62
2119,16552,11594,569.7407363267814,1.0,1.0,28.02182818154751,0.9829963480300687,0.9835337401292176,0.9716624685138538,642.8139181274981,64.60977270107436,73.07318180071624,76
2103,16552,11594,361.6355321798399,1.0,1.0,27.924916146394853,0.9826483789273087,0.9805313323869398,0.9803466796875,414.0800410125209,49.41676324902119,52.44450883268078,53
2137,16712,11706,503.50656237186263,1.0,1.0,37.02645873014468,0.9156135583391681,0.9374210939366022,0.8080166903409091,565.7373416080077,57.346168854217005,62.23077923614462,74
2121,16712,11706,554.2479199342467,1.0,1.0,9.62575098278159,0.988226330307884,0.9927680467091295,0.9699754901960784,619.7837416948495,58.55373264090391,65.53582176060259,77
2133,16712,11706,448.7789099957772,1.0,1.0,29.84598701270232,0.9854795341465531,0.998108448928121,0.9723157051282051,500.19129940966627,48.61858412083306,51.41238941388872,60
2129,16712,11706,826.353124081189,1.0,1.0,14.514811914897926,0.9805514144144701,0.9876183021418914,0.9611220472440944,940.586049361634,107.59938792066711,114.23292528044489,109
2126,16712,11706,554.907920596784,1.0,1.0,25.482807927664993,0.8992856253717101,0.9045454545454545,0.7974556587837838,615.3528950928443,53.917461744089735,60.444974496059814,76
2138,16712,11706,352.013745979328,1.0,1.0,30.46536289325374,0.9595019985246943,0.986914918146184,0.9060430463576159,395.62801048213373,39.17139675420832,43.614264502805554,47
2136,16712,11706,677.5441148052564,0.9999600383631714,1.0,37.212488855675545,0.9500704611289439,0.967328370554177,0.8845486111111112,758.8612363737079,70.22568235267677,81.31712156845118,91
2127,16712,11706,413.59172771338655,1.0,1.0,30.113931098780206,0.9725841793145039,0.9773842135439893,0.9566265060240964,460.94103532274244,41.773961414033785,47.34930760935583,57
2125,16712,11706,529.8196088422154,1.0,1.0,27.822593912581493,0.9794306634787806,0.9825762829403606,0.9581270627062707,605.5001541728899,73.02081799601108,75.68054533067408,70
2135,16712,11706,325.3863289813585,1.0,1.0,34.621762352762964,0.9117526099335654,0.9420577617328519,0.7944711538461539,378.4936500977283,51.160981674554364,53.107321116369576,46
2128,16712,11706,363.83463808577807,0.9998816287878788,1.0,33.77413661179813,0.970938173821162,0.9778378940797003,0.9572916666666667,412.35852646929453,45.78583257527445,48.523888383516294,52
2122,16712,11706,524.4119577912044,1.0,1.0,31.229620071542065,0.9902662249775868,0.9797220731198187,0.9915393013100436,578.5582749843591,46.71947578973186,54.14631719315458,70
2132,16712,11706,573.3562297012036,1.0,1.0,21.747792523463318,0.9860067625910892,0.9814671814671815,0.9798295454545455,650.8471493020062,74.23637940120359,77.49091960080237,80
2123,16712,11706,329.81464007338985,0.9999308628318584,1.0,28.871210609860423,0.9538897722265858,0.9640079982226172,0.9163602941176471,377.5589528228785,47.6164691242328,47.74431274948853,48
2124,16712,11706,328.0312596073035,0.999375,1.0,30.80461396312496,0.9038146250582209,0.8888944723618091,0.8427777777777777,370.64051981580707,41.413890312755264,42.609260208503514,48
2139,16712,11706,433.90228979932624,0.9998754980079682,1.0,24.67851376187842,0.9892664813087134,0.9871441689623508,0.9946864478114478,482.6442288422033,46.11290856431511,48.74193904287673,57
2134,16712,11706,335.9611643023721,1.0,1.0,27.3524909164135,0.946099092956466,0.9447967479674797,0.9164204545454545,380.5483672728679,42.13080445574341,44.587202970495596,45
2130,16712,11706,288.9229498403468,1.0,1.0,33.37874385936905,0.9091517701480741,0.9397454031117397,0.805056594488189,332.5984517984825,40.763252937203454,43.67550195813564,41
2140,16712,11706,441.64430939034247,1.0,1.0,27.34966989479199,0.9049644739507489,0.9846444367142076,0.760402851458886,497.36749071558626,52.08477198786534,55.72318132524356,61
2131,16712,11706,320.2629491778094,1.0,1.0,28.046113569134803,0.9837469425893862,0.9853526373719415,0.9809451219512195,360.8961235390044,38.4497615417924,40.63317436119493,46
2157,16872,11819,375.5591440488187,1.0,1.0,37.01531629665696,0.9701700702306598,0.9700478083059731,0.95541351010101,426.38794054381145,46.99319474248871,50.82879649499247,53
2150,16872,11819,231.89102820441116,1.0,1.0,34.555256779560615,0.975085387623696,0.9750597609561753,0.9696525270758123,259.48126959154615,26.385362080702446,27.590241387134956,34
2142,16872,11819,331.0081151818703,1.0,1.0,30.974311292710127,0.9652825700069007,0.9786310329273793,0.937082538167939,380.6182554456703,46.66521039569958,49.610140263799735,46
2148,16872,11819,345.95487147628234,0.9998744979919679,1.0,29.741677074152722,0.9248910159211523,0.8995580808080809,0.9000822368421053,391.1888158458148,43.850916554298294,45.23394436953218,48
2146,16872,11819,532.2805035988144,1.0,1.0,25.485820731332932,0.9927431823910254,0.9918848920863309,0.9922265625,595.5864141051248,55.20886575946507,63.30591050631006,71
2154,16872,11819,449.01059956628313,1.0,1.0,33.53243570321333,0.9792707192038079,0.979828934729909,0.9683277027027027,510.0257926195547,57.022789579906856,61.01519305327124,62
2153,16872,11819,173.3161928833976,1.0,1.0,26.232526036911096,0.9894186700972902,0.9930350924189659,0.9957054093567251,198.4022363126483,23.379065143876065,25.0860434292507,23
2144,16872,11819,485.44768786881696,1.0,1.0,29.528177835855715,0.9178270922877649,0.9855101132486029,0.7960131894484412,537.9588578521151,43.516754974946664,52.51116998329778,63
2152,16872,11819,334.1252021593298,1.0,1.0,35.10335922579228,0.9482491478153083,0.9686150974215377,0.8994391025641025,379.3627788389366,43.856365019409836,45.23757667960655,46
2159,16872,11819,467.44139504272704,1.0,1.0,18.94220741375066,0.9977750309023485,0.9988403556242752,0.9965277777777778,528.5767691219249,59.45306111879627,61.13537407919754,62
2141,16872,11819,592.831532465763,1.0,1.0,23.11302015765573,0.9732997816104827,0.9724311779769527,0.9498407643312102,668.1516052194437,69.48010913052089,75.32007275368059,78
2160,16872,11819,348.11890933324,1.0,1.0,32.50017917874175,0.9400568426492121,0.9366708385481852,0.9039963942307693,387.3002763659386,36.272050549047755,39.18136703269851,44
2147,16872,11819,300.0049687688257,1.0,1.0,28.3453316057971,0.9698505766780477,0.9664804469273743,0.9490950226244343,336.767009145956,36.393060565695734,36.76204037713048,42
2158,16872,11819,317.8409309118678,0.9999401340996169,1.0,30.22163649983197,0.9104833844781912,0.9578471565226532,0.7845426245210728,365.2543527768822,43.370132797521165,47.41342186501412,44
2156,16872,11819,334.7764256113644,1.0,1.0,28.191347587457663,0.9750570813988374,0.987093045655943,0.9623122317596566,393.7988050522903,60.03356916138858,59.0223794409257,50
2155,16872,11819,375.96116430237197,1.0,1.0,29.378281695588328,0.9355228946229874,0.9654320987654321,0.8541313559322034,428.7604373867158,49.948909626515196,52.799273084343454,53
2151,16872,11819,351.80834724730016,1.0,1.0,29.926295643135433,0.9642964364668529,0.973078306751409,0.9303819444444444,399.7081780969298,44.09974627444449,47.89983084962965,46
2145,16872,11819,375.55036683831617,1.0,1.0,31.577502948077118,0.9851651496812365,0.9847687999453589,0.9779464285714285,422.35563799205585,40.207906730609345,46.80527115373955,53
2143,16872,11819,498.2128518852661,1.0,1.0,30.044556293566227,0.970928264646814,0.9878473857748469,0.9301697530864198,571.2899483351985,70.61564467489802,73.07709644993204,69
2149,16872,11819,657.1070265027222,1.0,1.0,10.7175119805423,0.9965027535282347,0.9990107715981534,0.991377508361204,731.7277773435814,69.181126261288,74.62075084085869,87
2176,17032,11932,428.67374664186525,1.0,1.0,31.32139284666105,0.9150777397437508,0.8984510250569476,0.8755085059171598,481.44409896955216,46.90552849153014,52.77035232768675,61
2178,17032,11932,466.676231026278,1.0,1.0,27.59176917708212,0.9103599273346662,0.8936055437984979,0.859476461038961,520.5491383279763,48.55936095254693,53.87290730169796,59
2162,17032,11932,446.1339793698322,1.0,1.0,28.335429810059107,0.9645132319026997,0.9651597051597052,0.9575076219512195,497.81673078098976,45.274127116736,51.682751411157305,58
2163,17032,11932,333.66182301831793,1.0,1.0,27.90494466347358,0.9292570971923089,0.9390440720049659,0.8627365537848606,377.52055506184206,41.78809806528612,43.85873204352407,46
2170,17032,11932,512.110172915767,1.0,1.0,31.11943481781045,0.9220107864074155,0.9118759013134817,0.8734117445054945,568.7814196892266,50.50687016018881,56.671246773459174,67
2174,17032,11932,518.802757242872,1.0,1.0,23.998057244469578,0.9656628223813446,0.9664362176628011,0.9406429597701149,570.933298282035,42.94581155874417,52.13054103916277,67
2177,17032,11932,324.4946387483154,1.0,1.0,21.866454050959472,0.9911996679119965,0.9914199016427749,0.9892146017699115,359.9239867975516,32.89402207385427,35.429348049236175,42
2173,17032,11932,334.1252021593298,1.0,1.0,28.873263615651556,0.9733960823726096,0.98222023009114,0.9498958333333334,373.9710905366718,36.51883256601283,39.8458883773419,42
2161,17032,11932,383.7645427808466,1.0,1.0,27.02190519643622,0.979505242314466,0.9656229180546303,0.9829905063291139,437.5457749215369,49.921848211034884,53.78123214068992,52
2167,17032,11932,687.9398422327198,1.0,1.0,7.5024811377879725,0.9986561034932496,0.9976757369614513,0.9987892066420664,778.1321727631348,88.03849579562183,90.19233053041458,93
2179,17032,11932,176.09642693643906,0.9999177631578947,1.0,28.425961931394514,0.9953730272596844,0.9998812915479582,0.9980263157894737,197.72026845252654,18.93576227413117,21.62384151608744,25
2165,17032,11932,544.9016277706942,0.9999427655677655,1.0,22.82318742442031,0.9781435314971262,0.9654814301963306,0.9798050139275766,623.1672928221784,73.14849757722585,78.26566505148395,74
2180,17032,11932,346.2128518852663,0.9999314692982456,1.0,24.166610399238163,0.9931820805911558,0.9859168241965973,0.9953512396694215,393.3735007089636,44.49097323554578,47.16064882369717,45
2172,17032,11932,271.5240759998384,0.9993462343096234,1.0,28.990414632375973,0.9851678769948,0.980198948948949,0.9915,307.6988833013393,34.012210952251394,36.17480730150094,35
2175,17032,11932,320.7000374803433,1.0,1.0,30.587891370734972,0.9329560192249009,0.9253621244635193,0.892379981884058,357.040065810176,32.010042494748824,36.34002832983254,42
2168,17032,11932,261.5741732923814,1.0,1.0,32.662017729512385,0.9839268064230676,0.9798838825742089,0.9912455673758865,298.0160466503825,32.162810037001506,36.44187335800099,40
2169,17032,11932,430.08139769287635,1.0,1.0,29.695592448793747,0.9616160155833877,0.9855317754968334,0.9135903159340659,478.4823298515581,45.60139823802252,48.40093215868167,58
2166,17032,11932,451.01689239237294,1.0,1.0,25.39456708949781,0.9864351805290155,0.9856405505558496,0.9841517857142857,514.8759226970674,59.78854545704151,63.85903030469436,63
2171,17032,11932,356.9317270508492,1.0,1.0,25.191876313594143,0.9930286050117035,0.997791580400276,0.9871285860655737,409.48686156313886,50.33270176843423,52.55513451228947,49
2164,17032,11932,279.5766576767943,1.0,1.0,28.005514280883173,0.986264834549795,0.9750242954324587,0.9935881474103586,316.6888966671597,35.41835848554806,37.112238990365356,35
2196,17192,12045,809.6931234186519,0.9998003194888179,1.0,12.908431602727937,0.9500595077421413,0.9585127860026917,0.8974506578947369,924.9974814531272,109.20653705171361,115.3043580344758,107
2189,17192,12045,495.79961082982703,0.9997676579925651,1.0,25.11931970892769,0.9522002369984265,0.9823984207928935,0.89578125,565.318590463609,66.02846945067209,69.51897963378141,68
2194,17192,12045,732.6962698316967,1.0,1.0,11.940886439182302,0.9544134436991581,0.9794002718314645,0.8890974162011173,823.9468389085673,80.6258536153064,91.25056907687096,97
2185,17192,12045,291.9786779303476,0.9999359631147541,1.0,32.364959851529946,0.9208229542328141,0.9112642821659215,0.878158244680851,328.6025107626177,31.685749248404985,36.62383283226999,41
2197,17192,12045,266.0638432718714,1.0,1.0,29.10355445619721,0.9330756909581501,0.9134600405047515,0.899750525210084,299.34735063632843,29.67526104668567,33.2835073644571,35
2184,17192,12045,448.98430872780517,1.0,1.0,35.45757498503151,0.9182126966795361,0.9727132518685491,0.7894382911392405,505.5304544330439,51.06921855785796,56.546145705238615,62
2191,17192,12045,372.02252318983045,1.0,1.0,33.18261464977292,0.9369830066534794,0.953382159315339,0.8550836267605634,420.7281888294399,44.558498459413535,48.70566563960901,49
2193,17192,12045,418.38318256831366,1.0,1.0,28.895299225045708,0.90320701787752,0.8986428077455049,0.8210440074906367,471.08796078636567,46.80716732707775,52.704778218051814,56
2199,17192,12045,291.9523870918696,1.0,1.0,27.791994609631022,0.9196501076382264,0.9447169949476459,0.8380926724137931,336.3418049555809,42.58412679556701,44.38941786371131,41
2190,17192,12045,455.83463808577807,1.0,1.0,25.713124154298878,0.9862131967783302,0.9835072366206664,0.9795524691358025,514.9042122408956,54.10436123267601,59.069574155117316,62
2200,17192,12045,378.0989113208518,1.0,1.0,34.463543926969116,0.9811197449691174,0.9769882922890594,0.9772615131578948,421.49230362010707,38.090088448882796,43.39339229925518,50
2192,17192,12045,334.3306008913577,1.0,1.0,33.16541951356507,0.990144095264938,0.9945709745762712,0.9842770376175548,382.8256181055396,45.742525821272615,48.49501721418173,46
2198,17192,12045,283.2660955908543,1.0,1.0,25.617407444589603,0.9729604347537942,0.973068033363481,0.9601293103448276,324.6365983059212,41.80575407260023,41.37050271506682,41
2188,17192,12045,333.1283485723746,1.0,1.0,29.01407566552349,0.9800111480018417,0.9869756751580157,0.9688100961538462,378.7779170935598,41.47435278177738,45.64956852118493,46
2186,17192,12045,364.2629491778094,1.0,1.0,32.14390987762695,0.9944654173997711,0.9925499492041991,0.9964488636363636,407.2824122805494,38.27919465410985,43.019463102739905,49
2187,17192,12045,409.4126198198365,1.0,1.0,35.142840034672425,0.972695843060983,0.9567487331729538,0.973203316953317,460.79048202588615,46.31679330907436,51.37786220604955,58
2195,17192,12045,384.4420570713594,1.0,1.0,37.86903523784796,0.9637201695041262,0.984073659325619,0.9360689252336448,429.93163748475513,44.23437062009349,45.48958041339566,51
2181,17192,12045,661.5704056437343,1.0,1.0,15.991430548626695,0.9153028054554448,0.9123309053069719,0.8449849656357389,752.7112944477797,84.21133320606756,91.14088880404512,92
2183,17192,12045,473.5090467562754,1.0,1.0,23.589281897975717,0.9065610295659882,0.8988709599263459,0.8559895833333333,538.8396702775499,61.995935281911315,65.33062352127422,64
2182,17192,12045,421.4652014967925,1.0,1.0,22.63069184240848,0.9809346017119138,0.9904017063633132,0.9655119243421053,474.98689697307714,48.782543214426866,53.52169547628457,59
2201,17352,12157,299.57665767679424,1.0,1.0,30.336329521932672,0.9472924566049956,0.9584254482928027,0.9121668198529411,345.8982115200451,44.73233076487615,46.321553843250754,40
2206,17352,12157,434.8465617093255,1.0,1.0,28.49765922445404,0.9111530290093917,0.9171142400929018,0.84859375,499.3303556345417,62.22569088782417,64.48379392521613,59
2204,17352,12157,320.4420570713594,0.9999194587628866,1.0,20.93394361168602,0.9378061261788143,0.9792502314100586,0.8344877577319587,367.5102493097978,45.852288357657464,47.068192238438314,45
2210,17352,12157,248.63867859288484,1.0,1.0,29.11618119466462,0.971271756329114,0.9825917119565217,0.9463186553030303,283.81084024020487,35.508242470979916,35.17216164731993,32
2214,17352,12157,493.294870813745,0.9997944078947368,1.0,29.35723006860721,0.9899609613636702,0.9957693055825715,0.9837827988338192,552.5820014829299,57.430696003776916,59.28713066918464,69
2212,17352,12157,392.2191447113559,1.0,1.0,36.01505561137235,0.9844535694706154,0.9824291945690238,0.9805975274725275,442.4029295728812,48.275677292287625,50.18378486152508,54
2215,17352,12157,465.2773571857695,1.0,1.0,31.700093053435605,0.989654575520862,0.9856253786418461,0.9897122524752475,529.53930082245,58.89291545502012,64.26194363668009,61
2202,17352,12157,277.1020577338967,0.9997996794871795,1.0,33.338453443513274,0.9082801351858805,0.8825459317585301,0.8709802904564315,318.1748558715298,38.3591972064495,41.072798137633,40
2208,17352,12157,449.4827559177975,1.0,1.0,35.458611726270846,0.9941453455158822,0.9942765158290109,0.9951402559055118,502.51214270224705,50.29408017667384,53.029386784449215,60
2216,17352,12157,422.67623102627806,1.0,1.0,29.48826546818153,0.9427510691667899,0.9288157973711062,0.9142594537815126,470.1335589607084,42.685991901645394,47.457327934430246,53
2217,17352,12157,508.4382486296823,1.0,1.0,16.971574039314962,0.9434364802520535,0.9573097270965376,0.8809581712062257,581.7919198870898,69.53050688611047,73.35367125740699,70
2218,17352,12157,309.38632898135853,1.0,1.0,33.69010062055582,0.9796312355917358,0.9754750806740767,0.9746036135693216,345.5395513614297,31.72983357010664,36.15322238007108,41
2209,17352,12157,529.0018631488102,1.0,1.0,17.564747225052,0.9915059196534239,0.9928701903246715,0.9841772151898734,603.0155334314261,70.52050542392332,74.01367028261556,68
2207,17352,12157,356.39825260490596,1.0,1.0,24.482355690137812,0.9436074877008187,0.933217556046732,0.9152373120300752,397.32030637714985,37.3830806583656,40.92205377224375,45
2205,17352,12157,570.444541455772,1.0,1.0,19.611872598608844,0.9468046345551263,0.983414355161567,0.8789473684210526,656.3482164867746,81.60551254650295,85.90367503100202,81
2211,17352,12157,346.04632964389583,1.0,1.0,27.607643195123174,0.9426825269600702,0.9713220164609053,0.8815684713375797,396.3589475877069,47.71892691571622,50.3126179438108,50
2220,17352,12157,945.0895128747476,1.0,1.0,3.0977711273880577,0.9086624159151877,0.9762268341778302,0.7561156674208145,1058.0757342198563,103.47933201766277,112.98622134510867,129
2213,17352,12157,411.3186772678103,1.0,1.0,41.2367545729486,0.92841529725596,0.8963928726640591,0.9249115566037736,452.85514747798413,36.80470531526056,41.53647021017371,55
2203,17352,12157,289.81464007338985,1.0,1.0,24.874072214716215,0.9709920176957106,0.9684973045822103,0.96561004784689,329.40523424196,37.63589125285507,39.590594168570036,41
2219,17352,12157,468.96679509982965,1.0,1.0,32.59975396796373,0.945705824284304,0.9480323597970657,0.9177862149532711,536.5180010287096,64.57680889331957,67.5512059288797,64
2232,17512,12270,515.5679212593211,1.0,1.0,36.33880640030815,0.9154080995443717,0.9519558939354161,0.8101812214611872,580.5960472724889,60.792189019750964,65.02812601316732,68
2230,17512,12270,763.0306383717013,1.0,1.0,25.80016464204328,0.9870582936383364,0.9861313621104744,0.9837012320328542,854.9889734692433,83.18750264631257,91.95833509754169,103
2238,17512,12270,349.8759989608483,1.0,1.0,33.16282019840718,0.9660445445935797,0.9873074729035939,0.9329117063492064,390.2649465029044,37.33342131308395,40.388947542055966,45
2231,17512,12270,450.5885813003415,1.0,1.0,30.97421909269774,0.953556245233295,0.9473149144839134,0.9360502577319587,504.73216419425546,50.46537434087062,54.14358289391374,62
2233,17512,12270,296.6211649649094,1.0,1.0,22.364751917640824,0.9888519278806914,0.9863128491620111,0.9872225467289719,328.81732673710167,29.544242658288276,32.19616177219218,37
2225,17512,12270,328.0137459793281,1.0,1.0,29.16470446366289,0.9424184350971562,0.9731945758435825,0.8556774809160306,378.88202406526466,50.05241712890463,50.86827808593642,46
2222,17512,12270,602.7375899137368,1.0,1.0,10.536639097051802,0.8515037451336032,0.9599253957052122,0.6496858891752577,681.0628273503969,78.48785615498983,78.32523743665995,77
2236,17512,12270,367.31867726781024,1.0,1.0,26.019305420356122,0.9812487568486339,0.9676571128056797,0.9865014792899408,405.28958553236674,35.9563623968345,37.970908264556314,47
2237,17512,12270,375.5854348872967,1.0,1.0,32.5973768358029,0.9635280665617855,0.9769510926118626,0.9259354440789473,427.7078080465086,49.68355973881754,52.122373159211676,49
2227,17512,12270,307.70318389338826,1.0,1.0,37.04745000144111,0.8916556982438664,0.8623118353818533,0.8456503378378378,346.94024771887746,34.855595738233845,39.23706382548924,43
2224,17512,12270,319.4627171123797,0.9998681434599156,1.0,31.375908840857395,0.8829140772705936,0.8604202719406675,0.82375,353.9700159656367,31.510948279885227,34.507298853256806,46
2226,17512,12270,391.7557655703442,0.9998372395833334,1.0,32.27155793358625,0.9670626189343483,0.95537109375,0.9580320247933884,434.1587943529424,41.104543173897184,42.403028782598135,49
2228,17512,12270,370.6148721388196,0.9999237804878048,1.0,21.42794741808622,0.9783252332271939,0.9899286613512379,0.9496366279069768,419.4937548590077,45.56832408028188,48.878882720187924,51
2234,17512,12270,465.98993952526274,0.9998204022988506,1.0,22.479375640136723,0.9952023353139654,0.9951931636104682,0.9936823104693141,545.4971020158765,78.01074373592066,79.50716249061378,64
2229,17512,12270,366.09891132085187,1.0,1.0,29.266278405491672,0.9563160357714782,0.9643789064870442,0.9254092261904762,409.3242268024559,39.337973222405964,43.22531548160397,47
2239,17512,12270,298.3481145193332,1.0,1.0,34.59993473329967,0.9925950199574908,0.9911041339612768,0.9985705835962145,331.7173384607538,30.55383591213079,33.36922394142052,39
2221,17512,12270,511.1659010057677,0.9998237781954887,1.0,21.471529557045262,0.9172490611427179,0.8992590054396711,0.8843315972222222,582.1705206356628,68.25692944484224,71.00461962989483,67
2223,17512,12270,544.9405042613517,1.0,1.0,29.185723395713303,0.9678592648762921,0.9676635797783513,0.9511201629327902,597.7869288943938,44.01963694956248,52.84642463304164,73
2240,17512,12270,355.03440602034846,1.0,1.0,29.674881316743868,0.8905806812296005,0.9301911960871498,0.7468861209964412,401.8048615127432,43.90568323859198,46.77045549239467,50
2235,17512,12270,462.3393781018601,0.9998331850533808,1.0,30.037750296526557,0.9527904077442063,0.951794403892944,0.9264176065162907,515.8453578362204,45.00896960153977,53.50597973435985,67
2249,17672,12383,353.2598027647646,1.0,1.0,24.28962258842184,0.9676797471688174,0.9765576804441702,0.9292914746543779,403.82502181105707,47.347828569438704,50.5652190462925,49
2257,17672,12383,836.7576287191554,1.0,1.0,0.09805747480787819,0.9868384432012068,0.9810651504877158,0.9810827759197325,958.0994365321067,115.26271171942722,121.34180781295157,111
2248,17672,12383,253.5741732923815,1.0,1.0,26.402232572865355,0.9928991780555422,0.9927425515660809,0.9951603982300885,287.1146065760899,30.810649925562643,33.54043328370842,36
2256,17672,12383,299.4452034844043,0.9994918699186992,1.0,32.69437989465976,0.9640723593324123,0.9485559566787004,0.9764539930555556,344.19240426608906,43.12080117252696,44.74720078168463,42
2254,17672,12383,313.58295050288393,1.0,1.0,35.980594786834175,0.9425416287930067,0.9865608904150139,0.8723817567567568,360.2747259912983,44.537663232621334,46.691775488414216,45
2242,17672,12383,685.5791828542372,1.0,1.0,18.4549669204957,0.9397205773501112,0.9789862914862915,0.8604964114832536,782.676658304327,90.89621317513496,97.09747545009004,89
2245,17672,12383,632.726369111851,1.0,1.0,23.369517085662494,0.9396550133184054,0.9666109602395376,0.8618827160493827,709.4132492100457,69.28032014729145,76.68688009819428,80
2253,17672,12383,257.2986792554221,1.0,1.0,38.20151453900525,0.942055318340615,0.9538000855553971,0.9052031637717122,296.8132176984967,36.771807664611664,39.51453844307443,39
2251,17672,12383,355.98745514085016,0.9999401340996169,1.0,27.47877058054679,0.9536858676627328,0.9654991767699446,0.9171367328519856,398.27127329189653,39.42572722656951,42.28381815104633,49
2243,17672,12383,362.52722241288313,1.0,1.0,29.726887113683887,0.9396197977017101,0.9492939666238768,0.8832347972972973,413.1708384391223,47.46542403935847,50.64361602623898,49
2260,17672,12383,232.09642693643906,1.0,1.0,34.51036975575572,0.9243121027669502,0.9603667778114581,0.8604525862068966,259.8840864885537,25.18148932817191,27.787659552114604,32
2250,17672,12383,352.8966590018687,1.0,1.0,19.42456857417106,0.9766944990176817,0.9728506787330317,0.9643229166666667,395.36886410358557,41.20830765257519,42.47220510171679,47
2241,17672,12383,517.473978707295,1.0,1.0,9.574986080194012,0.983210162449341,0.9743870702643473,0.9801479468599034,590.814013684638,70.26005246601402,73.34003497734265,70
2255,17672,12383,346.811493660345,1.0,1.0,37.09273613326785,0.9385687663063734,0.9531965961160812,0.8946520618556701,386.2181470290047,35.85998005298925,39.40665336865949,46
2246,17672,12383,430.1339793698322,0.9999308628318584,1.0,20.642898241683465,0.9567622970727965,0.9606766500277315,0.9099142699115044,490.83808748790324,57.306162177106174,60.704108118070785,56
2252,17672,12383,439.06947406932886,1.0,1.0,25.57157365227899,0.9607514109881701,0.9820794496227253,0.9216984463276836,502.2367054345039,58.000847047762285,63.16723136517486,63
2258,17672,12383,220.43327986085694,0.9998363874345549,1.0,25.319855021079277,0.9042985389896144,0.895548142183366,0.8396423969072165,254.07290546918324,33.95943841248942,33.639625608326284,31
2259,17672,12383,487.21848268272373,1.0,1.0,25.15003052180695,0.9603028318741461,0.9462941363588167,0.9523514851485149,564.015862618831,73.94606990416015,76.79737993610676,71
2247,17672,12383,446.40947340679156,0.9999539085545722,1.0,35.54003791635806,0.9717032967032966,0.9730952380952381,0.9731003480278422,505.300368822142,55.33634312302509,58.89089541535007,60
2244,17672,12383,609.3036480242478,1.0,1.0,12.933254955273048,0.9645758516090791,0.9628252788104089,0.9411184210526315,702.588106522083,91.1766877467524,93.28445849783498,84
2277,17832,12496,316.1314949854195,1.0,1.0,31.23351265504342,0.9022485077395205,0.9376740947075209,0.7783824906367042,354.3760865515635,36.366887349215716,38.244591566143804,43
2278,17832,12496,336.2366583393314,1.0,1.0,39.373533996600514,0.934018275348106,0.9320979365292511,0.8938782991202346,380.01918250600477,40.92378625000994,43.78252416667329,45
2270,17832,12496,400.5384840077984,1.0,1.0,21.106057198758396,0.9752590080718981,0.9918243243243243,0.9389728483606558,459.8174074005111,59.66838508906853,59.27892339271238,52
2275,17832,12496,406.8202708708475,1.0,1.0,27.84650594917395,0.9898325022596841,0.9879743645135739,0.9887668918918919,456.3693396519265,45.823603171618174,49.54906878107877,53
2269,17832,12496,280.149008613395,1.0,1.0,32.65545754934538,0.9080786717377242,0.9229446164430685,0.7972879955947136,323.2238740491839,41.362298153683255,43.07486543578883,42
2264,17832,12496,375.3274544783129,1.0,1.0,29.96053426570399,0.9548475283126522,0.9596586501163693,0.9241640127388535,426.09899239389733,47.65730687337673,50.7715379155845,49
2265,17832,12496,362.66745381577556,0.9999461206896552,1.0,30.0366281287532,0.9804363725012188,0.9817472306143001,0.9762205387205387,409.3787086496263,44.566882250775734,46.71125483385049,44
2263,17832,12496,370.1339793698323,1.0,1.0,37.49711017810766,0.9262528053009447,0.9415647202253332,0.8633356545961003,416.30793521479393,40.760933767442076,46.17395584496137,47
2271,17832,12496,553.3299388627256,1.0,1.0,19.631778062971073,0.9040410485856705,0.9633462104488595,0.7629835243553008,635.2634219602048,80.9002246462187,81.93348309747917,76
2276,17832,12496,467.8697061347585,1.0,1.0,26.7463126640707,0.9844343950714377,0.994466800804829,0.9698292042042042,526.1483702780944,55.91799621500376,58.278664143335845,60
2280,17832,12496,352.066327656284,1.0,1.0,34.02437757838814,0.9719339932907977,0.9574258572752549,0.9741043613707165,407.45536777804784,54.58356018264541,55.38904012176361,46
2273,17832,12496,413.2335119262865,1.0,1.0,29.909601195852353,0.9670625641500551,0.9622755091802949,0.9558383233532934,466.1623550599105,50.893264700435864,52.92884313362393,56
2261,17832,12496,325.32497009390005,1.0,1.0,28.063714878169648,0.961800102136188,0.9573467769344058,0.9466201716738197,362.8967838847696,36.85772068630406,37.57181379086937,42
2266,17832,12496,524.4859023308422,1.0,1.0,36.25181281309318,0.9126704547019471,0.9781435406698564,0.7991431451612904,585.9656891840576,55.469680279822484,61.47978685321499,68
2267,17832,12496,609.5616284332317,1.0,1.0,24.469641493198214,0.976869478015803,0.9675587619269258,0.9754695595854922,687.0222419152805,73.44092022307302,77.46061348204867,80
2274,17832,12496,498.6937446542534,1.0,1.0,20.61482321081147,0.9858448978152387,0.9913056149213134,0.9690072016460906,568.1442686270168,68.92578595914446,69.45052397276297,68
2279,17832,12496,371.53285321034076,1.0,1.0,38.683743840320695,0.9800121931477266,0.9851664059550137,0.9691506410256411,416.95732694196596,41.13671059743757,45.42447373162503,47
2268,17832,12496,263.97867793034766,1.0,1.0,25.871511911859002,0.8746668054375039,0.8627639866617266,0.8041267942583732,307.7344261844495,43.13362238115277,43.75574825410184,37
2272,17832,12496,481.6180185518644,1.0,1.0,30.828328614726416,0.9160493058581836,0.9251651084998713,0.8474561994609164,545.6115886159907,60.74035509618895,63.99357006412597,69
2262,17832,12496,401.44768786881696,0.9999500798722045,1.0,35.84089816164302,0.989575218888095,0.9973651116833343,0.9863933741648107,453.19349522016364,48.36871102701942,51.745807351346286,50
2295,17992,12609,495.0256696028753,1.0,1.0,35.644923316873076,0.9789385300070876,0.972197962154294,0.9782080777096115,549.9777740268049,50.178156635893586,54.952104423929036,66
2293,17992,12609,754.0863664617023,1.0,1.0,9.037129777101386,0.9399368336850235,0.984372057992845,0.8619791666666666,852.0882461470235,93.00281952798107,98.0018796853208,94
2294,17992,12609,409.95487147628234,0.9998764822134387,1.0,24.491132268961543,0.8758680700814939,0.8978995433789955,0.7361042490118577,466.2969082127443,54.51305510469271,56.34203673646181,55
2285,17992,12609,374.82027087084754,1.0,1.0,30.09480247511617,0.9844046621851995,0.9804694291509707,0.9895833333333334,421.99841201104465,45.26721171029542,47.178141140196935,47
2298,17992,12609,631.9398422327198,0.9999004777070064,1.0,22.993633864237786,0.9683107200579171,0.9498542813526392,0.9662196356275303,727.0995768818732,94.7396019737296,95.1597346491531,84
2288,17992,12609,692.9755723103324,0.9997775800711743,1.0,13.442769999524696,0.9828023158160726,0.9741368793461023,0.9816666666666667,779.4916180721212,81.77406864268272,86.51604576178852,93
2297,17992,12609,402.66745381577545,0.9997685185185186,1.0,27.27524171884506,0.9864050505775163,0.9729647630619684,0.9903706395348837,457.6319518533176,53.946747056313086,54.964498037542036,52
2296,17992,12609,510.6411629772975,1.0,1.0,38.6430103615287,0.9525700553926361,0.9560840707964602,0.9211277173913044,572.9832251832828,58.2630933089773,62.34206220598485,72
2290,17992,12609,335.5591440488188,1.0,1.0,19.621976223645262,0.9903270555007061,0.9911676382264618,0.9829963235294118,381.2567623571597,44.54642746251118,45.697618308340786,41
2281,17992,12609,395.07825127983136,1.0,1.0,35.535632967159266,0.9319062821653495,0.9248505550811272,0.890882554945055,445.31035768674207,44.59815961036557,50.23210640691038,53
2282,17992,12609,292.6649694313629,1.0,1.0,23.85723585225082,0.9777483715970555,0.9889871516769565,0.9512134308510638,331.226884428503,36.84287249571013,38.561914997140086,39
2286,17992,12609,314.8114936603451,1.0,1.0,24.69031972550933,0.9932602018429135,0.9949753252579632,0.9943055555555556,355.13166890797976,39.48026287145197,40.32017524763464,40
2289,17992,12609,585.6142101101876,1.0,1.0,20.764615086716436,0.9572066656465633,0.974053237047611,0.9002976190476191,666.2690540964082,78.23226597933011,80.65484398622009,74
2284,17992,12609,541.9636486867848,1.0,1.0,18.980206060687248,0.9550822089448813,0.9859478921838276,0.8863293051359517,611.0672991580365,66.90547570687704,69.10365047125136,71
2292,17992,12609,302.1514929978078,1.0,1.0,27.574929065726145,0.9500513086188516,0.9678370234508057,0.8995706106870229,348.5405723677367,45.58361905489315,46.38907936992876,37
2299,17992,12609,379.31867726781024,1.0,1.0,32.83374466746348,0.9422129010853594,0.9635544179835299,0.8781340843023255,428.97828919155234,45.23941788561276,49.65961192374185,53
2291,17992,12609,454.10768853135426,1.0,1.0,33.68630756046543,0.9534164870066717,0.9436157785964597,0.9330909653465347,507.36391516158517,46.13433994534611,53.25622663023073,61
2300,17992,12609,329.6706002288205,0.9998719262295082,1.0,27.994696562943698,0.9757804739934833,0.9686899513959535,0.9675719246031746,372.8476937025784,40.015640210636654,43.177093473757765,41
2287,17992,12609,623.8784833452614,1.0,1.0,10.64557092353413,0.9495755923562369,0.9753923298356393,0.8624621975806451,706.5593090944218,77.52123862374026,82.68082574916022,87
2283,17992,12609,523.7908336193246,1.0,1.0,22.59160772489712,0.9651426280871395,0.988401546460472,0.9259211432506887,587.9741938210011,60.275040302514235,64.18336020167614,70
2307,18152,12722,614.2829879832274,0.9998442691029901,1.0,19.03921936502865,0.94789644243947,0.9676792512690355,0.8727159468438538,694.9961701595417,77.56977326447137,80.71318217631423,80
2306,18152,12722,620.162754592723,1.0,1.0,31.454534673066483,0.9744020718457092,0.9674031587025892,0.9700857355864811,693.3296645857752,64.00036498957758,73.16690999305177,78
2305,18152,12722,635.6555709852578,0.9997667910447762,1.0,10.817170024616322,0.9859845376409105,0.9920092582387303,0.976063829787234,725.5109621867844,86.03308680228896,89.85539120152602,84
2309,18152,12722,265.582950502884,1.0,1.0,29.090173199663035,0.935999077622462,0.9281091077207582,0.8932400627615062,304.22221977313336,38.458903905373894,38.639269270249265,36
2312,18152,12722,293.0757668954187,1.0,1.0,30.7616532438711,0.9464510078040664,0.9625338920384521,0.8947816506410257,330.7398345496754,33.24610148138493,37.66406765425662,36
2318,18152,12722,260.8878817913662,1.0,1.0,32.83749167091152,0.9847193399807663,0.9842244473833365,0.9818313953488372,294.8414752008996,30.68039011430006,33.95359340953337,35
2301,18152,12722,467.5679212593212,1.0,1.0,37.11837772903287,0.9512140659125531,0.9488215207795453,0.92578125,528.4168105290225,56.77333390455155,60.84888926970103,62
2316,18152,12722,256.122717774917,1.0,1.0,31.903254480521298,0.9712659696848379,0.965954465849387,0.963795731707317,287.6977089568204,30.112486772855,31.574991181903336,35
2315,18152,12722,265.41261981983666,1.0,1.0,26.298947819668875,0.9916001679966401,0.9861310782241015,0.9951388888888889,299.7211548852979,34.212802598191885,34.30853506546125,31
2304,18152,12722,520.6173565232323,1.0,1.0,18.240514530412074,0.9856666161079933,0.9891698864301603,0.9724566605839416,594.2268126746972,69.91418422719678,73.60945615146454,67
2313,18152,12722,324.72632831882134,1.0,1.0,23.237394620188553,0.9465592229901005,0.950753960679519,0.8984710300429185,372.01166801246706,44.67800954046852,47.28533969364568,42
2320,18152,12722,668.3243488582979,1.0,1.0,25.45289377359815,0.905976831201085,0.896662239417913,0.8547297297297297,746.1086828482362,70.9265009849075,77.78433398993833,86
2314,18152,12722,321.3863289813586,1.0,1.0,27.380476689943507,0.929135786746085,0.9106955502067519,0.9027979651162791,369.0456065092911,45.23891629189832,47.65927752793222,43
2311,18152,12722,325.46520149679264,1.0,1.0,26.251209430187647,0.9785600215696034,0.993456457925636,0.9357718894009217,370.19624653635253,43.846567559339746,44.731045039559824,41
2308,18152,12722,403.12205574628484,1.0,1.0,24.96955024617826,0.9518441641385917,0.9671070664985473,0.891044061302682,458.4452657385671,53.73481498842327,55.32320999228219,54
2319,18152,12722,301.36003814288057,1.0,1.0,27.615420319732618,0.9850592585273514,0.9752333924851477,0.9885292658730159,344.17996907782657,40.97989640241879,42.81993093494584,39
2310,18152,12722,368.87914537389327,0.9999359631147541,1.0,24.653846441627643,0.9608036936497995,0.959830866807611,0.9375,417.47226854686113,45.13968475945164,48.59312317296775,49
2317,18152,12722,398.3130872633822,1.0,1.0,19.244591711441043,0.9943761263648891,0.9948553534148523,0.9901574803149606,440.4672706814594,35.4812751271156,42.15418341807706,49
2302,18152,12722,379.22229112440084,1.0,1.0,40.38028343584929,0.9683853186569993,0.9500191602343023,0.9747055674518201,420.20270115544355,33.7206150465638,40.98041003104252,52
2303,18152,12722,609.9812031077901,1.0,1.0,14.273297168823678,0.9895925072486499,0.9937019895987403,0.976962457337884,704.7674775568858,96.42941167364336,94.78627444909552,81
2335,18312,12835,570.3832233613434,1.0,1.0,23.31480487083052,0.9817418784338171,0.9864671088008604,0.968286350148368,655.1791117441315,82.94383257418123,84.79588838278751,73
2329,18312,12835,383.98745514085016,1.0,1.0,28.92680994545129,0.97919302146292,0.9665762128532662,0.9832142857142857,439.4759079695537,52.482679243055074,55.48845282870337,52
2322,18312,12835,549.3513017254078,1.0,1.0,23.279979553044242,0.9672695951765719,0.9760286225402505,0.9377232142857143,631.274360699679,80.88458846140688,81.92305897427127,74
2324,18312,12835,713.5441148052565,1.0,1.0,20.523241354752933,0.8999148269563099,0.9714409190766017,0.775100626118068,811.0643189691147,94.53030624578689,97.52020416385785,92
2334,18312,12835,307.95238709186964,1.0,1.0,23.561867476203147,0.9827942355828816,0.9724424311060778,0.9902925531914893,345.6782184452658,36.33874703009427,37.72583135339617,40
2327,18312,12835,338.55351325136115,1.0,1.0,26.510129851263272,0.9757139272033373,0.9732486075154938,0.969435736677116,378.0039301217232,35.17562530554309,39.45041687036205,41
2339,18312,12835,403.07825127983136,1.0,1.0,22.80552293516278,0.9638333240467303,0.9742562929061785,0.9387365107913669,463.32720981158917,59.62343779763645,60.24895853175766,51
2338,18312,12835,334.1514929978078,1.0,1.0,27.045845743648734,0.9600715013198644,0.9561382598331347,0.9299795560747663,393.27383842420096,61.68351813958971,59.12234542639314,46
2328,18312,12835,392.72632831882123,1.0,1.0,23.61980601764165,0.9712846156760239,0.9733542319749217,0.9542327425373134,449.008853395153,52.92378761449733,56.28252507633158,52
2337,18312,12835,332.70003748034327,1.0,1.0,29.80331216557177,0.9194436961792127,0.9057694924479521,0.8905282507739938,389.11812277020664,55.37712793479466,56.4180852898631,44
2332,18312,12835,633.5966964822123,1.0,1.0,19.75725120269858,0.9689784927676319,0.9800803344536437,0.9293948126801153,738.63577430521,108.05861673449652,105.03907782299777,88
2336,18312,12835,456.4771251203398,0.9997844827586206,1.0,28.66926442073784,0.9635657774105556,0.9591767389932527,0.9556304664723032,535.39617184884,77.87857009274973,78.9190467284999,65
2331,18312,12835,520.219144711356,1.0,1.0,26.454587151598894,0.9757163791733611,0.9793064614518324,0.9566835732984293,580.5841952518371,56.79757581072144,60.36505054048096,67
2325,18312,12835,395.04318323085084,1.0,1.0,33.30311625709632,0.9844295982474246,0.9675346635103145,0.9894578313253012,442.07601343484606,45.79924530599265,47.032830203995076,49
2340,18312,12835,400.81397804475773,1.0,1.0,20.881014639953342,0.9933786500321223,0.9897800776196637,0.9928097345132744,456.48337866397236,52.754100928821586,55.669400619214414,49
2326,18312,12835,369.2159982983111,1.0,1.0,17.95903421953309,0.9610777749461344,0.9609958506224067,0.9316007653061225,429.7299505519867,59.270928380513105,60.513952253675406,47
2321,18312,12835,398.1252021593298,1.0,1.0,25.752018179596515,0.9045580960137238,0.8894369474174034,0.8422131147540983,453.4906613845201,54.548188837785354,55.365459225190236,53
2330,18312,12835,699.681861823736,1.0,1.0,9.720557227889639,0.9748087718216025,0.9882946001367054,0.9285071942446043,810.9127875795724,109.84638863375451,111.23092575583634,97
2323,18312,12835,379.7820564088222,1.0,1.0,28.656562690411086,0.9798155078713477,0.9847338120188887,0.959593949044586,437.8866769534227,57.1569308169007,58.104620544600486,51
2333,18312,12835,369.90228979932647,1.0,1.0,21.738007409826764,0.9830561177165023,0.9871054114994363,0.9695998953974896,432.1613678943847,61.1386171425872,62.259078095058136,48
2349,18472,12947,395.50656237186274,1.0,1.0,30.44896631876734,0.9661416407284176,0.9675609234715691,0.9341819498069498,450.53628083520647,54.044577695015256,55.02971846334349,56
2353,18472,12947,343.5328532103407,1.0,1.0,28.07994229279593,0.958649089325749,0.9570015220700152,0.9281379132231405,384.55239686365223,37.52931547996712,41.019543653311395,45
2350,18472,12947,422.6236493493221,1.0,1.0,27.294322962768266,0.9957452885265593,0.996810083249047,0.9919894366197183,480.24203775699806,56.42758261151361,57.61838840767575,55
2344,18472,12947,905.9248129891581,1.0,1.0,14.464524614421945,0.9735764305293817,0.9890658033826638,0.9320469798657718,1048.3864242337654,141.69241686691151,142.46161124460778,121
2355,18472,12947,441.0193767767856,1.0,1.0,30.044761432207938,0.9866824527807134,0.9946518344207936,0.9769589552238805,515.2950893427377,76.16356884892733,74.27571256595161,57
2360,18472,12947,430.87285254780346,1.0,1.0,26.026640550077644,0.96680743807171,0.9824043938161107,0.9201328397212544,491.3158105535965,59.91443700868929,60.44295800579286,56
2341,18472,12947,496.31557164779485,0.99991391184573,1.0,27.257337888965754,0.996523808496718,0.9984957488554611,0.9979411764705882,569.3772621636449,69.8425357737741,73.06169051584946,61
2356,18472,12947,477.9022897993263,0.9999433876811594,1.0,29.049480103223182,0.9400363071829249,0.9562911019874287,0.872978583916084,547.300684800042,67.34759250107317,69.39839500071547,66
2357,18472,12947,452.013745979328,1.0,1.0,27.55957164773852,0.9853008764644697,0.9802208469845892,0.986943493150685,502.8543581523128,47.01091825947682,50.840612172984514,56
2354,18472,12947,582.0162303637411,1.0,1.0,33.201996524301336,0.9457676205930909,0.9263224680783567,0.9400146925858951,654.9325769015016,69.62451980664062,72.91634653776042,77
2348,18472,12947,230.4921543639026,1.0,1.0,28.73027644333896,0.9790690636160038,0.9707602339181286,0.9783608490566038,263.9311227130283,29.90845252368846,33.43896834912563,34
2342,18472,12947,439.2748728013568,1.0,1.0,15.474537871399765,0.948261000732664,0.9625304136253041,0.8840005760368663,525.9046224447005,89.44462446501544,86.62974964334363,67
2345,18472,12947,962.9567346250938,1.0,1.0,-3.705081454423264,0.9962279318554247,0.9955024263226417,0.9966413551401869,1104.4485393998052,137.98770716206738,141.49180477471177,128
2343,18472,12947,444.9667950998297,1.0,1.0,26.09526912738282,0.9596552071612112,0.9554136395594094,0.9281351791530945,503.84521138122966,53.06762442209956,58.87841628139968,55
2358,18472,12947,443.30994085033734,1.0,1.0,21.435586621595252,0.9765215803934602,0.9889349930843707,0.9597094481605352,508.16966953834697,63.53959303201421,64.85972868800947,59
2346,18472,12947,406.6148721388196,1.0,1.0,29.03528023000583,0.8642134025128753,0.9114793856103476,0.7049795994065282,466.3502001908743,58.102992078081826,59.73532805205455,55
2351,18472,12947,384.7789099957772,1.0,1.0,24.76034291440575,0.9836097334159951,0.991859243697479,0.9637317518248175,448.0926191759596,64.97056377027343,63.31370918018229,55
2347,18472,12947,441.1371257828772,1.0,1.0,32.54297678556091,0.9891502167511431,0.9924416083266216,0.9841707516339869,493.64432497941243,49.51079879480289,52.50719919653525,56
2352,18472,12947,492.67374664186525,1.0,1.0,24.47574096703447,0.984005932835229,0.9849292709466811,0.9839891975308642,544.8165729145454,47.4642394090197,52.1428262726798,64
2359,18472,12947,550.78139438019,1.0,1.0,10.94742325351498,0.9925746950321175,0.9911987860394538,0.9892181734317343,637.6370163308571,86.03343292600046,86.85562195066703,70
2365,18632,13059,522.4445414557722,1.0,1.0,26.850493237124663,0.9512181900112148,0.9705223440632001,0.8816371681415929,588.4832978834248,63.808134641478595,66.03875642765237,70
2369,18632,13059,386.1602702083103,0.9998405612244898,1.0,26.362346537149396,0.9932005828071879,0.9962976675305443,0.9971548507462686,435.2000295991582,48.059639086271616,49.03975939084774,45
2373,18632,13059,354.5359996233857,1.0,1.0,30.71024627310318,0.9406854130052724,0.9339105655414291,0.9073365066225165,401.27106350131675,42.35259581689648,46.73506387793099,44
2367,18632,13059,345.6443093903424,1.0,1.0,27.943636424217804,0.9013410174986972,0.9058580999828209,0.8343970070422535,395.3545449544506,46.06535334616196,49.71023556410798,46
2376,18632,13059,269.12834857237465,1.0,1.0,22.291040881828156,0.9521324444160897,0.9859247674705737,0.8844551282051282,314.3797949230076,44.62716952594916,45.251446350632776,35
2366,18632,13059,378.44454145577214,1.0,1.0,12.5461213244962,0.9728500059474248,0.9792503346720214,0.9408783783783784,439.16576977580274,61.08184248004551,60.72122832003036,49
2375,18632,13059,320.1840766623755,1.0,1.0,27.66465286172547,0.951944115462593,0.9368010403120937,0.9328512396694215,371.51062776077947,49.239826647605874,51.32655109840391,45
2379,18632,13059,349.4126198198365,1.0,1.0,27.09029191982216,0.9953996440876909,0.9915254237288136,0.9971855590062112,393.7554944441358,43.26431193644876,44.34287462429917,46
2374,18632,13059,846.2391835167749,1.0,1.0,15.438667973501161,0.9267665656607584,0.9386195438755475,0.8598090277777778,947.3432014562394,92.40602690919783,101.10401793946525,115
2368,18632,13059,407.7645427808466,0.9999507097791798,1.0,35.69881067204912,0.9829079634104626,0.9884173894977406,0.9777269647696477,459.18657505366605,49.38304840922887,51.42203227281923,56
2363,18632,13059,538.8553389198281,1.0,1.0,17.14111042303107,0.9872739393887925,0.990722065348931,0.9748901757188498,619.7874667798901,78.64819179009268,80.9321278600618,69
2370,18632,13059,509.49153312830003,1.0,1.0,15.361196682825822,0.9696974103913985,0.9832405543053417,0.9292052469135802,584.3493279134966,74.78669217779438,74.85779478519623,64
2377,18632,13059,452.2454355498339,1.0,1.0,39.285136237658186,0.9934582738262944,0.99037977515521,0.9931741718426501,501.5549401974689,43.21425697145218,49.309504647634775,58
2380,18632,13059,338.5798040898391,1.0,1.0,28.494130304153536,0.970776841333822,0.9923143350604491,0.942724609375,383.4933061012853,44.12025301716923,44.91350201144614,45
2371,18632,13059,573.4213970303392,1.0,1.0,27.622359549060985,0.965597181008902,0.9736611948331539,0.9215029761904762,660.1395065698631,86.57716430928595,86.71810953952395,79
2361,18632,13059,410.3656689403382,1.0,1.0,30.589873154546776,0.9383488340543554,0.9639609852868243,0.8556985294117647,465.11220243047745,49.8698002352084,54.74653349013895,53
2362,18632,13059,473.4739787072949,1.0,1.0,33.43339274808761,0.9751938240788189,0.9679624092268262,0.9737584650112867,533.8943715144692,59.130589210761165,60.420392807174125,62
2378,18632,13059,388.9317270508492,0.9999399038461538,1.0,27.52914081348217,0.9463162814411965,0.9626752336448599,0.9019230769230769,455.06914827460776,66.20613183563755,66.13742122375837,51
2372,18632,13059,331.39754978324424,0.999746963562753,1.0,27.97142893656351,0.9137014595181925,0.8815671162491971,0.8800607287449392,385.50533314401605,55.66167504115773,54.10778336077182,44
2364,18632,13059,649.0807356642442,1.0,1.0,11.87984502011907,0.9926248337564987,0.999013076733284,0.9928933021806854,758.45359709745,107.80929214980819,109.3728614332056,92
2382,18792,13172,927.2059378235749,1.0,1.0,-12.776029453846157,0.9971749494071467,0.9975340607854016,0.9999449823943662,1080.7314751325068,155.28830596339824,153.52553730893223,128
2395,18792,13172,485.9285806378043,1.0,1.0,18.585055848737618,0.9755861328871023,0.9794772411051481,0.9506437768240343,548.8948380331015,65.19938609294525,62.96625739529682,62
2387,18792,13172,511.6730846132332,1.0,1.0,23.696691100740836,0.9812375922388283,0.9816194984389163,0.9669693732193733,572.7594610978241,54.12956472688583,61.08637648459056,65
2390,18792,13172,467.755765570344,1.0,1.0,32.417639983196565,0.9728075754363649,0.9897481613550256,0.9494612068965518,516.7626944624034,43.51039333808862,49.006928892059065,62
2384,18792,13172,480.26298997083893,1.0,1.0,25.044703398057912,0.9339735012259357,0.956140350877193,0.8328909266409267,544.8660824052669,60.15463865164156,64.60309243442767,61
2386,18792,13172,536.9191413986696,1.0,1.0,23.34822838631425,0.9746405364816441,0.9779285304796483,0.9528532608695652,616.5175122705853,78.14755630787279,79.59837087191518,76
2393,18792,13172,439.5328532103407,1.0,1.0,27.945438977526543,0.9927691206869136,0.9936112545172948,0.9907820767195767,505.36243184344636,67.24436794965813,65.82957863310543,56
2389,18792,13172,316.6912602698408,1.0,1.0,34.92266273024453,0.8913730874852885,0.8991360509981546,0.7874177631578947,354.77422212253913,36.12444277904757,38.08296185269836,42
2381,18792,13172,453.63172373816286,1.0,1.0,18.46199082197099,0.9829952282793248,0.9726590538336052,0.9820851293103449,529.5031558807224,75.55714821383903,75.8714321425594,63
2397,18792,13172,316.38069818390096,1.0,1.0,33.97104238623439,0.990865406410082,0.9998057749579179,0.9869160899653979,352.56976827186276,34.03360513194258,36.18907008796171,43
2399,18792,13172,454.3043100528797,1.0,1.0,29.139555527951178,0.992272636448871,0.9914377117049303,0.9934543918918919,511.80090768181367,53.99489644340097,57.49659762893396,66
2396,18792,13172,406.16027020831024,1.0,1.0,32.557327393150885,0.9382456193103655,0.9477895969552064,0.8909894314868805,463.5288623547468,57.552888219654854,57.368592146436534,55
2388,18792,13172,551.6205029362773,1.0,1.0,22.050610768495037,0.9476306531914259,0.9342720618137454,0.922566371681416,628.133835446015,74.2699987646061,76.51333250973738,74
2391,18792,13172,623.0958057008369,1.0,1.0,20.68547316931345,0.958951606387849,0.9946224256292906,0.9105057157057654,695.229817678082,61.70101796586751,72.134011977245,79
2385,18792,13172,411.0431832308509,1.0,1.0,36.52123547228447,0.9453046302101311,0.9420830087904751,0.9159260321100917,456.0149988950614,40.457723496315424,44.97181566421028,56
2383,18792,13172,377.61801855186445,0.999929932735426,1.0,23.697368818049537,0.9362496274388425,0.9229855901559717,0.9196512172284644,428.0679053628201,46.42483021643324,50.4498868109555,48
2400,18792,13172,617.1371257828773,1.0,1.0,22.261991903577332,0.9384918194119818,0.9734922611634941,0.8625075483091788,696.0068598653436,77.05460112369897,78.86973408246602,84
2394,18792,13172,210.51844520238063,0.999803870292887,1.0,32.11188618578196,0.9287106968771762,0.9632502742516846,0.8580134854771784,241.21113199523055,30.289030189274854,30.69268679284989,29
2398,18792,13172,276.6386785928849,1.0,1.0,29.465950543336742,0.9275755424863111,0.9464777420835245,0.8319589120370371,306.23183130661215,28.639729070590782,29.593152713727175,37
2392,18792,13172,569.911067009829,1.0,1.0,18.311920866315283,0.9346352428787188,0.9934496550924584,0.8404392764857881,639.563010655085,62.47791546788331,69.65194364525553,77
2405,18952,13285,327.9523870918696,1.0,1.0,36.9407480896316,0.9218104197362953,0.9204575450945887,0.8668435534591195,373.32736475944307,42.56246650135995,45.37497766757329,47
2403,18952,13285,413.16341662135517,1.0,1.0,29.82336150529529,0.964068767019139,0.9474904668659178,0.9691461267605633,467.02490494753346,48.54223248926717,53.86148832617811,56
2402,18952,13285,401.5917277133864,1.0,1.0,33.20456165748946,0.9051190088033909,0.9106780204510635,0.8078621908127208,454.0966960608139,48.75745252114087,52.504968347427265,60
2418,18952,13285,361.8759989608483,1.0,1.0,29.961212669830303,0.9679434367739432,0.9867315347191509,0.9311186186186187,407.4079005085216,42.79785232150976,45.531901547673144,47
2411,18952,13285,501.0193767767855,1.0,1.0,32.656696735188255,0.9583244624228229,0.9746813031161473,0.9145359848484849,563.524707720859,59.25799641610963,62.50533094407307,69
2420,18952,13285,631.113319328812,1.0,1.0,17.14903201422842,0.9672348437483252,0.9846899136236917,0.9274696291560103,728.0389819658941,94.38849395562269,96.92566263708177,86
2408,18952,13285,442.864075337301,0.9999529367469879,1.0,34.68283644799674,0.849335824572167,0.9681376142305624,0.6722589792060492,494.26609038043944,47.85302256470738,51.40201504313826,63
2419,18952,13285,210.46586352542468,1.0,1.0,26.250550208750504,0.9964009542612702,0.9989525139664804,0.9932725694444444,243.59580053095976,31.69490550830259,33.12993700553505,28
2414,18952,13285,384.7613963678018,1.0,1.0,26.263904541721967,0.9803675764761575,0.9743685687558465,0.9763719512195121,453.9467557195455,67.77803902761511,69.18535935174343,52
2404,18952,13285,382.2780192144017,1.0,1.0,31.75885293225157,0.9680503731343282,0.9796217637540453,0.9316907051282052,434.1513285678458,47.80996403016578,51.873309353443844,52
2415,18952,13285,609.9110670098291,1.0,1.0,32.108451778385046,0.9363398497793741,0.9313466148631893,0.901956106870229,683.9708463845493,66.8396690620796,74.05977937471974,84
2413,18952,13285,409.24228913678905,1.0,1.0,34.57610757914184,0.9626314562071762,0.9673257725873772,0.9347245065789473,460.2084877659887,46.449297943799095,50.96619862919939,54
2417,18952,13285,494.4445414557721,1.0,1.0,25.464355529333382,0.9478607271766881,0.9599300233255581,0.8889052672955975,568.7793231435691,70.252172531695,74.3347816877967,66
2401,18952,13285,332.66496943136275,1.0,1.0,28.246408780666137,0.9825627817128139,0.9693642904829018,0.9913974719101124,375.45094596095475,43.92896479438785,42.7859765295919,46
2410,18952,13285,430.1602702083102,1.0,1.0,22.672789258421783,0.9795799380873718,0.9868104812708834,0.9603411259541985,485.4457047684774,50.678151840250365,55.28543456016691,54
2416,18952,13285,397.7231819057763,1.0,1.0,30.631956450352142,0.9333225278626779,0.9671077152441298,0.84765625,452.8575122782369,52.701495558690446,55.1343303724603,51
2407,18952,13285,670.1301709281555,1.0,1.0,16.113523751112375,0.9588036250916921,0.9678233987895677,0.9214764030612245,779.007320627364,106.31572454881207,108.87714969920809,86
2412,18952,13285,393.242289136789,1.0,1.0,27.785921499900635,0.98193730706578,0.983549551959342,0.9699092741935483,436.6704895499769,40.39230061978136,43.42820041318757,48
2406,18952,13285,374.3568917298357,1.0,1.0,30.892861756354996,0.9327579384706698,0.9475826344351258,0.8862121757925072,437.8018712531592,60.667469284984904,63.44497952332327,53
2409,18952,13285,342.86407533730096,1.0,1.0,20.957813488228467,0.9807567739333425,0.9833401332789338,0.9604048295454546,402.81233644640906,60.672391663662154,59.94826110910812,49
2430,19112,13397,467.5854348872967,1.0,1.0,30.583343396766903,0.9872891570665712,0.9966751634711294,0.9724486714975845,545.2976901678586,76.06838292084241,77.71225528056166,67
2437,19112,13397,542.4270278277967,1.0,1.0,26.021697826782756,0.9498734872132346,0.942758588542395,0.9205381016042781,609.4160967069598,61.48360331874423,66.98906887916283,71
2439,19112,13397,616.8315324657631,1.0,1.0,16.638199731510895,0.9925389026340343,0.9984103379313881,0.9799107142857143,713.100453328084,93.40338129348095,96.26892086232071,80
2435,19112,13397,440.93172705084913,1.0,1.0,34.59824744702753,0.9132756883702622,0.9241694048922965,0.825373427672956,493.23656729917263,45.457260372484924,52.30484024832327,60
2431,19112,13397,543.5065623718629,1.0,1.0,20.065460640421094,0.9835390097833798,0.9836457723100956,0.9772879464285714,614.2067613661656,66.30029849145417,70.70019899430278,76
2424,19112,13397,174.94675629441195,1.0,1.0,28.944333331288412,0.9774780417867235,0.9786445848768794,0.9689954188481675,198.067317021966,22.680841091331036,23.12056072755402,25
2432,19112,13397,488.4031805807017,0.9999134349030471,1.0,37.0085024200386,0.981543927160733,0.977465613110916,0.9759785353535354,557.8356980535763,69.64877620931071,69.43251747287383,66
2429,19112,13397,449.16341662135505,1.0,1.0,25.572881865715534,0.978651735613082,0.9792578028999754,0.9613807624113475,502.8755107937126,50.56814125853605,53.71209417235737,63
2423,19112,13397,524.3067944372924,1.0,1.0,22.84779625848053,0.9862516074133714,0.9914934369894653,0.9759678477690289,604.0265888965697,74.57969168891519,79.71979445927681,76
2438,19112,13397,514.6850082367805,1.0,1.0,33.94686306557117,0.9855982310243715,0.9838296590167227,0.9839638157894737,586.1848593379578,70.49977665176583,71.4998511011772,66
2436,19112,13397,381.6968910672984,1.0,1.0,18.473710326196706,0.9797106763950887,0.9753326509723644,0.9681136877828054,441.26642574859466,56.3543020219442,59.56953468129615,53
2433,19112,13397,339.44520348440426,1.0,1.0,29.417252864976785,0.9887603351903349,0.9886616856730895,0.9905798736462094,386.433672870049,42.73270407846673,46.988469385644485,46
2427,19112,13397,596.7701735783045,1.0,1.0,28.33322219950547,0.9608598785584124,0.9614772998330285,0.9307278067885117,668.178514485332,65.86251136054103,71.40834090702738,79
2434,19112,13397,503.4890487438872,1.0,1.0,38.014146539544534,0.9048964648048772,0.872572014952723,0.888878493013972,558.7342953672876,46.8678699350999,55.24524662339991,67
2426,19112,13397,417.7494727442543,1.0,1.0,25.67091808173444,0.9796608963612837,0.9998534046763908,0.9500358166189111,471.87560230515237,51.939194341346735,54.1261295608978,57
2428,19112,13397,725.2861343962725,0.9998736522911051,1.0,29.355442136227374,0.9307828355235948,0.9821581160064258,0.847675879396985,810.6987425945557,80.8689122974245,85.41260819828308,97
2425,19112,13397,437.07195845374156,1.0,1.0,28.570305317431004,0.954540168348953,0.9669556905851028,0.9190492021276596,492.9628775017492,51.58637857201102,55.89091904800735,58
2422,19112,13397,769.5966964822128,1.0,1.0,9.858047095664327,0.9345879698477001,0.9444984342943527,0.8634240033222591,865.939437437113,90.51411143235093,96.34274095490073,104
2421,19112,13397,361.67060022882043,1.0,1.0,23.717318046925623,0.980552776388194,0.9746300211416491,0.9802450440528634,416.27215512015795,57.15233233700604,54.60155489133735,47
2440,19112,13397,356.4332798608568,1.0,1.0,26.389250899421846,0.9865976855788214,0.9897267310458188,0.9816113945578231,401.02809915763777,43.642228945171105,44.594819296780734,48
2460,19272,13510,417.69689106729834,1.0,1.0,24.83395197985436,0.9719405232130321,0.9836761846279808,0.9347527472527473,480.87913735458835,62.52336943093471,63.18224628728983,56
2448,19272,13510,527.5328532103407,1.0,1.0,24.34714243607349,0.8736823409846634,0.9562695992095881,0.7239805437100213,581.7984126357275,47.64833913807964,54.26555942538644,69
2451,19272,13510,705.0281539872888,1.0,1.0,32.193271830757894,0.920220151324266,0.9577787225692515,0.8498237423780488,791.2308919981966,82.8041070163616,86.20273801090774,95
2443,19272,13510,373.15463941085267,1.0,1.0,31.584488088901626,0.9747651471529755,0.9659019752945864,0.9706869834710744,414.03056993241296,38.06389578234022,40.875930521560136,47
2446,19272,13510,262.9818243433925,0.9999394379844961,1.0,34.73575336846932,0.9837118162843274,0.9948552560853874,0.9690645973154363,303.47798997545857,38.24424844809913,40.49616563206608,37
2449,19272,13510,924.2504043186599,1.0,1.0,6.149350604507303,0.9544359584171039,0.9738163972286374,0.8687813545150501,1036.2259258117538,109.46328223964143,111.97552149309436,123
2444,19272,13510,471.6117257257746,0.9997702205882353,1.0,24.072271749501347,0.9690573986308583,0.9686731179268493,0.963611577181208,541.2665268466883,69.23220168137006,69.65480112091338,66
2457,19272,13510,496.95801788932715,1.0,1.0,16.239422490424847,0.9293648414985589,0.9912092475946563,0.8304432492581603,561.1364659596536,61.76767210548959,64.17844807032641,68
2459,19272,13510,341.61801855186445,1.0,1.0,26.596455846736614,0.9372677549997912,0.9357454772301934,0.8919811320754717,385.99173612963364,40.31057636665343,44.37371757776895,46
2453,19272,13510,387.2923864293323,1.0,1.0,35.919229227910485,0.8933279884439805,0.9473886492718965,0.7542875989445911,435.54893106310953,43.13481695066583,48.2565446337772,56
2456,19272,13510,329.530368825928,1.0,1.0,28.640173162924263,0.9466896665023821,0.9568633915814925,0.8898168103448276,372.8796448770825,39.523914076731714,43.34927605115446,49
2447,19272,13510,465.69689106729834,1.0,1.0,26.293974925277258,0.9414562656525369,0.9694978883153449,0.8566640378548895,529.9894799052413,61.938883256914046,64.2925888379427,66
2445,19272,13510,227.5152987893358,0.9999351659751037,1.0,32.116156643848846,0.9606061097857194,0.975345412426574,0.9225765306122449,263.82324853712817,36.461924621688645,36.307949747792414,31
2450,19272,13510,330.1427157873052,1.0,1.0,36.36029651127508,0.931754922511254,0.9467930489731438,0.889296875,382.17055388411495,50.29175714521461,52.02783809680972,50
2452,19272,13510,515.8434152962805,1.0,1.0,24.19877783093486,0.9900656285161709,0.9951392462972494,0.9806268063583815,599.3556063179459,80.26828653249743,83.51219102166498,76
2442,19272,13510,263.9523870918696,1.0,1.0,30.156350367847743,0.9311829956001735,0.9456431535269709,0.8577692687747036,291.89277863056515,24.660587308043198,27.94039153869546,35
2455,19272,13510,167.2310275418739,0.9993785511363636,1.0,30.82487358540264,0.9717058807111556,0.9755653507090839,0.9710069444444445,191.20340585936424,23.208567476235498,23.972378317490328,24
2458,19272,13510,410.6411629772975,1.0,1.0,28.435314542760423,0.9965917140782257,0.9927431059506531,0.9982344632768362,475.42105247712385,64.91983424973924,64.77988949982617,56
2441,19272,13510,501.7845407932348,1.0,1.0,25.90920671281491,0.9781994092021243,0.9850291695264242,0.9504775747508306,575.1362229175423,66.52752318646068,73.35168212430712,70
2454,19272,13510,462.92543422475933,0.9999041411042945,1.0,31.99433506939567,0.9877754055899342,0.9821322998094988,0.9905499454148472,525.8083575993467,60.57438506188048,62.88292337458698,62
2472,19432,13622,380.46834790983723,1.0,1.0,38.524031970601584,0.9388034410844629,0.9156221513217867,0.9297043736501079,425.54515040585864,39.86520374403169,45.07680249602112,52
2478,19432,13622,470.623649349322,1.0,1.0,31.752901103324287,0.970900174518798,0.9818322755680442,0.9440742074927954,532.6557655726181,58.54817433494337,62.032116223295596,63
2466,19432,13622,450.39195977881616,1.0,1.0,29.78117218266656,0.9214060448763413,0.8782510751587139,0.9157274590163934,512.5811108837866,59.533726657455226,62.18915110497016,60
2463,19432,13622,374.4357642452696,1.0,1.0,33.013889030228675,0.966058356367344,0.9951880585289208,0.9009385313531353,427.03112261311543,50.39303755176845,52.59535836784563,52
2476,19432,13622,517.0105995662832,1.0,1.0,22.819440285909344,0.9801723731926719,0.9697905181918413,0.9758445945945946,576.6223644577087,52.66764733713812,59.611764891425445,67
2473,19432,13622,531.0870284903338,1.0,1.0,23.849517040254984,0.9921889316474253,0.9993199129488575,0.9936044730392157,591.860444775275,52.91012442741126,60.773416284940815,69
2477,19432,13622,754.969279484243,1.0,1.0,9.994232017653438,0.9735153030200663,0.9854014598540146,0.9275205291970803,839.7072967498032,79.85702589834025,84.7380172655602,99
2462,19432,13622,978.637395328651,1.0,1.0,2.712900492752516,0.9583217945167545,0.997803363126799,0.8880813953488372,1106.8767405030574,111.3590177616097,128.2393451744066,127
2461,19432,13622,263.4627171123797,1.0,1.0,33.613500520168614,0.9103402204514005,0.9074800658144538,0.8518298479087453,299.2669955482699,33.456417653835175,35.804278435890105,40
2474,19432,13622,516.7088146908458,0.9997226331360947,1.0,33.77227441827324,0.9650228097850864,0.9849133618792268,0.9190496575342466,580.3373693076285,58.692831925173365,63.62855461678224,74
2469,19432,13622,577.9899395252628,1.0,1.0,31.441943575263227,0.9387750358121438,0.9533818377795742,0.8847373188405797,664.1558653764342,84.24888877675642,86.16592585117097,81
2479,19432,13622,609.0281539872883,1.0,1.0,28.045433263059763,0.9793664013427256,0.9901563118322121,0.9610688025210085,689.7267865007212,76.79794877014898,80.69863251343266,81
2475,19432,13622,375.2222911244009,1.0,1.0,29.712055212123058,0.980091657221702,0.9669853497489511,0.9820827095808383,419.778667573773,39.084564674058036,44.55637644937201,52
2464,19432,13622,462.39195977881616,1.0,1.0,23.197098992185083,0.8846837173733363,0.9169143733819158,0.7632140207715133,527.2367128992322,63.517129680623825,64.84475312041586,61
2465,19432,13622,574.2566971447492,1.0,1.0,16.11172565745445,0.9026120295299734,0.8928201862612434,0.8360871647509579,655.1151610936322,77.78769592332348,80.85846394888235,76
2471,19432,13622,456.76139636780164,1.0,1.0,27.031971569741934,0.9035385176849852,0.9148007902535397,0.8087797619047619,531.622276819613,72.54132067771641,74.860880451811,63
2468,19432,13622,356.040036817806,1.0,1.0,28.911518838755267,0.9939062858453774,0.9930064782096584,0.9910475978647687,398.1066921283029,37.599982965745056,42.06665531049671,48
2480,19432,13622,343.7820564088221,0.9999433876811594,1.0,32.75674691232263,0.946985213256967,0.973418001919811,0.9046686746987952,396.3117242415477,49.544501749088056,52.52966783272537,48
2470,19432,13622,387.6643074027306,1.0,1.0,28.045930140686146,0.9230367021253225,0.9137071089477796,0.8931206597222222,437.0019125877314,48.50640777750096,49.337605185000655,50
2467,19432,13622,570.7112990752585,1.0,1.0,25.022323152438492,0.9766428703431188,0.9647124559442964,0.9786184210526315,648.2064424642102,68.99271508342683,77.49514338895126,70
2497,19592,13735,449.5265603842508,1.0,1.0,34.12667419520053,0.9780559804911215,0.9795765877957658,0.9633443813131313,506.76206448969486,53.603256158165564,57.2355041054437,63
2493,19592,13735,421.26857997526696,1.0,1.0,39.96478640255352,0.9758172724013727,0.9714434873401201,0.9687867647058823,482.37474143011144,57.15924218226637,61.106161454844255,59
2499,19592,13735,510.87285254780323,0.9999064371257484,1.0,34.22716849251229,0.9640622024754045,0.9647828274358544,0.943372969837587,566.902511861739,51.04448897090283,56.029659313935234,72
2490,19592,13735,395.7557655703441,1.0,1.0,30.694982130452185,0.9881761749926101,0.9787095936648059,0.9904857673267327,460.3199762353458,61.59631599750223,64.5642106650015,55
2484,19592,13735,376.6123877544069,1.0,1.0,34.8311313715831,0.9474548314675383,0.9561204203351321,0.9156586021505376,410.95046579660567,30.50711706329823,34.33807804219882,55
2483,19592,13735,605.7933180037375,1.0,1.0,8.490379444795181,0.9772118772018118,0.9925233644859813,0.92578125,696.7935159800514,89.25029696447022,91.00019797631353,83
2481,19592,13735,425.87599896084834,0.999937996031746,1.0,27.034188187584,0.9128546872072276,0.9188085738146051,0.8330965909090909,488.8123489986559,59.90452505671118,62.93635003780743,61
2491,19592,13735,631.9661330711978,1.0,1.0,21.411404829275114,0.9657595739028975,0.9594886201701885,0.95703125,718.1941524090174,79.09202900672926,86.22801933781956,85
2489,19592,13735,796.7926559751058,1.0,1.0,13.092971674459937,0.9644647351234426,0.9665244877751542,0.9302212732919255,901.0918183699317,101.6987435922387,104.29916239482583,107
2486,19592,13735,327.26609559085426,0.9999423431734318,1.0,33.10624727124102,0.9230162479542426,0.924983727489694,0.8810381355932203,371.7217107569178,42.68342274909514,44.455615166063424,47
2500,19592,13735,430.8465617093254,1.0,1.0,21.818318259184448,0.9307542122872356,0.9200036822240634,0.8828125,492.48568462724256,62.45868437687535,61.639122917916865,58
2496,19592,13735,376.5773197054263,0.9995629370629371,1.0,35.96941767489927,0.931330826312239,0.9373952708992739,0.887565274151436,409.9505817177409,32.05989301847174,33.373262012314484,57
2488,19592,13735,407.35374531679065,1.0,1.0,20.442752990373265,0.980578694693136,0.9730794972856399,0.9757006227758007,457.7142592508018,47.04077090101639,50.360513934010925,53
2498,19592,13735,552.0575912388111,0.9997907366071429,1.0,16.02920405977389,0.9819214574280208,0.9765289893488843,0.9759765625,625.847057624263,64.93419957817731,73.78946638545152,73
2487,19592,13735,633.089512874747,1.0,1.0,11.100326521591532,0.964117688364581,0.9733523189585028,0.9207132899628253,724.3566027513099,87.40063481484407,91.26708987656279,88
2494,19592,13735,380.2103675008534,1.0,1.0,36.35304666371481,0.9594186146688874,0.9748282718727405,0.9158035714285714,427.25410757411163,43.56561010988706,47.04374007325805,56
2492,19592,13735,384.92294984034663,1.0,1.0,31.51579421792085,0.9081166010462299,0.9005883170426646,0.8498095567867036,442.19275315842754,55.154704977121035,57.2698033180807,55
2485,19592,13735,929.736927885105,1.0,1.0,3.7810260060040464,0.9982084459915627,0.9961356587176489,0.9987714213709677,1033.1231142265165,98.0792795121171,103.38618634141149,123
2482,19592,13735,438.6674538157755,1.0,1.0,25.619443924778846,0.9893439130653889,0.9910511798958014,0.9838453389830508,493.37498752611896,54.31130056551505,54.70753371034334,58
2495,19592,13735,462.0074531532382,1.0,1.0,24.484841335015886,0.9805129746518384,0.9863930885529157,0.96484375,530.343803155875,68.00452500395471,68.33635000263648,61
2516,19752,13848,279.4714943228824,1.0,1.0,39.953742085081686,0.9087332808811959,0.9114567133229653,0.8615037465940054,316.56972147740277,33.8973407317806,37.098227154520394,40
2518,19752,13848,534.6148721388197,1.0,1.0,25.578957736719552,0.9569686087548759,0.9593544088250536,0.9218297101449275,614.306018147971,79.03671901372684,79.6911460091513,74
2519,19752,13848,349.43891065831446,1.0,1.0,26.61600625578655,0.9284619315278487,0.9820564278125369,0.8157598920863309,407.31125990741515,57.55852387365078,57.872349249100516,51
2505,19752,13848,467.6205029362771,1.0,1.0,32.04504742792694,0.948571548594653,0.9916338317050791,0.8791792168674699,530.5141727660723,56.840504744692375,62.89366982979488,64
2508,19752,13848,421.6443093903424,1.0,1.0,32.81913370318995,0.957326964146092,0.968697660987583,0.9308281680440771,471.952503329606,46.21229090889506,50.30819393926335,62
2504,19752,13848,353.8935125888238,1.0,1.0,28.981158980161172,0.982436524351327,0.982472613458529,0.9747785433070866,413.7370795432276,60.51535043160551,59.843566954403684,50
2515,19752,13848,478.01623036374076,1.0,1.0,22.304804462103853,0.919111006240694,0.9520017993702204,0.8008555133079848,550.5022460256934,67.4790234929282,72.48601566195217,65
2510,19752,13848,375.0344060203483,1.0,1.0,44.22125369121089,0.9680248468930047,0.9536779421096305,0.970733574610245,419.23584803739993,40.80216302557709,44.20144201705139,52
2501,19752,13848,394.15149299780774,1.0,1.0,29.533109748863414,0.9881286757780614,0.9877767383847833,0.9905992445054945,450.520029824637,56.80280524024368,56.36853682682912,53
2517,19752,13848,568.1101729157672,1.0,1.0,34.92710596408977,0.9234210386256236,0.9635139313567184,0.8263779008438819,645.7299587681124,73.67967877851733,77.61978585234486,80
2512,19752,13848,327.5503668383163,1.0,1.0,29.01322083556983,0.9118105412977091,0.9613883321025425,0.7814217032967034,374.10150921152814,44.32671355981766,46.55114237321177,46
2520,19752,13848,261.582950502884,1.0,1.0,31.10448287824924,0.9583608145430562,0.9893282594308405,0.9205984477124183,306.3189836254314,44.604049683821074,44.73603312254737,37
2502,19752,13848,748.1978226417039,1.0,1.0,6.701011479809109,0.9951757295112696,0.9977433744424036,0.9888608870967742,848.1751556778933,97.4659995542837,99.97733303618911,101
2514,19752,13848,495.06947406932886,1.0,1.0,37.77419802327602,0.9931911926673435,0.9904875740823746,0.994192216981132,555.2118200146808,55.713518918027575,60.142345945351735,71
2513,19752,13848,187.45393990187728,1.0,1.0,29.867899847083148,0.9476113607043066,0.977966903073286,0.8907828282828283,221.934774059573,35.22125123654359,34.480834157695725,29
2511,19752,13848,373.18093024933063,1.0,1.0,28.75345621450431,0.9828020776761219,0.9747276365522863,0.9818806475903614,432.7404063743829,57.83921418757826,59.55947612505217,54
2506,19752,13848,330.527222412883,0.9999396718146718,1.0,32.16287883347875,0.9311030128914045,0.9040066370601728,0.9291631711409396,379.7325812449852,48.308038248153,49.205358832101986,44
2507,19752,13848,434.3568917298356,1.0,1.0,28.751389795479753,0.9781975836663337,0.9753736413043478,0.972339527027027,479.26282133684015,43.358894410506565,44.90592960700437,57
2503,19752,13848,364.7438419467967,1.0,1.0,38.54664956139128,0.9331187870986197,0.9461607949412828,0.869041313559322,401.0034083080619,34.139349541897516,36.259566361265016,50
2509,19752,13848,400.2454355498338,1.0,1.0,36.50726264358071,0.8832152312723873,0.9133513685550605,0.7598214285714285,453.1878699607733,47.163651616408686,52.942434410939136,58
2534,19912,13961,425.9548714762823,1.0,1.0,28.006368204240577,0.9289429552945186,0.9451317129966526,0.8670181888544891,495.38140163537656,68.13979523864113,69.4265301590941,61
2536,19912,13961,312.0049687688256,0.9999375,1.0,33.891721660965906,0.9569022376662758,0.974995958398448,0.9103587962962963,358.16307019873875,45.23715214486976,46.15810142991317,45
2522,19912,13961,508.7613963678017,1.0,1.0,22.786405947177286,0.9913479989035089,0.9907852564102564,0.986870247148289,582.0330816193574,72.40752787733265,73.27168525155516,73
2531,19912,13961,319.7557655703442,0.9998592342342343,1.0,24.910697384240045,0.9974811687377056,1.0,0.9991740088105727,376.81089088441746,57.83268797110976,57.05512531407319,46
2521,19912,13961,410.3568917298356,1.0,1.0,33.85218150570045,0.9452319498216839,0.9805188199389624,0.8853708791208791,457.41228042492196,42.833083042629006,47.05538869508602,53
2526,19912,13961,289.58295050288405,1.0,1.0,32.0201395008599,0.9619004443688874,0.9743035394403607,0.9208409926470589,335.771001534629,45.282076547617386,46.18805103174494,42
2524,19912,13961,404.7526191572992,1.0,1.0,35.01293599123709,0.9499581656639707,0.970166379804934,0.8944777397260274,457.2737776885935,49.531737796941215,52.521158531294134,54
2533,19912,13961,381.4652014967925,0.999876968503937,1.0,25.19613179674165,0.9620279389132236,0.9702486678507993,0.933907390510949,438.5785777037466,57.170064310430945,57.11337620695395,54
2532,19912,13961,228.20159029035108,1.0,1.0,32.967484003392016,0.9154163762132018,0.9314929720146892,0.8194609004739336,264.18117981669565,34.469384289516825,35.979589526344554,35
2535,19912,13961,377.20722108780853,1.0,1.0,30.419607378517128,0.9912274369763955,0.9885939036381515,0.9943625710227273,427.3979516211456,48.28609580000516,50.19073053333677,50
2528,19912,13961,586.9692794842426,1.0,1.0,20.72840155367358,0.9385365325245085,0.9437227905001239,0.8743514150943397,673.999541592836,80.29539316288901,87.03026210859277,82
2539,19912,13961,321.1809302493306,1.0,1.0,33.727533732158065,0.9684966372091626,0.978610955667475,0.9433467741935484,370.87870673708375,49.046664731629555,49.69777648775304,44
2540,19912,13961,418.12520215932966,0.9997306034482759,1.0,23.54928759487325,0.9545320570083755,0.9538552263010467,0.9204606681034483,478.3342268691245,57.31353706469194,60.20902470979461,59
2538,19912,13961,365.20722108780853,1.0,1.0,33.01986980747797,0.9342328346909968,0.952385617713334,0.8616286057692307,418.796777273901,48.884334279138365,53.589556186092224,53
2523,19912,13961,402.12520215932966,1.0,1.0,31.452870757403858,0.9367154130032436,0.9528055405797703,0.8590666118421053,456.2954975589579,48.2554430994419,54.170295399627946,58
2530,19912,13961,367.8083472473001,0.9998729674796748,1.0,26.791693024427246,0.9905425987624941,0.9880720545277507,0.9906904940119761,423.86658902851894,52.587362671828096,56.05824178121872,52
2527,19912,13961,353.15463941085267,1.0,1.0,34.36323841869083,0.9633529924569539,0.9725661748350263,0.946672077922078,402.45211304288244,43.946210448044575,49.2974736320297,51
2537,19912,13961,387.78205640882203,1.0,1.0,39.8227446722558,0.9321368773545418,0.9874137931034482,0.8510537790697674,440.2398323406816,47.186663897789096,52.45777593185939,58
2529,19912,13961,411.53285321034065,1.0,1.0,19.928783506177627,0.9450228893857127,0.9449838187702265,0.8984375,473.5593864818033,60.7897999071933,62.02653327146222,58
2525,19912,13961,389.9460942657798,0.9998816287878788,1.0,29.888167172563964,0.9769947534797506,0.9924934063704606,0.9490995762711865,442.6391626583312,51.28960258882704,52.69306839255135,57
2559,20072,14074,515.0782512798313,1.0,1.0,36.023236532216195,0.9621595833991627,0.9673917350132731,0.9296682098765432,580.654651613573,63.11460050061211,65.5764003337414,72
2558,20072,14074,402.579804089839,1.0,1.0,36.01620361278541,0.9495593588465813,0.9840039014874421,0.8801685750636132,460.38268284059467,57.45431812613316,57.80287875075544,57
2554,20072,14074,694.7112990752588,0.9999545784883721,1.0,23.817967397649575,0.9851285637097543,0.9896041757285776,0.9740897362385321,800.9859977666399,101.66204803707043,106.27469869138035,101
2543,20072,14074,404.76139636780175,1.0,1.0,28.702630995568764,0.9688888702211842,0.965007180469124,0.9560250946969697,465.05267568380316,58.936918974001685,60.291279316001116,53
2552,20072,14074,373.01059956628313,1.0,1.0,30.254631073893567,0.9685293914485045,0.9799620195141117,0.9358524659863946,441.5617015273803,70.57665294164553,68.55110196109703,52
2542,20072,14074,370.63238576679487,1.0,1.0,34.682035878173004,0.9672484768648113,0.959578637922587,0.9614755509641874,422.9425175621353,49.21519769301016,52.3101317953401,55
2557,20072,14074,408.44205707135933,1.0,1.0,36.919141952086434,0.9711724739158111,0.9729918185198959,0.9551614336492891,455.9140539279075,41.957995284821955,47.47199685654795,59
2555,20072,14074,420.6737466418652,1.0,1.0,29.39730785184434,0.9263840637087944,0.9621408407130979,0.8043607414448669,480.39883178984536,58.08762772196975,59.7250851479798,61
2551,20072,14074,452.0663276562838,1.0,1.0,32.78344373020529,0.9935152792728141,0.9923427152317881,0.9964133522727273,508.857788058651,55.93719060355021,56.79146040236684,64
2544,20072,14074,326.15149299780785,1.0,1.0,28.308326676306812,0.9918424043439829,0.9942073373726613,0.9889632936507936,383.98791898554265,59.75463898160223,57.83642598773481,47
2553,20072,14074,491.8434152962805,1.0,1.0,33.60163717544752,0.9746420969086338,0.9806935627721526,0.9549146475770925,562.2534439025173,64.36504290935453,70.41002860623638,71
2547,20072,14074,461.6443093903424,1.0,1.0,21.213936113486472,0.9687797430203047,0.9703369140625,0.9405871975806451,523.6724337971198,57.0421866101657,62.02812440677714,69
2550,20072,14074,293.8409309118679,1.0,1.0,22.78018460401563,0.9959348017165607,0.9992403781228899,0.993292297979798,342.679141819621,48.507316361629385,48.838210907752924,39
2546,20072,14074,514.1076885313541,1.0,1.0,46.095973286509555,0.9491492117830486,0.9528575400135033,0.9260873824451411,582.7147293513311,66.16056122996497,68.60704081997665,76
2556,20072,14074,354.8114936603449,1.0,1.0,27.291853954422443,0.9565056190471419,0.9474188034188035,0.9367532169117647,404.8262851163378,48.02218718398885,50.014791455992544,50
2560,20072,14074,363.7294747318661,0.9998825187969925,1.0,28.49525310787989,0.9764934498259713,0.9915867559254569,0.9627821180555556,422.04826511263155,57.47818557114779,58.3187903807652,53
2549,20072,14074,376.2454355498339,0.9999369959677419,1.0,30.21518905694748,0.9179950151868503,0.932129106250512,0.8164375,433.42229637916296,55.76529124399322,57.1768608293288,52
2541,20072,14074,432.29801722678997,1.0,1.0,19.182993120666556,0.9827129700690714,0.9969199178644764,0.9566169507575758,506.0616326499804,76.14542313478546,73.76361542319034,57
2545,20072,14074,480.9667950998296,1.0,1.0,28.850419634273507,0.9549207947922297,0.9727280499273318,0.8953804347826086,551.8217245613017,68.03239419220746,70.85492946147164,72
2548,20072,14074,507.2359963106991,1.0,1.0,36.89798757350793,0.9774773405632793,0.9738789337612552,0.9670509708737864,576.3379949529052,63.15299796330838,69.1019986422056,69
2562,20232,14187,512.2805035988146,0.9999004777070064,1.0,28.226113226708822,0.9796296490877823,0.9794999223481907,0.9754569575471698,574.8873548242717,59.410276838185425,62.60685122545694,65
2572,20232,14187,453.92858063780426,1.0,1.0,36.030354817604184,0.9830914757950063,0.9756831587817504,0.9796875,515.0994790473653,57.256347614341124,61.17089840956075,66
2574,20232,14187,539.0957649078068,1.0,1.0,26.779763336984416,0.9698357208019666,0.9928564670262088,0.9334725536992841,606.6010717695401,64.50796029259936,67.50530686173292,73
2575,20232,14187,450.5798040898391,1.0,1.0,29.420305834323095,0.9715888996298304,0.9866355261450629,0.9512639578163772,508.57973632825,59.99989835761621,57.99993223841077,62
2561,20232,14187,642.2917244007003,1.0,1.0,19.655772418009825,0.9551836025461444,0.9632670494993119,0.9185481459330144,737.6024851828106,94.2161411731649,95.31076078211002,91
2571,20232,14187,460.5297067972958,1.0,1.0,29.87758492665016,0.9500598140824665,0.9495848433414377,0.9118711890243902,524.1711418187589,59.4621525321941,63.64143502146274,60
2568,20232,14187,318.990601553895,1.0,1.0,28.964818199573312,0.9766806268310426,0.982282966337636,0.9650510204081633,364.2603746132787,43.904659589075436,45.269773059383596,42
2569,20232,14187,501.9548714762822,1.0,1.0,27.405246132189124,0.9856292651362963,0.987229514012061,0.9783193779904307,564.8036799494904,60.52321270981178,62.848808473207875,70
2563,20232,14187,333.86722175034583,1.0,1.0,37.70068682768245,0.9851393856010345,0.9908383625390824,0.9770861260053619,379.5159475312743,43.72308867139263,45.64872578092841,48
2578,20232,14187,378.6674538157756,0.9998592342342343,1.0,21.95601761860324,0.9849988652278124,0.9893329210790756,0.9734172077922078,446.044291005574,68.81525578469734,67.37683718979824,51
2565,20232,14187,360.4157662328814,0.9998109879032258,1.0,29.211868439809276,0.9944131573283594,0.988662456946039,0.9970619658119658,407.163663672729,44.62184615977123,46.74789743984748,49
2577,20232,14187,419.30994085033734,0.9997869318181818,1.0,19.09103166600313,0.9931635481451138,0.9963834868645514,0.98828125,480.9778056020145,60.25179712751537,61.667864751676916,54
2576,20232,14187,310.55351325136115,1.0,1.0,31.56137074111042,0.9932714478810527,0.9960059171597633,0.9887276785714286,357.57736620674956,46.535779433082666,47.02385295538842,45
2566,20232,14187,395.78205640882214,1.0,1.0,30.59083646913205,0.9925529039813651,0.996585816914432,0.99002849002849,446.99189133259694,49.0647523856619,51.20983492377461,53
2579,20232,14187,429.1809302493306,1.0,1.0,25.617232873782825,0.9524788175254963,0.9879176783443172,0.8898648648648648,488.6487643420556,59.95175113908719,59.4678340927248,57
2573,20232,14187,346.57980408983906,1.0,1.0,29.506621562319257,0.9524618575170144,0.9319188455493642,0.9406470848056537,391.698421454505,42.17792604699866,45.11861736466577,50
2580,20232,14187,470.26543356222214,1.0,1.0,21.2169750457069,0.9839606511301088,0.9811855514683713,0.9731710271317829,548.70264442998,79.40581630163616,78.43721086775747,64
2570,20232,14187,230.4921543639026,0.99981689453125,1.0,41.06783850075704,0.9275695120513748,0.9320377629327002,0.8793859649122807,266.52129366530664,33.793708952105966,36.02913930140396,36
2567,20232,14187,428.07510486678643,1.0,1.0,30.046788410919376,0.986174212272989,0.9950867223110164,0.9700482195845698,486.0566086510966,55.47225567646474,57.981503784309844,57
2564,20232,14187,452.9580178893271,1.0,1.0,21.89868556869259,0.9700976135974954,0.990909090909091,0.9223615916955017,515.5075857396284,60.824351775451284,62.549567850300846,60
2585,20392,14299,435.5854348872967,1.0,1.0,17.39718775039416,0.9862805310688926,0.9798536075287556,0.9878640776699029,493.5454450259515,56.19001520798192,57.96001013865459,57
2598,20392,14299,514.1339793698322,1.0,1.0,29.88640428233647,0.9886474110602324,0.9944693363203584,0.9837152111324377,593.6286695471331,78.74203526595072,79.49469017730055,70
2596,20392,14299,588.8315324657627,1.0,1.0,30.12156868020762,0.9854512974233203,0.9988285172375321,0.9711182491289199,691.0148598263559,100.77499104088875,102.18332736059254,78
2582,20392,14299,545.2773571857696,1.0,1.0,19.159437229960265,0.9083229251296479,0.8915694709299747,0.8651620370370371,623.3770972238618,77.39961005713765,78.0997400380918,75
2597,20392,14299,344.26294917780945,1.0,1.0,28.12196845336796,0.988347894119181,0.9880470406786196,0.9835416666666666,403.8639989396609,61.651574642777156,59.60104976185145,50
2593,20392,14299,541.731959116279,1.0,1.0,26.207123617290076,0.9973169864335285,0.9943131042326753,0.9982316790352505,618.7121795427139,76.47033063965212,76.98022042643473,71
2590,20392,14299,395.93487346389406,1.0,1.0,32.66033750760476,0.9343775756478158,0.988301586329393,0.8641748366013072,455.2073585880012,55.908727686160375,59.2724851241069,57
2592,20392,14299,286.09013411034925,1.0,1.0,30.17967699311491,0.9113328180987846,0.9360334778060081,0.8307683270676691,328.92272165854865,40.99888132229905,42.83258754819934,45
2586,20392,14299,472.9667950998297,1.0,1.0,31.884201191767964,0.9708844995263323,0.9639819323048043,0.962998670212766,548.8616067381645,76.3422174575015,75.89481163833433,66
2591,20392,14300,963.9661738642284,1.0,1.0,9.578478730350788,0.9919017675050985,0.9944863403528742,0.984724552572707,1099.1532383789045,127.78059677201398,135.1870645146761,131
2595,20392,14300,337.43891065831457,1.0,1.0,20.228066928812414,0.9983423200233167,0.9970065312046444,0.998758761682243,394.8132775260984,58.31155030167551,57.37436686778367,45
2587,20392,14300,411.0694740693289,1.0,1.0,30.9809168392094,0.9540038461538463,0.9439428471248247,0.9350415209790209,469.3879215403917,57.47767120659388,58.31844747106255,56
2594,20392,14300,513.4827559177974,1.0,1.0,15.861138960666931,0.9092113099206243,0.9289178939941793,0.7823251146788991,610.9436140486844,98.19128719632944,97.46085813088632,74
2584,20392,14300,452.4420570713594,1.0,1.0,18.42911769365763,0.9857451833436915,0.9924889627888309,0.9786811440677966,535.0262459337357,84.87628329356464,82.58418886237646,64
2588,20392,14300,601.2335527193163,1.0,1.0,30.555627156404444,0.9797543331553138,0.9893617021276596,0.9632077991452992,694.6066364652711,92.0596256189316,93.37308374595443,83
2600,20392,14300,1167.241005872556,1.0,1.0,-15.612535227172476,0.9893771987686895,0.9903846153846154,0.9766191123188406,1333.3263442799212,164.37800761104944,166.08533840736635,155
2599,20392,14300,401.01937677678563,1.0,1.0,25.161227834275103,0.9884186645753977,0.9995978120978121,0.9764204545454546,469.6906411032113,71.50689648963811,68.67126432642543,52
2581,20392,14300,530.623649349322,1.0,1.0,31.21547859487987,0.9303873048101546,0.9242456303694613,0.8893510191846523,610.8648895786965,77.61186034406109,80.24124022937409,73
2589,20392,14300,388.2454355498339,1.0,1.0,29.048720249394144,0.973295449593418,0.960187040748163,0.9746390577507599,452.74925020324224,65.2557219801121,64.50381465340807,55
2583,20392,14300,312.6123877544068,1.0,1.0,32.80188755998452,0.897471098265896,0.9290331391114348,0.7613520408163266,362.3986609757314,48.42940983198664,49.78627322132441,48
2617,20552,14413,321.32497009390005,1.0,1.0,29.022512183919538,0.9881924161861255,0.9858952475069626,0.9853784403669725,361.6435418314809,37.97785760637121,40.318571737580804,44
2609,20552,14413,518.1602702083101,1.0,1.0,23.949278379949455,0.9647776251426413,0.9638160395286963,0.9335526315789474,608.8375588240348,92.51593292358609,90.67728861572407,75
2620,20552,14413,426.1602702083101,1.0,1.0,34.890385708867434,0.9889681233619797,0.9848917357098099,0.9916600738396625,489.20252027102435,61.56337509407076,63.042250062713855,59
2602,20552,14413,471.55914404881867,1.0,1.0,16.39730231882918,0.9980900735868107,0.9994773779304166,0.9967283393501805,544.1302854793785,73.60671214583915,72.57114143055946,65
2601,20552,14413,310.32182368085523,1.0,1.0,25.66419228218487,0.9334558494950397,0.9397756827048115,0.8908932403433476,351.1601338076228,35.007465190151315,40.83831012676753,42
2604,20552,14413,568.0313004003331,1.0,1.0,27.389466481620047,0.9838975394589999,0.9885406922357344,0.9733692956349206,660.7375582295635,91.05938674384478,92.70625782922998,80
2606,20552,14413,472.82275525526023,0.9998793436293436,1.0,21.95795423628233,0.9891737918258872,0.9952430322619992,0.9830528846153846,542.7645412517409,69.66267899472041,69.94178599648026,59
2619,20552,14413,535.5942120977992,0.9999520705521472,1.0,32.384642328076005,0.9226336986395386,0.9519848053181387,0.8431432038834952,612.6291033959451,72.80233694721866,77.0348912981458,73
2612,20552,14413,457.4914923352704,1.0,1.0,28.4444927771476,0.9678449225129886,0.9858301784748513,0.9382477959697733,529.1095142753159,70.67703291006782,71.61802194004521,62
2618,20552,14413,730.0600756232242,1.0,1.0,10.029381522850937,0.9653130101835379,0.9640656321924419,0.9409418706293706,849.8836091827728,121.98530033932207,119.82353355954811,100
2611,20552,14413,367.7908336193247,1.0,1.0,28.708936874747447,0.9730165357901307,0.9800466992146041,0.9637190402476781,431.9334796814603,67.7139690932031,64.14264606213541,49
2607,20552,14413,371.27487280135676,1.0,1.0,27.033374270003268,0.992759309784741,0.9887932314086388,0.9927543375394322,428.7167368412381,56.16279605982166,57.44186403988111,54
2616,20552,14413,502.5584820201864,1.0,1.0,10.067784505917126,0.9367354430516418,0.9784643071385722,0.8158804086538461,587.3577911311328,86.69896366641849,84.79930911094564,69
2608,20552,14413,718.1302117211859,1.0,1.0,6.081727507721416,0.995779931228509,0.9982022679081773,0.9876120517928287,844.3479779409737,125.57664932968238,126.21776621978833,98
2615,20552,14413,519.3712997377958,0.9998914930555556,1.0,21.852695256028948,0.9899310948178647,0.9920163275106549,0.9871961805555556,613.3500939680529,95.21819134538532,93.97879423025694,71
2614,20552,14413,377.38632898135853,1.0,1.0,28.05738717063275,0.9656684656013652,0.9750033328889481,0.9312275985663082,438.0360865601989,59.4746363682603,60.6497575788402,57
2603,20552,14413,318.61487213881963,1.0,1.0,31.222115136804984,0.9413324462099939,0.9246517262265294,0.920460390946502,359.30922877886235,39.29153496006381,40.69435664004253,41
2613,20552,14413,237.32497009390016,0.9999112215909091,1.0,24.747701273301175,0.9781347523405618,0.9734580384226491,0.9784936797752809,269.78484672395547,32.93981494508294,32.45987663005528,31
2610,20552,14413,329.5654368749085,1.0,1.0,26.36550426112437,0.9139217145120925,0.9270263052476966,0.836824024822695,379.9407937574941,49.313035323878054,50.37535688258537,45
2605,20552,14413,401.6706002288203,1.0,1.0,26.51337518344677,0.9500430703544879,0.9568129086690572,0.8963781380753139,466.00262674227116,62.748039770175865,64.33202651345054,59
2630,20712,14525,318.55351325136115,0.9998739919354839,1.0,31.15746024062637,0.9534741566754283,0.9658034196580342,0.903564453125,367.6757948596556,49.68342241244151,49.12228160829432,45
2625,20712,14525,398.84656170932544,1.0,1.0,31.124097978979663,0.9568609186703151,0.9508386350491613,0.9379609144542773,457.75649169116423,60.614894972757945,58.90992998183861,53
2624,20712,14525,475.81712445780255,1.0,1.0,29.596060442924863,0.9161294992795637,0.8817119540016692,0.9026066706730769,535.185365816428,52.30236203793768,59.3682413586251,63
2631,20712,14525,351.7732791983195,1.0,1.0,28.373103238145834,0.9884074341755732,0.9976479811838495,0.9857627467105263,408.3298475445054,57.834852519278684,56.55656834618581,52
2638,20712,14525,410.5359996233855,1.0,1.0,32.504995013899325,0.9492074332734823,0.9356166639222789,0.929995381773399,482.7243533259979,75.2825305539185,72.18835370261232,60
2622,20712,14525,468.73510552932373,1.0,1.0,26.85502753386633,0.9825873042626792,0.9723835045407175,0.9847020348837209,541.2108730065258,69.71365121580277,72.47576747720191,65
2640,20712,14525,472.07510486678643,1.0,1.0,27.74554998964783,0.9894625087152183,0.9937286202964652,0.9907525510204082,552.9484130688603,82.30996230311044,80.87330820207364,68
2633,20712,14525,511.5328532103407,0.999951774691358,1.0,35.6439558715105,0.9264533208086932,0.9842137466857026,0.8284845711297071,575.388783475187,63.533895397268886,63.85593026484591,71
2626,20712,14525,324.2103675008535,1.0,1.0,32.59145280469075,0.9822691821293383,0.9737942222499532,0.9844269102990033,374.98376415720594,49.91009498452842,50.773396656352276,46
2639,20712,14525,525.0894720817171,0.999771897810219,1.0,25.36777511606122,0.9614806536830677,0.9690775893471486,0.9311691810344828,607.0380652397948,85.4228897371162,81.94859315807747,71
2636,20712,14525,465.6443093903424,1.0,1.0,28.192103396871808,0.9886232686354701,0.997126748346525,0.9776668848167539,542.4630888758577,79.97816922827253,76.81877948551502,66
2623,20712,14525,540.2805035988143,1.0,1.0,31.401063321008927,0.9358467152387857,0.9636059857620224,0.8474496221662469,632.138486218696,92.0369739298217,91.85798261988117,75
2621,20712,14525,423.2748728013568,1.0,1.0,39.907399432078535,0.9272413190979845,0.982051749271137,0.8430884576612904,486.39763489319495,64.6841431377569,63.12276209183795,60
2628,20712,14525,322.5272224128832,1.0,1.0,33.8865733036553,0.9215328840077986,0.9686497609392968,0.8421440972222223,362.0222697221605,34.49257096391584,39.49504730927721,42
2635,20712,14525,356.6386785928848,1.0,1.0,30.816707308307016,0.9558726554870159,0.9595348837209302,0.9293532754010695,402.95002500257164,46.217019614530265,46.311346409686834,51
2629,20712,14525,259.9260962533917,0.999929932735426,1.0,29.734947346383183,0.9809659343591568,0.9920178799489144,0.9692154255319149,305.0140037481916,45.13186124219981,45.087907494799865,38
2637,20712,14525,514.855338919828,1.0,1.0,36.59516752402436,0.9192361213915616,0.9295847304616972,0.8642781190926276,577.3044680027073,60.67369362431846,62.44912908287896,67
2634,20712,14525,787.7043442205371,1.0,1.0,15.328148865582921,0.9957757543755714,0.9963682585799891,0.9953999391727494,915.8336542797059,130.69396508875286,128.12931005916874,100
2627,20712,14525,477.6793774393228,1.0,1.0,22.967831912623563,0.9790756960044424,0.9868816945480804,0.9610753676470588,551.0852184302812,71.85876148643689,73.40584099095791,66
2632,20712,14525,397.10205773389663,1.0,1.0,30.857174962868054,0.9618584631168894,0.9703290522171182,0.9234319395017794,448.8813296263693,51.41890783870886,51.77927189247254,56
2648,20872,14638,251.2660955908544,1.0,1.0,25.79711034223597,0.9076842105263159,0.971106890938687,0.7456414473684211,290.4001132339019,37.70102646457119,39.13401764304746,35
2647,20872,14638,321.6706002288205,1.0,1.0,27.741301704179563,0.9557685382949653,0.9932128131937837,0.8705174180327869,376.6425430557079,55.45791424033085,54.97194282688722,43
2659,20872,14638,482.1339793698322,1.0,1.0,37.12739608406433,0.9916291445607243,0.9889965941839141,0.9934505988023952,545.8180962033578,57.27617525028807,63.68411683352536,65
2645,20872,14638,281.29867925542214,1.0,1.0,28.458310081947896,0.9868000379855021,0.9845082680591819,0.9809385738831615,315.8015522372208,30.75430947269788,34.50287298179859,36
2657,20872,14638,472.00496876882545,1.0,1.0,25.10714153083862,0.9107305448009945,0.9210682492581602,0.816231343283582,536.3647032485179,65.03960171953851,64.35973447969232,70
2641,20872,14638,320.9054362123712,1.0,1.0,31.928058712497734,0.9640029634989963,0.9948926720947446,0.9270693699731903,364.14857285810075,40.11470496859401,43.24313664572933,42
2654,20872,14638,349.9811623147603,1.0,1.0,27.467276297278776,0.9509259620638514,0.9665889132821076,0.8982688848920863,393.52321795321706,43.56308345768491,43.5420556384566,43
2652,20872,14638,412.04003681780597,1.0,1.0,25.311632642690785,0.9508006236128584,0.9885654311440093,0.8846548507462687,477.73771771694754,64.79652134871213,65.6976808991414,57
2650,20872,14638,454.8465617093254,1.0,1.0,34.932537967280076,0.9506504395628644,0.9796696315120712,0.8806423611111112,509.2256015557768,51.56855976967675,54.379039846451164,58
2651,20872,14638,258.7589119833891,1.0,1.0,23.75918193059309,0.9882761080309957,0.999264367816092,0.9736378205128206,301.981109755672,43.83329665842425,43.22219777228282,34
2656,20872,14638,384.2103675008534,1.0,1.0,40.13766606998317,0.9367337422200346,0.9539776177669819,0.8779935747663551,424.76446546091455,36.08114694009143,40.55409796006094,53
2644,20872,14638,426.8027572428721,1.0,1.0,38.863294126987505,0.9735491838761426,0.9836928608115049,0.9718251329787234,472.7306539682001,43.39184508799171,45.92789672532777,56
2646,20872,14638,365.8759989608485,1.0,1.0,27.486958905404943,0.9640225754936123,0.9656498015873016,0.936994154676259,414.0747736425532,45.298162022557044,48.19877468170469,47
2655,20872,14638,387.79083361932464,1.0,1.0,39.952900234645846,0.9405035966734668,0.9611002148127393,0.8863606076759062,446.2520633424406,55.44184458467367,58.461229723115785,50
2660,20872,14638,329.38632898135853,1.0,1.0,30.357888171255894,0.9885968662292522,0.9836870446626544,0.9945709745762712,369.1086589373252,38.58349493394972,39.72232995596648,41
2653,20872,14638,499.62050293627715,1.0,1.0,30.99072035008181,0.9669199189959911,0.9676349710442742,0.9419642857142857,565.830683430949,61.81527074200724,66.21018049467148,64
2649,20872,14638,540.2980172267899,1.0,1.0,29.696952524547807,0.9686625978985699,0.9770803425572991,0.9514981019522777,609.6987208975579,68.8510555061516,69.40070367076775,71
2642,20872,14638,475.5942120977991,1.0,1.0,16.234050625015602,0.9866590366242037,0.9918129280821918,0.9698660714285714,541.1959487094279,61.65260491744246,65.60173661162834,60
2643,20872,14638,204.63867859288493,1.0,1.0,23.58740505030374,0.9589530747077757,0.9879050661798265,0.887823275862069,233.90111145320463,31.14364929047963,29.262432860319752,26
2658,20872,14638,435.79083361932464,1.0,1.0,32.95601723209985,0.9286273605022687,0.9307226150032136,0.8817132537688442,491.1019488025314,49.96667277480991,55.311115183206574,57
2675,21032,14752,429.0368904047611,0.9999399038461538,1.0,25.260669830561845,0.9904563526284833,0.9942497094268061,0.9867393092105263,478.42008529165577,45.574792330341694,49.383194886894465,52
2680,21032,14752,366.9906015538949,1.0,1.0,23.362150720721537,0.9317808954689627,0.9366692728694292,0.8663990825688074,418.9485665329714,47.93694746861473,51.95796497907648,47
2679,21032,14752,630.5672592306893,1.0,1.0,7.241192564695995,0.9950319475328623,0.9962907079089651,0.9893278301886792,729.3150918680902,97.87174895610094,98.74783263740062,81
2667,21032,14752,803.5854756803271,1.0,1.0,20.831802864024827,0.9227839380191609,0.9593286232290381,0.8526750782472613,900.5090844981838,88.38541322678536,96.92360881785696,103
2663,21032,14752,338.4094734067917,1.0,1.0,27.165946450509942,0.9806236091519709,0.9692546300520025,0.9746431660899654,382.588025824099,41.51782862596086,44.17855241730723,42
2670,21032,14752,420.78768720627966,1.0,1.0,27.866472180692874,0.9566802818215375,0.952004897459443,0.9440176104972375,474.78139994762364,51.7405691120157,53.993712741343785,53
2677,21032,14752,405.53914603643045,1.0,1.0,23.985018704561625,0.879376319138995,0.9809086202433343,0.7490936774941995,444.2099304044332,33.25617655200365,38.67078436800242,50
2673,21032,14752,495.9699415128745,1.0,1.0,23.050116615646836,0.9814394488176301,0.9830779785044592,0.9817394578313253,561.7880283431991,59.72713024548615,65.8180868303241,63
2671,21032,14752,418.02881601592037,1.0,1.0,34.099748728023094,0.9820556251073962,0.9766172548533152,0.9812772331154684,459.11681519034016,34.631998761629426,41.087999174419615,52
2674,21032,14752,419.9874551408501,1.0,1.0,34.392756462474956,0.9403398608402298,0.9638639387890885,0.8731548366834171,461.9561649874975,37.453064769970865,41.96870984664722,52
2672,21032,14752,387.8697061347586,1.0,1.0,24.524680518897465,0.9936974691105438,0.9959680806383873,0.9909274193548387,431.44771298796326,43.617010279806664,43.57800685320443,44
2678,21032,14752,295.7294747318663,1.0,1.0,28.89671326268859,0.9861906365779723,0.9799491669020051,0.9848958333333333,335.9182290873053,39.28313153315848,40.18875435543899,34
2676,21032,14752,488.5121931693203,1.0,1.0,26.19620296039795,0.9843880657925798,0.9767482619617923,0.9854789402173914,540.515152633633,47.25443919646841,52.00295946431226,60
2669,21032,14752,296.92294984034675,1.0,1.0,30.724149124052463,0.9458905970960478,0.957438238453276,0.8974719101123596,338.39319595064444,38.955369165446406,41.4702461102976,38
2665,21032,14752,492.8139780447577,0.9999392023346303,1.0,19.65208361549598,0.9811513783870262,0.9769816736586443,0.9762421135646687,555.3769537649675,57.844463580314425,62.56297572020963,62
2666,21032,14752,278.3744053578112,1.0,1.0,28.34975113373063,0.969863635860113,0.9772109387494002,0.9501050420168067,307.2024541183745,28.242073140844816,28.828048760563203,36
2661,21032,14752,326.24295116542123,1.0,1.0,29.649737779428897,0.9131291373331932,0.922719019518838,0.8328462230215827,367.67647423881516,41.15028461009075,41.433523073393836,46
2668,21032,14752,515.7820972018517,1.0,1.0,30.431306401106323,0.9330371058340066,0.9455069713117746,0.875751582278481,569.8769246790732,47.39224121583147,54.09482747722098,63
2662,21032,14752,830.8077260116983,1.0,1.0,7.4754016215250125,0.9886817295873859,0.9936890210728664,0.9724078757225434,931.8502347007618,91.56376303359458,101.04250868906311,105
2664,21032,14752,443.33623168881525,0.9998958333333333,1.0,28.977179099174162,0.9827735783728269,0.9846767757382282,0.9736183234421365,499.4487782841814,49.66881989304859,56.11254659536573,54
2686,21192,14865,239.48900795085785,1.0,1.0,24.757263124206233,0.9912097735399285,0.9928414096916299,0.9960724043715847,273.6928429159261,33.30575244760251,34.20383496506834,30
2692,21192,14865,653.8020952142402,1.0,1.0,22.971525768520863,0.9507450683570652,0.9723321771067129,0.8986505681818182,757.2412186714084,98.15868518575222,103.43912345716821,87
2691,21192,14865,329.2986792554221,1.0,1.0,41.5197893132148,0.9439507860560493,0.918752664595895,0.927765877016129,354.9989013111439,21.30033308358261,25.70022205572174,45
2694,21192,14865,435.0168923923729,1.0,1.0,39.22576510178753,0.9348982605643179,0.9450421759338957,0.8928045186640472,484.64838288752844,45.19723574273329,49.63149049515554,58
2690,21192,14865,644.1277273367723,1.0,1.0,20.079402110528523,0.9270995805198454,0.9190621664396923,0.8838582677165354,726.4056849412212,75.41693640667323,82.27795760444883,80
2685,21192,14865,282.1252021593299,1.0,1.0,25.216622368907043,0.9807376765038941,0.9857881136950905,0.9646503712871287,320.2975724200679,37.75855539110709,38.17237026073807,34
2695,21192,14865,487.7908336193246,1.0,1.0,34.24700105238713,0.9362315731769809,0.9490783715687574,0.8711734693877551,563.4775160650321,73.03002366856056,75.68668244570704,63
2700,21192,14865,454.5272224128831,1.0,1.0,30.67844881360483,0.9372646047134078,0.941738849153578,0.8784110915492958,513.824581562968,56.69603872512704,59.2973591500847,63
2681,21192,14865,430.57106767236615,1.0,1.0,33.42335765650878,0.9726500021231722,0.9818787657476721,0.9468665994623656,481.65668781844016,45.12843021911076,51.08562014607384,54
2689,21192,14865,194.28675563187477,1.0,1.0,28.028827494741687,0.9756650564473809,0.9758767680682038,0.9648232984293194,222.6854542776814,28.34804796871011,28.398698645806732,26
2693,21192,14865,333.6443093903424,1.0,1.0,31.19392425219736,0.9619866031327796,0.979346106521357,0.9387238903394256,377.46094873903587,40.97495902303995,43.81663934869331,43
2698,21192,14865,314.2429511654213,1.0,1.0,31.384707169100405,0.9120582692837028,0.8993654622686035,0.8594306049822064,347.9911214234256,30.372255387006568,33.74817025800437,43
2682,21192,14865,205.54788245390353,1.0,1.0,28.343425080358756,0.8914455810437288,0.8947517730496454,0.8083756345177665,244.2561561336148,39.31241051956689,38.70827367971124,30
2697,21192,14865,251.72069752136372,0.9997935022026432,1.0,30.857788335396492,0.9520816186746355,0.9429610573937728,0.9329927884615384,296.74343308526915,45.03410334585806,45.022735563905364,35
2683,21192,14865,320.6474558033874,1.0,1.0,28.92625972746302,0.955755242935222,0.9565191775172333,0.937616604477612,369.32807661865616,48.27093122290303,48.68062081526868,39
2688,21192,14865,1158.812694780524,1.0,1.0,-21.5812684040516,0.9777697331481428,0.9989402697495183,0.9304064417177914,1346.9666893035353,190.73099178451744,188.15399452301176,154
2699,21192,14865,351.2485819628788,1.0,1.0,36.09842397300023,0.9172658378805633,0.94008414920301,0.8395600558659218,394.11863578683506,42.555080735934034,42.870053823956006,45
2684,21192,14865,408.87914537389327,1.0,1.0,28.041961275841835,0.9433024440965756,0.9929223319053827,0.8716597387173397,454.33988152201454,41.19110422218172,45.460736148121136,50
2687,21192,14865,256.3806981839009,1.0,1.0,29.689809863036434,0.8707432559334934,0.9380768781399696,0.6910063976377953,293.644993159159,35.64644246288704,37.264294975258025,35
2696,21192,14865,304.6474558033874,1.0,1.0,30.091175827140443,0.9680771330489575,0.9836948609695735,0.9431770833333334,347.5188177334948,41.807042895161054,42.871361930107355,39
2708,21352,14978,373.351260932378,1.0,1.0,38.001424212669356,0.9725124999557054,0.9867249560164205,0.9445954106280193,416.312077113419,39.691224271561424,42.96081618104094,50
2702,21352,14978,487.02566960287544,1.0,1.0,24.173455232216615,0.9684926926178721,0.9689447499345378,0.9495404411764706,550.5943162845344,60.85297002248809,63.5686466816587,63
2709,21352,14978,338.7852028218671,0.9999425551470589,1.0,32.42649685487287,0.9285487026932437,0.9265647593472423,0.893589984939759,384.1982954833244,44.119638992185806,45.41309266145719,44
2714,21352,14978,392.18407666237545,1.0,1.0,34.570695566552146,0.8376132809879603,0.9151275090124171,0.6851910425101214,431.5720451287142,36.581952699507795,39.38796846633853,50
2713,21352,14978,222.72384393440854,1.0,1.0,35.468956809281245,0.9646137645574635,0.9707409155261916,0.9476592205323194,253.97872459988722,30.38232099821799,31.254880665478655,31
2720,21352,14978,185.06698968491622,1.0,1.0,33.011028865042356,0.8960076609133816,0.8977966551632599,0.8084549492385786,211.91483106254802,25.271762066447685,26.847841377631788,27
2705,21352,14978,621.2773571857697,0.999951923076923,1.0,21.287020040040918,0.9921768116948506,0.9911488218776706,0.994140625,684.7316122625714,59.18138261520196,63.45425507680128,77
2715,21352,14978,412.192853872878,1.0,1.0,31.127175672244178,0.9764744452106676,0.983399209486166,0.9559771825396826,465.5364718247385,50.01542692779052,53.34361795186034,51
2719,21352,14978,335.92609625339156,1.0,1.0,37.40441362945408,0.9001523339491025,0.8916448015742866,0.8557142857142858,376.8684064448637,36.663465287208005,40.94231019147199,44
2706,21352,14978,325.8146400733898,0.9999075443786982,1.0,17.60540584722581,0.9900459642240245,0.987624750499002,0.9875184911242604,365.679204508903,38.796846653269604,39.86456443551307,44
2717,21352,14978,459.76454278084657,1.0,1.0,24.517850863247197,0.9393693814122916,0.9371834826645891,0.8925642730496454,517.2052558654641,52.41106962692578,57.440713084617194,60
2701,21352,14978,200.80900927593228,1.0,1.0,32.062316040937326,0.9630061460032373,0.9527247116823664,0.9582834928229665,231.35630592564797,29.320944974573468,30.54729664971564,29
2710,21352,14978,422.58858130034156,1.0,1.0,28.007010151948403,0.9872322250512121,0.9810399492707673,0.9945790816326531,479.99692660108366,53.86251795111268,57.40834530074178,54
2707,21352,14978,281.81464007338985,1.0,1.0,30.222031036326957,0.9658868066988958,0.9734002127982976,0.9393487595419847,323.76646083812346,40.42773114710029,41.95182076473351,39
2718,21352,14978,284.1840766623756,1.0,1.0,34.5544763339236,0.9541663204027451,0.9560516440882784,0.9190625,322.52153478625456,36.50618718581852,38.337458123879,37
2716,21352,14978,290.811493660345,0.9997829861111112,1.0,24.183550075514212,0.9948460489277111,0.9973063973063973,0.9974163385826772,335.38346717886947,42.107960277786475,44.57197351852432,38
2704,21352,14978,353.10205773389663,1.0,1.0,21.71293058371827,0.9186470998138307,0.9118670274449169,0.8677208835341366,399.684269370185,45.123317454432424,46.58221163628829,44
2711,21352,14978,670.711299075259,1.0,1.0,10.512966888309641,0.9831064808340713,0.9916029856051182,0.9565263605442177,771.7788626902715,102.10134542251899,101.06756361501267,92
2712,21352,14978,424.7000374803433,1.0,1.0,34.38047264179817,0.9392241894566272,0.9486501870222801,0.8955078125,470.8125254731648,42.16873198923181,46.11248799282121,53
2703,21352,14978,440.5034159588178,1.0,1.0,31.776919715169907,0.976426502055849,0.9948423554738306,0.9395661157024794,499.1815684282493,55.76722870414678,58.67815246943118,55
2724,21512,15092,569.2510663472917,1.0,1.0,22.773197152334586,0.9770017490925025,0.9795739982518287,0.9673556430446194,642.1126649174857,68.04239785529037,72.86159857019358,76
2723,21512,15092,454.61487213881946,1.0,1.0,15.647049986047616,0.9928930817610062,0.9918116683725691,0.9875,517.2035769974317,60.88305728791801,62.588704858612005,60
2735,21512,15092,377.64430939034247,1.0,1.0,31.067986303032118,0.982308797831164,0.9788651942117289,0.9755940082644629,428.4381030224541,44.690690448167146,50.79379363211144,49
2734,21512,15092,261.29867925542203,1.0,1.0,34.01300238648347,0.9140000090535836,0.9227202472952086,0.8415100524475524,297.5998173001353,34.20170706706976,36.30113804471318,37
2736,21512,15092,273.5215916154255,1.0,1.0,31.34323362387005,0.9625465560907781,0.9591208791208791,0.951797385620915,305.7548787922731,29.599930765271324,32.23328717684754,41
2737,21512,15092,289.661823018318,0.9999248798076923,1.0,26.24041115805669,0.9889819517339183,0.9928032297700544,0.9811623831775701,327.0401930839961,35.81755509851718,37.37837006567811,38
2731,21512,15092,399.6117257257746,1.0,1.0,28.336195024767328,0.9404249701959846,0.9413978750774215,0.9054418103448276,450.22787831340037,48.924228881438296,50.616152587625535,53
2721,21512,15092,413.6706002288204,1.0,1.0,24.142757814863252,0.9674889783487811,0.9783314636594438,0.9282261690647482,470.84442205896215,54.26073274521248,57.173821830141634,56
2730,21512,15092,222.7764256113646,1.0,1.0,28.493386920590172,0.9785822356092889,0.9684608120868744,0.9768258426966292,251.4052363673315,28.693216133950486,28.62881075596698,29
2732,21512,15092,772.9454730301776,1.0,1.0,9.915254080235949,0.9884152399274022,0.9919315074633556,0.9770272662889519,891.4837076194507,117.05735188390958,118.5382345892731,102
2740,21512,15092,516.29801722679,1.0,1.0,25.48199882515222,0.9594599529631741,0.9740064882400649,0.8993978405315615,580.4553684749837,60.23602687229054,64.15735124819369,68
2733,21512,15092,391.0694740693289,0.9998774509803922,1.0,27.70257634340777,0.9557449998474566,0.9511276228350165,0.9283465485074627,446.34077592483044,52.1569527832521,55.27130185550142,53
2729,21512,15092,407.04318323085084,0.9999565972222222,1.0,38.29553182615515,0.9784290997775574,0.9701942740286299,0.9911188089622641,460.06220045893684,50.27852584212861,53.01901722808572,55
2738,21512,15092,339.0431832308509,0.9997783687943262,1.0,34.21659196583547,0.9766690122262291,0.973448275862069,0.9726683436532507,376.91221112727777,33.55354184464008,37.86902789642671,46
2726,21512,15092,327.6681158444077,1.0,1.0,33.10972956623777,0.9529684420282006,0.9622608183691492,0.9181429140127388,362.02354758535716,31.283147611424088,34.355431740949385,46
2727,21512,15092,472.9580178893271,1.0,1.0,29.321983976384807,0.954302850225597,0.9532871972318339,0.915719696969697,525.3032137971978,50.76779386180563,52.34519590787042,61
2728,21512,15092,324.2015902903509,1.0,1.0,38.684618119599335,0.9124403866884827,0.9628097208351167,0.8200934579439252,364.68440686060427,37.47422485537984,40.482816570253235,47
2739,21512,15092,519.5591440488187,1.0,1.0,27.375004730971888,0.8947370128185167,0.9749001452432825,0.7586842105263157,587.8443630141276,63.42782844796261,68.28521896530839,74
2725,21512,15092,324.87036816339065,1.0,1.0,32.816451874219304,0.8884789199702535,0.878709731969223,0.8101058467741935,368.6754642060393,40.95764406397274,43.805096042648486,47
2722,21512,15092,289.14586220035017,1.0,1.0,36.28264878510166,0.9526769977139069,0.9612883435582822,0.9102855960264901,326.5897536319219,34.41583714735756,37.44389143157169,40
2744,21672,15205,313.5917277133865,1.0,1.0,30.89976891020246,0.9240374366550106,0.9332254432873628,0.8651059688581315,358.3578651786961,40.89920619796416,44.766137465309434,45
2742,21672,15205,240.12271777491702,1.0,1.0,33.43178984404019,0.9670874617496286,0.978539447274973,0.942638422818792,274.684838624389,32.343181274207986,34.56212084947199,36
2749,21672,15205,721.0457084082938,1.0,1.0,23.864009481885347,0.9586813312711233,0.9619731955433554,0.9340848646034816,812.388596676932,85.2643324029569,91.34288826863799,92
2750,21672,15205,316.84407732491275,1.0,1.0,35.5187001671007,0.9411127424529524,0.9219718118063593,0.9193678366762178,354.31769539090504,33.71042709898832,37.4736180659922,45
2757,21672,15205,435.2748728013569,1.0,1.0,22.616577634118073,0.9755437950248291,0.9806234203875316,0.9504267068273092,488.8443939831432,53.35428177267928,53.56952118178618,56
2753,21672,15205,337.84970812237043,1.0,1.0,26.807953995852483,0.9481777503164146,0.9597608980901006,0.8969102443609023,385.67844445345725,46.9931044966298,47.82873633108654,46
2760,21672,15205,410.27801921440175,1.0,1.0,35.81578656732466,0.9725801730417084,0.9584843492586491,0.9714088760504201,444.7432136324827,30.69779162712135,34.4651944180809,50
2751,21672,15205,358.6411629772976,1.0,1.0,32.68355363515164,0.985593829493266,0.9770553118032079,0.9865377824858758,405.7900166762836,43.72328054847874,47.14885369898582,47
2746,21672,15205,466.82904808135004,1.0,1.0,28.52631868745756,0.9848745399064811,0.9735476521959245,0.9860122437357631,516.1674119684208,47.00754583060581,49.33836388707053,57
2741,21672,15205,477.88477617135084,1.0,1.0,27.630882360852738,0.8937371212377123,0.9575437877701526,0.7770833333333333,527.4999364199047,44.42274037283021,49.615160248553465,62
2758,21672,15205,316.2103675008535,1.0,1.0,32.01364667561135,0.9800848497598261,0.9683153013910355,0.9840363777089783,353.306669964412,33.14445369533747,37.09630246355831,41
2759,21672,15205,1224.3906765145828,1.0,1.0,-16.273676596315006,0.9865951181596688,0.9912018173295352,0.9742337740384616,1432.2767971539429,208.32918095904233,207.8861206393617,168
2747,21672,15205,403.01689239237294,1.0,1.0,36.09744897474327,0.8599638441225104,0.884519767159835,0.688052652733119,460.8854925331399,54.55290021115014,57.86860014076676,56
2756,21672,15205,289.3600381428807,1.0,1.0,32.572464761982644,0.968702503179379,0.9943714821763602,0.9092945772058824,330.8664528405358,39.00962204648267,41.50641469765511,37
2754,21672,15205,242.69755309593057,1.0,1.0,30.37610259641232,0.9231625835189309,0.959140055318079,0.8082201086956522,283.3076126509512,41.41508933253074,40.61005955502048,32
2748,21672,15205,321.8935125888239,1.0,1.0,25.648197108165828,0.9811734873264647,0.971376481312671,0.9872404844290658,358.8991843338631,35.25850761755858,37.005671745039045,39
2755,21672,15205,345.9285806378043,1.0,1.0,31.000459829746163,0.9386618255419635,0.9398562516951451,0.9016848644578314,384.3387382079323,35.865236355191804,38.41015757012786,44
2745,21672,15205,425.6180185518644,0.9999392023346303,1.0,23.87628511344359,0.8872178651497139,0.8889392155086512,0.7930090206185567,483.8995207655477,55.172253320524575,58.28150221368304,55
2752,21672,15205,357.18970745983313,0.9999547101449275,1.0,39.35564040391168,0.9542849962302086,0.9507459287097142,0.938359375,407.7140786987035,49.536556858305254,50.52437123887017,47
2743,21672,15205,316.23665833933154,0.9999473905723906,1.0,37.32446964036282,0.9241644704975991,0.9159117072926573,0.8879821958456974,363.1621786574209,45.638280477133954,46.9255203180893,41
2779,21832,15318,328.90543621237134,1.0,1.0,31.951224051354597,0.9683552719053318,0.9616666666666667,0.9624812874251497,379.80286679123,50.09614586828769,50.897430578858454,45
2776,21832,15318,264.86159095288826,1.0,1.0,29.089418186133464,0.9752949281438087,0.9728551451838447,0.9654425182481752,300.0471309573485,33.27831000669044,35.18554000446028,36
2762,21832,15318,654.1953382572913,1.0,1.0,20.786624989818385,0.9755601697090084,0.9816936437395524,0.9488374010554089,752.7011433887126,93.00870769713232,98.50580513142155,93
2763,21832,15318,597.0018631488106,0.9999499198717948,1.0,21.150799394022513,0.9636716695659209,0.9632224168126094,0.9440835674157303,684.6182084053175,84.17451788476026,87.61634525650686,82
2771,21832,15318,303.4714943228823,0.9999314692982456,1.0,25.493334379398046,0.9822999795375488,0.9774586597040905,0.9846039377289377,350.30796089737316,44.00469986173629,46.83646657449087,41
2780,21832,15318,297.609241341362,1.0,1.0,36.88348374009138,0.9548703210957438,0.9431247531456299,0.9385416666666667,333.60797112627995,35.99809467737684,35.998729784917884,39
2774,21832,15318,1007.0356071405281,1.0,1.0,-2.5469683852261724,0.9837282379406023,0.9887857074001478,0.9621898854961832,1187.2878760991025,181.87840343786388,180.25226895857602,138
2764,21832,15318,345.7494727442544,1.0,1.0,27.065746219920854,0.9897475641127395,0.9959506485289465,0.9745065789473685,395.5962772554598,47.770206766808016,49.84680451120533,43
2769,21832,15318,247.92609625339168,1.0,1.0,32.111959207613246,0.9512666757817843,0.9393939393939394,0.9375625,282.69278171044607,31.900028185581636,34.766685457054415,33
2768,21832,15318,561.0544448257662,1.0,1.0,20.964234048932244,0.9666156064155703,0.9536645525017619,0.9580048798798799,634.0298861848258,72.71316203858905,72.97544135905936,72
2772,21832,15318,379.9348734638941,1.0,1.0,30.60849088693456,0.91239644233664,0.912010251232866,0.843103448275862,431.2652709703375,50.745596259664836,51.330397506443205,49
2775,21832,15318,1225.5441148052564,0.9998040752351097,0.0,-48.46608308408966,0.9606286325071816,0.9651844924332597,0.9362212276214834,1504.6910841841445,308.4704540683321,279.1469693788886,200
2770,21832,15318,481.9636486867847,1.0,1.0,23.776974567727944,0.9458097890966971,0.9334592312819373,0.925606343283582,550.417686916353,65.93105734435183,68.45403822956787,60
2773,21832,15318,251.21351391389837,1.0,1.0,27.590326143300498,0.9802188068011871,0.986734693877551,0.9553345959595959,287.6414604168695,35.14191975445664,36.427946502971075,32
2766,21832,15318,326.758911983389,0.9998968646864687,1.0,36.441969357159195,0.983056116285567,0.9805879477690106,0.9822789634146342,366.6476128660978,38.08305132406305,39.88870088270869,42
2765,21832,15318,356.9317270508493,1.0,1.0,25.157620244209188,0.9663559934186764,0.9684500282326369,0.9444444444444444,407.5866902862015,48.23244485302804,50.654963235352014,47
2767,21832,15318,186.0375524333934,1.0,1.0,29.926857607419613,0.956733177747095,0.9814914645103324,0.8946978672985783,211.87941892644744,25.26279973958104,25.84186649305402,25
2777,21832,15318,405.87599896084834,1.0,1.0,35.884243808954096,0.9752909146484499,0.9687546943067448,0.9815568637274549,454.716264218025,44.010397885764576,48.840265257176384,52
2778,21832,15318,400.18407666237533,1.0,1.0,39.967808025630276,0.9445017834342955,0.9443906417248585,0.9212192062043796,439.55416320281887,36.555129810664994,39.37008654044332,53
2761,21832,15318,566.7375899137365,1.0,1.0,19.44671303844564,0.9642613971066383,0.9686293869491069,0.9338114754098361,642.4094842880958,70.00784156153823,75.67189437435881,75
2794,21992,15430,459.0168923923728,1.0,1.0,37.42446107854087,0.8837012156576001,0.9395056850608016,0.7891444493006993,505.9466459691526,43.39463036516923,46.929753576779476,60
2786,21992,15430,555.9310650222172,1.0,1.0,29.385277851652518,0.937537914699167,0.977762893503014,0.8607461734693878,625.7721324380763,64.26160112378828,69.84106741585883,70
2789,21992,15430,408.6737466418653,1.0,1.0,29.23628182494212,0.9769974155775755,0.9735500935423521,0.9662763852242744,471.9056430589907,63.34784462568805,63.231896417125334,56
2795,21992,15430,312.84407732491275,1.0,1.0,23.462820298802907,0.9189030935883673,0.9206693150355122,0.8450126262626263,357.72362876754056,41.81932716394166,44.87955144262776,43
2785,21992,15430,388.94924067882465,1.0,1.0,35.75993998023063,0.98250528643762,0.9755842950762629,0.9796302356020943,429.5707770905038,37.68230461751848,40.62153641167899,52
2787,21992,15430,421.9110670098288,1.0,1.0,23.933235182727856,0.9657865556050326,0.9735909644557634,0.9347491197183099,493.64444352796716,72.3500647772072,71.73337651813812,55
2788,21992,15430,436.013745979328,1.0,1.0,37.07279287719596,0.9746919603724591,0.9749404035118321,0.9714350414078675,489.476655900349,49.44436488153098,53.46290992102064,56
2791,21992,15430,442.702521864756,1.0,1.0,28.753819731253845,0.9617698465956085,0.9648186708311643,0.9283348056537103,509.46167139671286,65.63872429793476,66.7591495319565,57
2793,21992,15430,325.90228979932647,1.0,1.0,32.294663024020686,0.9491262015558792,0.9382074028754971,0.9303042763157895,371.1096600027656,46.8110553051588,45.2073702034392,43
2783,21992,15430,695.9661330711982,1.0,1.0,16.75648797316042,0.9786320498493241,0.9873032667636557,0.9611019736842106,792.9006621068527,93.65179355348207,96.93452903565476,92
2800,21992,15430,316.18407666237545,1.0,1.0,36.03923810102791,0.919939360570795,0.8978322154175172,0.8919092465753424,354.2953800609726,34.66695509789552,38.11130339859701,43
2784,21992,15430,244.86159095288826,1.0,1.0,34.56324097631309,0.944377526914853,0.9367486799236041,0.9226842629482072,277.9284695402809,30.850317881088888,33.06687858739258,35
2798,21992,15430,515.5065623718626,1.0,1.0,38.455227549120714,0.9237072572560131,0.943866733972741,0.8515300829875518,583.4712908269718,66.69709268266307,67.96472845510871,69
2790,21992,15430,303.8083472473002,1.0,1.0,22.553391882573564,0.9868265217584059,0.9916673343482093,0.9775233957219251,348.7119956852746,44.85547265696145,44.903648437974304,41
2781,21992,15430,507.99623235135243,1.0,1.0,33.09319130028363,0.9692441454955429,0.9498899391428202,0.9694216628959276,567.4051869373978,52.363431879067264,59.408954586044835,63
2797,21992,15430,398.04632964389583,0.9999457465277778,1.0,34.53864082524483,0.8236822048108289,0.8912406149445835,0.6449944071588367,447.7787945380185,46.09869734118385,49.73246489412256,55
2799,21992,15430,356.8966590018688,1.0,1.0,26.99722351507502,0.9410491689750693,0.9736923393739704,0.8476072175732218,400.18175537170316,40.17764455475143,43.28509636983427,48
2796,21992,15430,374.811493660345,1.0,1.0,31.52936079432082,0.9511914628681557,0.9681487939552456,0.9051246537396122,423.30255245215704,44.986588187717935,48.491058791811966,49
2782,21992,15430,365.4126198198366,1.0,1.0,29.28054612812771,0.931101989264288,0.9733196200617097,0.8434175531914894,420.82701936931153,53.871599324212326,55.414399549474865,46
2792,21992,15430,291.8998054149136,1.0,1.0,31.57130426667167,0.9329928829820698,0.9314616533864541,0.8862714694656488,328.1440039913178,32.61629786460619,36.24419857640413,42
2816,22152,15544,425.3863289813585,1.0,1.0,35.30244409900782,0.9585031895052505,0.9472608150178895,0.9479029605263158,467.5427473191008,36.98462750661325,42.15641833774215,57
2804,22152,15544,329.8672217503459,1.0,1.0,30.583616815633476,0.9052384306104074,0.876805203395436,0.8659899635036497,365.8795967563159,31.518562508954926,36.012375005969936,44
2805,22152,15544,387.2660955908543,0.9997866894197952,1.0,34.13769674094071,0.9318440973729318,0.969538591489811,0.8569862155388471,437.17122117720663,47.85768837952847,49.905125586352305,56
2815,22152,15544,317.50407798745005,1.0,1.0,37.274419874692114,0.9698446896893795,0.954393627954779,0.977986273364486,354.5643891017002,31.59046667137525,37.060311114250155,43
2801,22152,15544,344.219144711356,1.0,1.0,33.76784487189391,0.9238837653884197,0.9138052235981182,0.8872056786703602,381.0868897916331,32.05161762041537,36.867745080276904,45
2810,22152,15544,377.09328052339407,1.0,1.0,36.60460955970556,0.8567548621639686,0.943865669812477,0.6607407957244655,419.272579947937,40.76894913681408,42.17929942454272,53
2811,22152,15544,559.1921918442459,1.0,1.0,26.626432702756777,0.9912069499591676,0.9969086557638612,0.9829437022900763,636.1328857881496,74.91104091585498,76.94069394390331,73
2814,22152,15544,298.04632964389583,1.0,1.0,29.736207146050404,0.9885858331232669,0.9952405235424103,0.9835217576791809,340.28427275996773,38.60691467410769,42.237943116071776,41
2812,22152,15544,572.245435549834,1.0,1.0,25.92300260657477,0.9666161512639491,0.9545655050727834,0.9654066593886463,655.4189828109327,76.01032089164758,83.17354726109839,83
2809,22152,15544,229.1195713618722,0.9998372395833334,1.0,27.559794012320086,0.9478995512175982,0.9819692693634368,0.8612882653061225,265.92981967384645,37.96537246796126,36.81024831197417,29
2808,22152,15544,326.837784498823,1.0,1.0,34.73515685967518,0.8937310996085417,0.9457059754043986,0.7750885953608248,367.8768192774553,38.30855216794822,41.03903477863212,41
2820,22152,15544,545.465242289822,1.0,1.0,25.726529041678827,0.9839671229010866,0.9980056058645969,0.9643114896073903,626.9028746879776,75.65644859723264,81.43763239815512,72
2802,22152,15544,414.5973585108441,1.0,1.0,33.61079485354353,0.9347203124243066,0.9335475212493392,0.8823902027027027,470.76496492394875,52.00140961965655,56.16760641310435,56
2819,22152,15544,692.6524245722132,1.0,1.0,15.595984781504944,0.9519561218910007,0.9678698197575255,0.90625,798.7470822055986,103.64198645007772,106.09465763338527,96
2817,22152,15544,360.66496943136275,1.0,1.0,32.22556184165371,0.9581525805567935,0.9496355565298406,0.9465018656716417,400.38576666257285,36.331195846815014,39.72079723120999,52
2813,22152,15544,308.1840766623755,0.9998641304347826,1.0,28.93559353170707,0.9529644841749216,0.9696154277385357,0.8981657608695652,351.421832524945,40.85663379385417,43.237755862569436,45
2818,22152,15544,379.73825194236866,0.9998811787072244,1.0,29.905730940531765,0.9546456098836561,0.9760858456821666,0.8934445488721805,431.9106997902016,46.75867177174908,52.172447847832714,51
2807,22152,15544,310.26924200389914,1.0,1.0,32.251044214378894,0.9115510641687513,0.9006363976683245,0.861247859589041,349.4499248280025,37.02102423615474,39.180682824103165,44
2803,22152,15544,338.29553284237716,1.0,1.0,28.070851453239875,0.9945213337416812,0.9926417077706801,0.9986087328767124,381.6197393288072,40.986309729644866,43.324206486429915,44
2806,22152,15544,342.0375524333933,1.0,1.0,33.39967566570879,0.9517439369269004,0.9507395337177238,0.9332914086687306,383.3144848325303,37.91539859870529,41.27693239913684,48
2833,22312,15657,408.85285453541525,1.0,1.0,28.40108899906755,0.8875080310674002,0.965132144120471,0.7351973684210527,467.0809192407257,55.84209705796529,58.228064705310196,56
2839,22312,15657,431.04318323085084,1.0,1.0,29.098527498255795,0.8785402697827507,0.8890059447663481,0.7619357638888888,501.53829551177853,67.49266842139109,70.49511228092737,62
2824,22312,15657,316.0312596073035,0.9998774509803922,1.0,31.227370475556622,0.9118017044347195,0.9270182992465016,0.8304332386363636,361.83791239109394,44.70997917568557,45.806652783790376,45
2828,22312,15657,634.4708322942504,1.0,1.0,13.823341770869646,0.9731529242496134,0.9722516416013557,0.9638671875,722.6789600531819,87.31219163839808,88.20812775893211,87
2836,22312,15657,296.38947539440346,0.9999427655677655,1.0,35.545523758317294,0.9440082335950598,0.9512869602212295,0.9022529069767442,341.07150631853614,43.77304638619891,44.68203092413259,41
2832,22312,15657,267.7469883598417,1.0,1.0,25.252723323712885,0.9523974314607606,0.9623564840956146,0.9234220297029703,303.62143843349725,33.56167511048316,35.87445007365543,33
2827,22312,15657,359.49778516136024,1.0,1.0,26.420105941953974,0.9386374049299,0.9786145227321698,0.8209821428571429,411.0855823480911,49.6316957800961,51.58779718673075,51
2823,22312,15657,282.2955328423772,1.0,1.0,28.803550077336297,0.9963146086760027,0.9995791600033668,0.9981901544401545,323.0469097303612,40.12706533197575,40.751376887983824,37
2837,22312,15657,400.95801788932715,1.0,1.0,30.341172425715296,0.9487230079555501,0.9608281493001555,0.8904708059210527,448.8138192530715,43.28370204561611,47.85580136374409,51
2822,22312,15657,474.21285188526616,1.0,1.0,27.42921028715394,0.9585284737522706,0.9571590847622654,0.9350084459459459,534.8496934700534,57.20526237718029,60.63684158478687,61
2834,22312,15657,377.1283485723747,1.0,1.0,34.53695748063316,0.8578692947863873,0.896302575280536,0.7102463136729222,427.2296041808372,45.901883412693735,50.10125560846248,54
2825,22312,15657,420.70003748034327,1.0,1.0,26.599688302678462,0.8928101005557876,0.9357575757575758,0.7729890483383686,490.22516780230603,70.537695482944,69.52513032196265,60
2830,22312,15657,399.4802715333847,1.0,1.0,40.1172994715542,0.9227826520853258,0.9207273421467093,0.8832356770833333,459.49920845513293,55.528405382621976,60.018936921747965,56
2831,22312,15657,366.732621144911,1.0,1.0,38.99115859255556,0.9404991733968826,0.9261914556032204,0.924516369047619,408.6608121965305,37.39228657742889,41.92819105161925,51
2821,22312,15657,416.47712512033985,0.9999489379084967,1.0,36.62665846447526,0.9664510392202114,0.967679192186724,0.9519101876675603,467.9379342458153,50.19121368821268,51.46080912547512,54
2826,22312,15657,780.6874926211939,1.0,1.0,0.7799071674462632,0.9650681419924552,0.9782547303021746,0.9221556886227545,927.4969175789249,148.96413743659605,146.80942495773073,114
2838,22312,15657,464.4245434433838,1.0,1.0,24.348988068536585,0.8961342328645636,0.914006456241033,0.803763440860215,519.6887999356728,50.64638473843296,55.264256492288624,61
2829,22312,15657,408.8402688832357,1.0,1.0,26.432187739054214,0.9645718232044199,0.9769345238095238,0.9140625,460.16847488481,49.24230900236107,51.32820600157406,50
2840,22312,15657,760.2717671813422,1.0,1.0,24.430294551846945,0.9781153686301391,0.9690709883588222,0.9751821996466431,861.7073491059331,96.65337288688629,101.43558192459088,102
2835,22312,15657,474.5885813003415,1.0,1.0,17.40858896954584,0.9859924123442185,0.987221494102228,0.9787660256410257,540.3377042292021,64.12368439329056,65.74912292886034,65
2850,22472,15769,429.38632898135853,0.9999017295597484,1.0,32.95703080255211,0.908184127161338,0.9674322732626619,0.8177526595744681,484.6469187720696,49.89088468606649,55.26058979071097,60
2858,22472,15769,234.2341739549188,0.9998452970297029,1.0,27.208734706057523,0.9853512366359232,0.9764287595470108,0.9873670212765957,260.1506395417893,23.874698380305844,25.91646558687056,34
2844,22472,15769,315.48900795085774,1.0,1.0,31.214223849929,0.8713926377598964,0.8906341419505829,0.7271356177606177,373.657362917265,58.002532449610825,58.168354966407215,50
2851,22472,15769,337.94609426577983,1.0,1.0,29.795990845881867,0.9705174933856314,0.9689794884780957,0.9600250912408759,401.1006987239549,65.48190668726247,63.15460445817498,49
2855,22472,15769,404.6386785928848,1.0,1.0,35.25062076404481,0.9504293152711503,0.9332229580573952,0.9515346692111959,449.51842906560574,42.56962570908129,44.87975047272086,60
2843,22472,15769,359.47149432288217,1.0,1.0,40.67171511156285,0.981923462380758,0.970933987856866,0.9828782126168224,399.9205736988654,36.67361906397444,40.44907937598296,51
2852,22472,15769,342.66745381577556,1.0,1.0,30.423223276095314,0.9873613806803166,0.9840152515031529,0.9840163934426229,385.7968301631202,42.19406452101672,43.12937634734448,44
2856,22472,15769,557.7582499547569,1.0,1.0,27.21384360749804,0.9752943942211109,0.9797211660329531,0.9558823529411765,634.1971242155154,71.15831139113718,76.43887426075813,79
2845,22472,15769,306.0112615949153,1.0,1.0,36.50468608038638,0.9712357088129164,0.955486612261415,0.977935878962536,344.5172085202698,34.50892038803164,38.50594692535441,45
2847,22472,15769,489.9285806378042,1.0,1.0,32.341790768899095,0.9516745789610497,0.9621707538601272,0.9083038015463918,556.0017786653567,61.609797041328044,66.07319802755205,66
2853,22472,15769,314.3481145193331,1.0,1.0,38.74460601257537,0.9687191293769952,0.9623642491574086,0.9651372832369942,356.4848379923423,42.20508520951372,42.13672347300915,46
2849,22472,15769,549.3036480242475,0.999896523178808,1.0,25.515822840695318,0.9735054852070126,0.9784092924277354,0.9418850806451613,619.4267106779074,68.43459398048923,70.12306265365949,77
2842,22472,15769,437.268579975267,1.0,1.0,29.510072758663487,0.9685955151034448,0.9656139992857508,0.9507907774390244,513.8558681194489,77.38093221627238,76.58728814418161,62
2857,22472,15769,514.7288127032339,1.0,1.0,29.093972320430545,0.969758003299495,0.9622137228699138,0.9615603644646925,586.7407577118206,69.76791751287982,72.01194500858654,69
2854,22472,15769,647.1396101672902,1.0,1.0,30.743942360983105,0.96145880488909,0.9526373283395755,0.9583737864077669,719.1572783533031,65.27650227901898,72.01766818601264,88
2841,22472,15769,353.84093091186776,1.0,1.0,32.873069949674495,0.9847353008224173,0.9863372895390561,0.9764871382636656,402.13410661165983,43.189763549687626,48.293175699791746,48
2846,22472,15769,243.43642627390182,1.0,1.0,32.596519973384396,0.9881455850313983,0.9947800149142431,0.9902203237410072,270.793683006495,26.78588509888972,27.357256732593147,34
2859,22472,15769,450.9254342247594,0.999937996031746,1.0,25.180011125236703,0.9673612623327026,0.9749765698219306,0.9387428977272727,510.97326199621284,56.321741657179686,60.04782777145316,61
2848,22472,15769,360.46834790983735,1.0,1.0,35.55813842411051,0.988399750448413,0.984805890227577,0.9934351965601965,400.17727424648984,36.313389504978566,39.70892633665236,48
2860,22472,15769,465.6793774393228,1.0,1.0,24.87651555704101,0.9618185686463839,0.961574862767367,0.9359714673913043,541.0106723776664,73.24694240751484,75.33129493834322,65
2875,22632,15881,429.71440469527374,1.0,1.0,36.175595954145976,0.9687267926396567,0.975290490870287,0.9471666666666667,476.7001008626966,43.47854425113416,46.98569616742278,61
2874,22632,15881,364.4157662328814,1.0,1.0,27.211974759551367,0.9717464702271332,0.9784708578912901,0.948980734767025,409.83559352459747,39.62974093757395,45.419827291715954,51
2862,22632,15881,351.00811518187044,1.0,1.0,35.15998751371579,0.9908611613958105,0.9904783325835957,0.9920039164490861,396.15838300635374,39.97540173672495,45.150267824483294,53
2876,22632,15881,494.597358510844,0.9999055891238671,1.0,34.766700717294704,0.8937336080929187,0.9672529940119761,0.7860761518771331,560.1080762652205,60.016076631564026,65.510717754376,68
2865,22632,15881,263.2398047523765,1.0,1.0,35.36084690479782,0.9848131180566989,0.9875055778670236,0.9742712014134276,304.06589210388046,39.48913102725597,40.82608735150399,40
2866,22632,15881,307.72069752136366,1.0,1.0,39.31870458615187,0.9671733135794043,0.9664693123864236,0.9536695710455764,344.02840662157024,34.21156365030967,36.30770910020643,44
2869,22632,15881,469.84093091186776,1.0,1.0,39.03479305356434,0.934417738834777,0.956201229817685,0.8622926904176904,534.3495304978095,61.51289937891222,64.50859958594145,70
2871,22632,15881,398.1252021593297,1.0,1.0,36.30747462460098,0.938555683162207,0.9626076833527357,0.8755593675417661,451.38991826444885,48.397074157678276,53.26471610511886,57
2878,22632,15881,299.27487280135676,1.0,1.0,33.11852693945146,0.9878208222233679,0.9861386138613861,0.9823667711598746,340.2053702590993,38.145746186613366,40.930497457742234,41
2863,22632,15881,264.87036816339076,0.9999332264957265,1.0,29.15209049458717,0.9714449579229488,0.9915735841661768,0.9525568181818181,307.01381918337944,40.7151765299828,42.14345101998852,38
2867,22632,15881,496.1539773822204,1.0,1.0,22.606699969343858,0.9072442369975234,0.9120182555780934,0.8314050572519084,565.5755050066275,69.63229143661,69.42152762440668,66
2880,22632,15881,359.92609625339156,1.0,1.0,33.6255844898465,0.9588465722745368,0.9411764705882353,0.9554884453781513,413.90063525923006,50.21180850875769,53.974539005838444,53
2870,22632,15881,476.72632831882123,1.0,1.0,30.064998150963557,0.9603632170654367,0.9683225341972642,0.9296875,537.0750024878089,56.02301125348103,60.348674168987344,66
2877,22632,15881,615.5854348872967,1.0,1.0,28.064870729716787,0.966660419790105,0.9659157832744405,0.9580722295514512,688.7486180019512,68.49477467198085,73.16318311465392,86
2872,22632,15881,253.35126093237815,1.0,1.0,30.670521320931726,0.9298630692984704,0.9707857142857143,0.8186408296943232,292.7268743489633,36.563420124877766,39.37561341658517,36
2879,22632,15881,524.7175919013483,1.0,1.0,39.600138110538424,0.9276365413422007,0.9596055514974434,0.864989406779661,592.2327321668691,62.272710398280736,67.51514026552047,71
2864,22632,15881,384.93172705084925,1.0,1.0,28.39112571118252,0.9824889697677213,0.9857797059532417,0.9861697635135135,425.31793700817656,35.07931493599073,40.38620995732713,48
2873,22632,15881,193.5741732923815,1.0,1.0,33.30066895274483,0.9723829501396468,0.983604947967799,0.9633039419087137,220.69432901414714,27.180233582648427,27.120155721765617,30
2861,22632,15881,786.8252396396733,1.0,1.0,7.841235729866366,0.9760983725531814,0.9749937275236263,0.960510587431694,908.6166360640738,122.68709463660072,121.79139642440057,108
2868,22632,15881,481.4652014967924,1.0,1.0,29.975343045736007,0.9669784468296067,0.971484354929867,0.938959478021978,550.530335784353,64.59770143134061,69.06513428756045,69
2884,22792,15994,417.42139703033905,1.0,1.0,38.317741713514174,0.9348253959781695,0.9319455252918288,0.8961900684931506,477.853773874096,55.39856526563502,60.43237684375668,61
2891,22792,15994,293.84093091186793,1.0,1.0,24.61994841380358,0.9885941549522864,0.9919271980038162,0.9732603092783505,340.41451312107836,45.860373313815614,46.5735822092104,41
2882,22792,15994,305.11957136187215,1.0,1.0,31.124926829460566,0.9629538994409202,0.998687233344273,0.9150795118343196,352.0009436318568,44.0720584049768,46.88137226998454,46
2895,22792,15994,565.9724258972875,1.0,1.0,29.025601039525025,0.9371091255161598,0.926275642449826,0.90625,644.7521691740513,72.4196149151453,78.77974327676357,75
2897,22792,15994,291.89980541491366,1.0,1.0,27.502415183736872,0.9658315018315019,0.9946440114507341,0.9249507874015748,331.6546938344037,38.63233262923481,39.754888419489866,41
2885,22792,15994,206.95553350491457,1.0,1.0,25.543783238916696,0.9728620814492486,0.9617784026008259,0.9617949695121951,240.31231979023622,34.285179427982406,33.35678628532159,27
2899,22792,15994,344.72632831882123,1.0,1.0,36.29359917437765,0.9593816773234561,0.9709679491296808,0.925561327077748,384.609458371248,36.57469507863992,39.88313005242661,49
2896,22792,15994,270.7326211449111,1.0,1.0,30.14520555770993,0.9567460419616425,0.9748709122203099,0.90425796812749,313.56741559277026,41.00219167178861,42.83479444785907,37
2889,22792,15994,386.3831825683137,1.0,1.0,28.166093267856482,0.959462519473932,0.9759870004814637,0.9105992268041238,433.7867502949416,46.355351589941705,47.4035677266278,52
2881,22792,15994,510.62364934932197,1.0,1.0,18.35894181898303,0.9419761035987695,0.9605263157894737,0.854120575221239,599.5441567027235,90.63076103010145,88.920507353401,73
2887,22792,15994,394.3306008913576,1.0,1.0,23.181613388637228,0.9497020395317909,0.9615879552181187,0.8991596638655462,461.65276126567534,66.48324056147638,67.32216037431755,59
2900,22792,15994,592.4119577912043,1.0,1.0,19.733116183855035,0.9844958182105097,0.9800509337860781,0.9803370786516854,674.9712300905778,78.83890844905952,82.55927229937306,84
2898,22792,15994,545.1459029933795,1.0,1.0,17.150990121040895,0.9582315542202512,0.9858226647700332,0.8758028656126482,621.540307740765,75.59160712107771,76.39440474738512,79
2892,22792,15994,427.961164302372,0.9997859589041096,1.0,31.67870699890467,0.9765177548682704,0.9647525176773087,0.9758758907363421,474.05481446913836,42.140475250149215,46.09365016676613,57
2883,22792,15994,337.4652014967925,1.0,1.0,26.90998509556559,0.978724483841669,0.9885575879061221,0.9582435344827587,384.13827201933765,44.509605783817555,46.673070522545025,44
2888,22792,15994,328.89665900186867,1.0,1.0,20.138516520649038,0.9255961326520391,0.9767766497461929,0.7536590189873418,382.91665954058305,55.530000808071364,54.020000538714235,48
2890,22792,15994,132.11394056441452,1.0,1.0,26.9684689508009,0.9684572857243469,0.9918687982359427,0.9285130718954249,160.04088904525022,28.390422721253557,27.926948480835705,21
2886,22792,15994,321.8409309118679,1.0,1.0,32.55996722315039,0.9784065901249202,0.9720445704490012,0.9726019965277778,366.5942586231423,44.629991566911414,44.75332771127426,44
2893,22792,15994,275.03440602034846,1.0,1.0,30.559314649219893,0.9837566906964512,0.9748237663645518,0.9872662401574803,319.2787230318365,43.11647551723206,44.244317011488036,39
2894,22792,15994,457.88477617135084,0.9999443950177936,1.0,29.594152889077215,0.8912644958727909,0.9652985800427932,0.7186246657754011,527.9315305489577,62.320131566409756,70.04675437760648,66
2906,22952,16106,404.6474558033873,1.0,1.0,38.91162598988341,0.9480899700716839,0.952570253598355,0.9081724476439791,457.1877131941237,50.31038608610438,52.54025739073624,60
2912,22952,16106,618.9867931122179,1.0,1.0,12.509632294478022,0.9548764752911004,0.961633358006415,0.9017518939393939,720.2353336109321,100.8728107480712,101.24854049871416,85
2916,22952,16106,342.15149299780774,0.999938725490196,1.0,28.39579414482606,0.9778844375305316,0.9741856618968865,0.9648569023569024,400.31842142471845,58.000392640365995,58.16692842691065,48
2907,22952,16106,292.28924001628747,1.0,1.0,27.703645147322764,0.9822750914620709,0.987700964630225,0.9685546875,345.15809054606177,54.5532757946613,52.86885052977421,40
2920,22952,16106,488.96679509982965,1.0,1.0,25.929805305727264,0.9769384887495124,0.9769885848885668,0.967705754950495,563.5044931728801,73.55654710957533,74.5376980730502,69
2913,22952,16106,419.53285321034076,0.9999403625954199,1.0,28.816183215774988,0.9682264193294963,0.9725415725723671,0.9490775602409639,479.94785048308427,57.622495909114974,60.414997272743314,59
2917,22952,16106,372.7263283188213,1.0,1.0,34.55798340475196,0.9173884151068779,0.951725768321513,0.8272617403314917,425.16692358848513,49.41089290449538,52.440595269663596,50
2903,22952,16106,345.66182301831793,1.0,1.0,17.588768548605948,0.9854682148736353,0.9837046025829939,0.9887111244019139,422.5226399964985,82.29122546727079,76.86081697818052,50
2902,22952,16106,334.8114936603451,1.0,1.0,24.419346124521475,0.9905662475123134,0.988011537768163,0.9915865384615384,391.6406658786242,55.24375832741872,56.82917221827914,47
2915,22952,16106,566.8553389198281,1.0,1.0,25.058409138439448,0.9036029372567834,0.9539027149321267,0.7821601941747572,654.4342073333557,85.6183026202912,87.57886841352752,83
2901,22952,16106,355.7294747318662,1.0,1.0,24.910100813366867,0.9671959394167489,0.9614466909456235,0.9632510729613734,412.9158579538719,54.279574833008574,57.18638322200571,50
2905,22952,16106,322.2829471901977,1.0,1.0,19.26154563673521,0.9641805328103624,0.9582680104516611,0.9384827044025157,370.04936529610757,48.399627158864845,47.76641810590989,39
2911,22952,16106,406.09891132085176,0.9999433876811594,1.0,27.462701961154277,0.8846474139725784,0.9805081033727552,0.7372906698564593,481.2182705570155,74.42903885424556,75.11935923616377,64
2904,22952,16106,242.92046545593394,1.0,1.0,41.773431890671134,0.9611349017378017,0.9625924680564896,0.9463315217391305,279.80796458797164,33.58124869805641,36.88749913203759,40
2919,22952,16106,356.7000374803432,1.0,1.0,28.280004783443996,0.9601954898722387,0.9711609845240134,0.915952166064982,414.6683931423154,56.95253349295787,57.96835566197192,51
2908,22952,16106,211.8910282044111,1.0,1.0,29.851764606066144,0.9390628082277763,0.9367766990291262,0.9169447815533981,249.24288888358703,37.277791018763764,37.35186067917584,32
2909,22952,16106,247.43642627390182,1.0,1.0,30.535096299394013,0.9929258166721293,0.9956948338005607,0.9978390957446809,279.9855559838894,30.8236945649814,32.5491297099876,33
2910,22952,16106,409.67937743932293,1.0,1.0,29.606560953238237,0.9854818091014094,0.9976631419057078,0.972608024691358,472.81389958689806,62.45178322136226,63.13452214757487,53
2914,22952,16106,541.3775925638856,1.0,1.0,31.810190598293577,0.929311350130882,0.9775800102686976,0.8389448221757322,617.4885633305289,69.16645614996425,76.11097076664282,75
2918,22952,16106,442.8728525478035,0.9999453671328671,1.0,31.555165716969036,0.9302982970253235,0.9700806451612903,0.8341145833333333,504.97450465752786,58.65247816458624,62.10165210972416,59
2926,23112,16220,260.6386785928848,0.9998190154440154,1.0,31.949038839448267,0.9347133150099252,0.9499740124740125,0.8680019305019305,303.53975534302145,41.10161512520471,42.90107675013647,39
2925,23112,16220,498.61487213881946,1.0,1.0,14.730146091838483,0.9557705762247215,0.9825186296105357,0.8633972772277227,556.434101240262,54.478843652162865,57.819229101441906,68
2928,23112,16220,325.3600381428806,1.0,1.0,21.993477701503156,0.9516178366214416,0.9663835810332626,0.8893229166666666,375.06912580820756,49.063631497990535,49.70908766532701,44
2927,23112,16220,357.98116231476035,1.0,1.0,23.25724643486391,0.9549500768880901,0.9563025210084034,0.9186746987951807,403.98819123572605,45.760543381448294,46.007028920965524,45
2936,23112,16220,407.3625225272933,1.0,1.0,27.75857325577818,0.9867291346999293,0.9834079045488442,0.9838693365695793,465.9241646817428,56.342463231674174,58.561642154449444,56
2923,23112,16220,387.01689239237294,1.0,1.0,26.85890616540467,0.9569199798691493,0.9540677306344881,0.9316037735849056,446.7459245793318,58.84354828043811,59.72903218695874,56
2932,23112,16220,478.3656689403381,1.0,1.0,39.238674111312434,0.9598705231780785,0.9735355488828948,0.9321157094594594,530.3570903480334,44.23713211154236,51.99142140769489,62
2937,23112,16220,399.7470291528711,1.0,1.0,32.17005293299836,0.9664404833747922,0.983959569325423,0.9300635026737968,457.62768468492965,52.320983298087086,57.88065553205806,51
2933,23112,16220,527.7733199913494,1.0,1.0,30.27152110235274,0.9149875640986272,0.9013967062747551,0.8701298701298701,606.6810042978399,78.611526459736,78.90768430649065,72
2930,23112,16220,548.7701735783043,1.0,1.0,29.730911765691552,0.8942964634192258,0.9616426853936872,0.770592485549133,606.987053039258,54.32531919142984,58.21687946095325,67
2929,23112,16220,417.73195911627886,1.0,1.0,29.156747136259703,0.9889917961206846,0.9890576514780336,0.9807098765432098,470.86139807790926,49.69415844244522,53.12943896163015,51
2921,23112,16220,484.55599763577374,1.0,1.0,38.72260623529833,0.9580479548979429,0.9581835179059399,0.9294310722100656,540.5205505578074,52.446829383050144,55.96455292203341,60
2935,23112,16220,372.6123877544068,1.0,1.0,34.744312826032825,0.8275080174393238,0.9527846960945366,0.6739035087719298,410.41741542863616,34.957541511343805,37.8050276742292,49
2940,23112,16220,423.3537453167907,1.0,1.0,24.02489988368313,0.9749867353899796,0.9964855190367718,0.9342404801324503,479.30381605461844,54.67510610674109,55.9500707378274,57
2922,23112,16220,493.43017424084144,1.0,1.0,25.548121526533265,0.9782553896151742,0.9725706552854838,0.9758602528089888,562.5005794464356,64.60560780839063,69.07040520559374,64
2924,23112,16220,312.1840766623755,1.0,1.0,34.549850472870055,0.9412143375124579,0.9521775835526642,0.8889139048991355,346.29768017601475,30.920405270458613,34.11360351363907,39
2931,23112,16220,321.84093091186793,0.9999302455357143,1.0,27.751666529494976,0.9561938334740082,0.9624193760695011,0.9325657894736842,368.245727786145,45.60719531141527,46.40479687427684,43
2939,23112,16220,307.6418250059298,1.0,1.0,38.40961823830139,0.868006705018989,0.969079754601227,0.6843979779411765,343.0858707678229,30.666068642839594,35.44404576189306,42
2934,23112,16220,479.41510420424913,1.0,1.0,28.984693314119916,0.957350444141957,0.9808400460299195,0.91468147751606,544.6712708450493,64.13424996119949,65.25616664079966,60
2938,23112,16220,390.5097087849077,1.0,1.0,38.59739163631995,0.9543928763287698,0.9743145904293931,0.9243125,435.51061639952616,40.501361421927534,45.000907614618356,50
2943,23272,16333,294.03755243339333,0.999746963562753,1.0,32.95932047455414,0.8852371624280222,0.8872231686541737,0.7961931818181818,337.6339124071338,43.644539960610594,43.59635997374039,43
2956,23272,16333,480.26298997083893,1.0,1.0,28.037726303755274,0.8976641435763947,0.9200471506381594,0.8013085399449036,547.1334836560446,61.30574052780798,66.87049368520532,63
2941,23272,16333,337.41261981983655,1.0,1.0,29.31903040476434,0.9863092730636094,0.9926299456943367,0.9753645833333333,382.1720657818351,43.13916894299764,44.75944596199841,43
2960,23272,16333,278.03755243339333,1.0,1.0,30.467710945667992,0.9737234700613899,0.9682018310154449,0.9657855731225297,329.75938099834445,52.08274284742657,51.72182856495104,43
2942,23272,16333,381.9022897993264,0.9997743682310469,1.0,31.33697580185772,0.9695102871000548,0.9634726628102258,0.9598803630363036,442.5045007186637,58.65331637900566,60.60221091933711,50
2944,23272,16333,391.92609625339156,1.0,1.0,37.20083270505765,0.981758913641968,0.9648748667126639,0.9866111359570662,439.2094276868197,43.17499715014205,47.283331433428025,54
2948,23272,16333,391.3011636398347,1.0,1.0,37.2150245520758,0.9485044522900893,0.9682293015626349,0.8862823569482289,439.8424355538839,47.31190787107317,48.54127191404879,49
2955,23272,16333,486.3130872633822,1.0,1.0,28.375303900255478,0.9637085899631911,0.9668746999519923,0.9377200704225352,539.4688717894608,45.98367678911755,53.155784526078364,62
2946,23272,16333,240.40698902237892,1.0,1.0,31.616840622545464,0.9911602094894993,0.9894924309884239,0.9944444444444445,276.1992364908854,35.68837120275973,35.79224746850648,32
2952,23272,16333,281.58295050288405,1.0,1.0,29.97687366962738,0.9480532988810301,0.9345926324280721,0.9261754587155964,313.23835676983276,28.73310940042301,31.655406266948663,41
2945,23272,16333,339.7294747318661,1.0,1.0,28.671794399199143,0.9648998641902102,0.978409401475813,0.940580985915493,396.33819541926556,55.663081031098834,56.60872068739923,48
2959,23272,16333,293.38632898135864,1.0,1.0,29.474739348997957,0.9530070906174122,0.9911699779249448,0.878125,328.0056362224844,31.678960861688523,34.619307241125675,35
2947,23272,16333,274.51844520238063,1.0,1.0,38.54580361583939,0.9686447047298952,0.9537648612945839,0.9711632853403142,306.04292537237626,28.536720254993398,31.524480169995588,39
2957,23272,16333,439.76454278084657,1.0,1.0,12.24016315855605,0.9977874164796732,0.9979757085020243,0.9957600502512562,516.9883984953615,79.0857835717718,77.22385571451456,59
2958,23272,16333,515.0431832308508,1.0,1.0,23.956204171763815,0.9292566119168645,0.9803096274794388,0.8333970048899756,598.1721964775854,83.44351987010204,83.12901324673471,76
2949,23272,16333,469.90228979932624,1.0,1.0,31.319188473266664,0.9539036329953668,0.9888336833478462,0.9013741134751773,538.9829147503141,67.62093742648142,69.0806249509876,64
2953,23272,16333,249.582950502884,1.0,1.0,31.440012019225083,0.9659095731138081,0.9590782983970407,0.9466552734375,290.96816898272147,38.827827719756044,41.38521847983736,35
2950,23272,16333,384.9580178893271,0.9999425551470589,1.0,25.2591892265503,0.948161208617125,0.9818773892113832,0.8803365384615385,431.4815659235822,41.285322051382195,46.52354803425481,50
2954,23272,16333,557.3124252347502,1.0,1.0,33.00387421166361,0.9872000343211912,0.9821000704721635,0.9926685244161358,637.7485519682214,77.15419010020607,80.43612673347069,74
2951,23272,16333,345.64430939034247,0.9998497596153846,1.0,23.436105246719382,0.9739030213221371,0.9687339825730394,0.9685522151898734,389.16175347184463,39.77616612225314,43.51744408150209,45
2970,23432,16445,241.32497009390005,0.9998429648241206,1.0,27.442025663536462,0.901697929965845,0.954896105512007,0.7355295566502463,281.1418035769651,39.47525022459745,39.816833483064975,34
2968,23432,16445,387.70318389338814,1.0,1.0,35.63306756372041,0.937665294684298,0.9179032480360179,0.9150568181818182,431.7436828514415,37.56074843707984,44.040498958053206,52
2977,23432,16445,442.758911983389,1.0,1.0,29.65176016452823,0.9829486658643712,0.9867101548047902,0.9660741590214067,498.97707091593554,54.32723839881947,56.2181589325463,60
2963,23432,16445,497.7056682778009,1.0,1.0,33.09412545899078,0.9396748371443228,0.9484177077438732,0.8988468886462883,554.5616674948571,50.783998825583865,56.85599921705591,64
2966,23432,16445,326.0375524333933,1.0,1.0,32.98356619299183,0.9090972762966534,0.8924373139599415,0.8725,372.14530478309865,43.661628524557905,46.107752349705265,49
2967,23432,16445,421.242289136789,1.0,1.0,32.246466788741614,0.8660425374716952,0.8651546956283654,0.7892521237864077,487.9469055736822,67.05692465533954,66.70461643689303,60
2973,23432,16445,353.0757668954187,1.0,1.0,19.32576684533311,0.9905018003877758,0.9956225680933852,0.9848050458715596,400.98499499079935,48.61384214307076,47.9092280953805,47
2980,23432,16445,419.1308329567873,0.9998579545454546,1.0,32.96222689327252,0.9770019298533467,0.9817783343769568,0.96861906424581,467.93228712699477,43.20218125531061,48.801454170207066,54
2961,23432,16445,357.82341728389247,0.9997902684563759,1.0,35.15368139451887,0.9818956921796612,0.9655010192880665,0.9850376674107143,404.2991673651173,41.21362512183721,46.475750081224795,47
2962,23432,16445,706.5584820201871,1.0,1.0,12.615869191748596,0.9700032858591462,0.9714755409428177,0.9463225593667546,837.0460361578289,135.73133120646298,130.4875541376421,105
2971,23432,16445,479.1483465847628,0.9997097523219814,1.0,29.900395898666783,0.9727562024280998,0.9655238004660232,0.9670138888888888,559.3972682019765,82.87338242582027,80.24892161721354,65
2969,23432,16445,349.30745646592453,1.0,1.0,29.890445379436464,0.9529819536452935,0.9476744186046512,0.9266528925619835,388.57993973546826,34.90872490431536,39.272483269543564,46
2978,23432,16445,398.38318256831366,1.0,1.0,37.853214401003484,0.9481688986964594,0.9577052287018692,0.9129227453580901,457.2257205516864,56.763806975058834,58.84253798337257,53
2965,23432,16445,421.0368904047611,1.0,1.0,32.298708152469096,0.9740482897977846,0.9793350265527592,0.9604455289672544,482.8694540766236,61.99884550779326,61.832563671862154,51
2976,23432,16445,291.66811584440774,1.0,1.0,27.16604463183628,0.9576564494148694,0.9614079728583546,0.9205437219730942,334.0563697615873,41.08238087576937,42.388253917179576,39
2979,23432,16445,482.6674538157755,1.0,1.0,28.345718521994296,0.952644543466829,0.9876568191015783,0.8998140732265446,562.1362817126076,80.20324184524759,79.46882789683173,64
2964,23432,16445,421.44768786881696,1.0,1.0,16.465730682598647,0.9863343607419437,0.9889019454236846,0.9764859068627451,499.24464972358294,81.44544278214865,77.7969618547658,59
2975,23432,16445,409.5917277133865,1.0,1.0,28.393533461380464,0.9392456494020487,0.9302766370323571,0.9058415032679739,456.4915110695255,44.84967503420824,46.89978335613881,55
2974,23432,16445,439.3537453167908,1.0,1.0,30.369509217345552,0.9584447235709866,0.9518459839646647,0.9449207227138643,506.9769983289229,66.18487951819792,67.62325301213194,58
2972,23432,16445,671.0481519996766,1.0,1.0,16.738032691396622,0.9789286687292637,0.9797402379050901,0.958667652027027,777.4013246795898,104.0297590198695,106.35317267991309,98
2994,23592,16558,437.21599829831104,1.0,1.0,36.489108326586845,0.9067374443992452,0.9149223018519832,0.810676261829653,495.8904370971912,58.01165819831984,58.67443879887987,59
2992,23592,16558,432.5948741264313,1.0,1.0,32.84778400566651,0.9758558322230584,0.9615212277360815,0.9722481343283582,480.1762146190133,44.37201073887265,47.58134049258176,57
2987,23592,16558,301.15463941085267,1.0,1.0,29.477354953606007,0.9753614666568665,0.9867514167560116,0.9493276892430279,348.5167878390783,47.04322264233826,47.362148428225495,41
2991,23592,16558,378.35689172983575,1.0,1.0,19.11424608004968,0.9924995279010482,0.996516393442623,0.9803025265957447,434.80277239662445,56.16882100018305,56.44588066678868,49
2981,23592,16558,482.3744461508406,1.0,1.0,35.18818713435811,0.8814914411288456,0.8997340425531914,0.7482789855072464,538.2929955276899,50.87782406527318,55.91854937684875,60
2989,23592,16558,395.5065623718628,1.0,1.0,27.995639749076457,0.9535316063843753,0.9735709225655278,0.9023840206185567,455.27732014380894,56.6561366579192,59.770757771946116,55
2996,23592,16558,426.6148721388196,1.0,1.0,25.42347205700784,0.9619522610788729,0.9728871642392783,0.9296875,502.39680321690673,76.9228966171305,75.781931078087,59
2983,23592,16558,396.5034159588178,1.0,1.0,26.12723662147169,0.9536214016604738,0.965683782409761,0.9013409961685823,454.10873018548534,55.657971340000856,57.60531422666723,51
2986,23592,16558,216.61238775440694,1.0,1.0,27.355219324411294,0.9669839114618025,0.9622307692307692,0.95078125,259.0148753255483,43.35373135671202,42.40248757114133,29
2999,23592,16558,257.1020577338967,1.0,1.0,31.095718565192023,0.9668689807383628,0.9594064070351759,0.9587765957446809,307.48106553757304,52.318511705514275,50.37900780367618,37
2984,23592,16558,381.36003814288057,1.0,1.0,27.466049679066092,0.96665656390717,0.9637079378774805,0.9474794708029197,458.4945857801034,81.95182145583424,77.13454763722281,55
2998,23592,16558,422.87285254780346,1.0,1.0,31.18735115722376,0.9785295458114229,0.9884428534901559,0.9571724397590361,481.8397079360329,59.95028308234387,58.96685538822925,52
2997,23592,16558,383.7645427808466,1.0,1.0,37.25604632809537,0.9599811709662004,0.9620425201436754,0.9349154135338346,441.2860303633774,56.28223137379576,57.52148758253049,52
2990,23592,16558,287.7206975213637,1.0,1.0,29.218015186692668,0.9107148188322868,0.9250517094537049,0.8291585603112841,330.0233544322722,43.203985366362595,42.3026569109084,38
2982,23592,16558,793.5315291530773,0.9998570884146342,1.0,3.450765297658755,0.9544651200229581,0.9597536148666284,0.936556461352657,956.3777836245565,173.76938170721976,162.84625447147985,117
3000,23592,16558,608.3330852757704,0.9999516253869969,1.0,18.636881020956494,0.9655937077717334,0.9800452177332154,0.9330082923832924,722.7316275356635,119.09781338983976,114.39854225989318,85
2995,23592,16558,511.1045421183093,1.0,1.0,15.81541108688422,0.9564031809996233,0.9610496104961049,0.9212431066176471,609.455244545336,99.52605364053969,98.35070242702648,76
2988,23592,16558,1153.701859836125,0.9998301630434783,0.0,-57.107144207552494,0.9873462736554008,0.9783950617283951,0.9954702768729642,1449.630653127289,335.8931899367504,295.9287932911674,200
2985,23592,16558,459.2660955908542,1.0,1.0,16.96006201750579,0.961791330615307,0.9857285304748847,0.8992435515873016,533.2740941715205,75.76199787099885,74.00799858066594,66
2993,23592,16558,316.18407666237545,1.0,1.0,35.41907942007749,0.9712253683918022,0.9798719725466905,0.9556234137055838,359.38909831101824,43.05753247296413,43.20502164864271,42
3014,23752,16670,456.78768720627966,1.0,1.0,24.401188910618522,0.9805793777423216,0.9806323283082077,0.9671822742474916,515.7878625913942,56.25026307767127,59.000175385114176,57
3003,23752,16670,594.7551035417121,1.0,1.0,16.962969010584,0.9906397342892315,0.9881472239550843,0.9903724747474747,685.22807776614,94.45946133664141,90.47297422442757,77
3004,23752,16670,194.920465455934,0.9998405612244898,1.0,31.584484429792127,0.9396245815099498,0.9396449704142011,0.8884725765306123,232.56378976848742,39.214986468830034,37.64332431255333,32
3018,23752,16670,231.9523870918697,0.9999102011494253,1.0,24.8855077817342,0.9479331207343606,0.9337868480725624,0.9244206460674157,260.46008710515605,26.261550019929597,28.507700013286396,30
3008,23752,16670,325.78834923491195,1.0,1.0,32.882099908811604,0.9769770912334547,0.9789669999481946,0.9715302491103203,361.1003988783692,31.968074465185808,35.31204964345719,41
3002,23752,16670,450.75510354171195,1.0,1.0,31.562105209268807,0.9633633567176401,0.9799677061257442,0.9220074152542372,526.3172637484734,75.09324031014172,75.56216020676116,61
3012,23752,16670,540.9580178893272,1.0,1.0,22.34618035732568,0.928552820596795,0.9509952691243417,0.8445852987421384,612.8184613795635,67.29066523535403,71.86044349023605,80
3005,23752,16670,275.7469883598418,0.9995833333333334,1.0,26.734313283836123,0.9683693282278798,0.9622115533529503,0.9563400205761317,325.7786468134609,53.297487680428766,50.031658453619144,36
3015,23752,16670,344.2366583393314,0.9995421245421245,1.0,30.93216240323824,0.9758231457251103,0.9887907356543686,0.9642857142857143,386.52238735464,40.17859352296259,42.28572901530839,44
3013,23752,16670,312.18407666237556,1.0,1.0,33.71522682816658,0.9820441389604867,0.9933152664859982,0.9760016025641025,364.82599655578633,51.212879840116024,52.64191989341067,43
3009,23752,16670,489.0193767767856,1.0,1.0,29.56317561271203,0.9488633647680634,0.9657332350773765,0.8974556010928961,578.1682972933818,87.223380774894,89.14892051659598,71
3011,23752,16670,495.4413950427271,1.0,1.0,32.7346440664427,0.949461652492783,0.9698198198198198,0.8985264806378133,574.4028665498199,75.69220726063867,78.96147150709247,70
3001,23752,16670,417.9285806378043,1.0,1.0,19.905812973209517,0.9615873579375093,0.9675845242244685,0.9192831753554502,485.2414543641315,67.96931058949049,67.31287372632701,56
3007,23752,16670,467.3011636398347,1.0,1.0,27.489739998745648,0.995959814367685,0.9983422849943637,0.9959068010075567,539.9194322781341,69.9274029574488,72.61826863829918,61
3020,23752,16670,469.82341728389235,1.0,1.0,33.961392705173466,0.9508293744101605,0.9681002263515291,0.9148797071129707,525.8307851043216,50.261051730643395,56.007367820428904,60
3019,23752,16670,796.0625600076372,1.0,1.0,8.28340831696814,0.994363796998914,0.991784098590817,0.9948694029850746,929.3913714446393,133.99321715550315,133.3288114370021,107
3016,23752,16670,440.7000374803433,1.0,1.0,21.13032013723562,0.9926352806018802,0.9889112153010344,0.9968162225705329,508.43627135261727,68.60435080841067,67.7362338722738,62
3017,23752,16670,233.75328118593143,1.0,1.0,32.92586108372944,0.9803095929775252,0.9850996644957568,0.9799568965517241,269.9322974990388,37.76852446966096,36.1790163131073,33
3010,23752,16670,558.47083229425,1.0,1.0,36.626440991879015,0.9486161818724428,0.9411165523996082,0.9302372685185185,619.4016667105811,52.39625162449587,60.93083441633058,69
3006,23752,16670,549.6443093903424,1.0,1.0,36.67825727240816,0.9414324265343814,0.9487171522643971,0.9014423076923077,609.4948462221149,54.52580524765829,59.85053683177219,74
3026,23912,16783,339.3274544783129,1.0,1.0,28.43888736191319,0.9782012810895031,0.9817921948794432,0.9683176877470355,396.43966543519565,56.41831643532403,57.11221095688269,46
3034,23912,16783,389.41261981983655,1.0,1.0,32.299165497290915,0.947269295977783,0.9558760592313618,0.9001524390243902,442.12163591431334,50.56352414171489,52.7090160944766,54
3029,23912,16783,348.9843087278052,1.0,1.0,41.49677969952981,0.9390740698325029,0.9593322455127401,0.881015625,398.8759067430071,47.837397022802456,49.89159801520163,47
3024,23912,16783,441.41261981983655,1.0,1.0,29.44850154015373,0.973566376164259,0.9923465559501776,0.942467485549133,501.92845019625025,57.77374556462043,60.515830376413604,59
3035,23912,16783,457.395106191861,1.0,1.0,33.99899788202207,0.9786427353994921,0.9758769503153701,0.9758620689655172,510.63487259732483,45.35964960819521,53.239766405463435,61
3027,23912,16783,434.84656170932544,1.0,1.0,21.682770986506725,0.9621004039238316,0.9614912795349085,0.9358942687747036,502.09148873202173,66.3673905340439,67.24492702269596,61
3039,23912,16783,559.4151042042492,1.0,1.0,22.225180488624815,0.9930151652026832,0.991316845320079,0.9976158038147139,628.4296489561968,68.27181712792064,69.01454475194707,71
3021,23912,16783,499.0519604413534,1.0,1.0,19.83300186819146,0.9757985784019866,0.9842617519155105,0.9536890794223827,568.8660139799047,68.72108030782637,69.81405353855092,63
3031,23912,16783,341.9849707564373,1.0,1.0,36.91472283513572,0.9320872693282725,0.9392273552551946,0.8847796762589928,376.258762379764,32.66068743498987,34.27379162332657,47
3037,23912,16783,431.31867726781036,1.0,1.0,27.554262078280804,0.9330565667647402,0.9376984967181876,0.8818069306930693,503.41043384428167,69.88763486470667,72.09175657647113,64
3028,23912,16783,459.1308329567873,1.0,1.0,33.87083146355101,0.9391236770039226,0.9569515048817882,0.8700436827956989,521.488301744474,57.53620318152977,62.35746878768654,61
3033,23912,16783,225.5215916154255,0.9992832568807339,1.0,31.347005887374355,0.9803571225346823,0.979137964967526,0.9876736111111111,253.8085251568492,25.180400312135465,28.286933541423643,32
3038,23912,16783,422.0288160159203,0.9999453671328671,1.0,34.65687022952546,0.8921594970040573,0.9211384524162467,0.7874553571428572,470.32273697275417,43.94088143525051,48.293920956833674,58
3030,23912,16783,342.75891198338905,1.0,1.0,30.25898216783671,0.9174700537220545,0.9315287419467613,0.8426482371794872,386.0758466049353,41.725401932319244,43.31693462154614,45
3023,23912,16783,471.94857865019236,1.0,1.0,23.954928988004543,0.9955177605008507,0.9983044600073719,0.991885359116022,540.1529400628953,66.30654211905373,68.20436141270251,58
3025,23912,16783,304.8791453738934,1.0,1.0,28.313605356489752,0.9568051238579636,0.9689298043728424,0.9130713619402985,350.84304203809955,44.19584499630909,45.96389666420605,37
3040,23912,16783,242.71506672390603,1.0,1.0,33.81649421421793,0.9642969562781765,0.947470398277718,0.9603461155378487,275.40126934670667,31.02930393420091,32.6862026228006,36
3022,23912,16783,376.7000374803432,1.0,1.0,39.358196527904525,0.9913511084902351,0.9953285580815945,0.9955100574712644,419.17245297288264,38.20862323880887,42.47241549253924,49
3036,23912,16783,497.9285806378042,1.0,1.0,18.607534971321147,0.9915403547940231,0.9828861187407564,0.9941737288135594,568.3636933620876,70.40266908642448,70.43511272428299,66
3032,23912,16783,313.2986792554221,1.0,1.0,26.069300402581984,0.9857795691294599,0.9929429016588763,0.981780888030888,351.13654065546245,32.75679210006041,37.837861400040275,42
3050,24072,16897,611.113319328812,1.0,1.0,16.363034806811473,0.9377235368826733,0.9341016068819997,0.8976797658862876,690.4386069619846,76.98793144975815,79.32528763317211,77
3042,24072,16897,367.9523870918696,1.0,1.0,28.969085694018176,0.9871791975930502,0.9842570802564311,0.9868893678160919,411.37140825054814,42.62853173801754,43.419021158678355,48
3051,24072,16897,453.15463941085267,0.9999548410404624,1.0,40.302506909661254,0.8727844287704585,0.9591649652068837,0.7482048948220065,493.81758234864583,37.74441440668951,40.662942937793,58
3044,24072,16897,435.84341529628057,1.0,1.0,28.962737048197667,0.9633018940826695,0.9704677468664017,0.9291038074712644,492.5248162610958,51.27210144722229,56.681400964814884,57
3057,24072,16897,324.6737466418653,1.0,1.0,25.19597334802869,0.926654512663687,0.9388651471984806,0.8567040598290598,370.6033683670248,42.64443258773909,45.929621725159386,42
3060,24072,16897,468.21036750085347,1.0,1.0,31.062182238594666,0.9526323973848432,0.9899200175304043,0.9070045271629779,523.2192570857114,53.26333437728664,55.00888958485773,61
3055,24072,16897,803.5203083511915,1.0,1.0,7.293676785976244,0.9865938048824859,0.9890961751426868,0.9729844173441734,910.1029675534123,106.62398880333188,106.58265920222128,104
3043,24072,16897,634.7463671242392,1.0,1.0,23.76929827098399,0.98472966048869,0.9818865501903059,0.9810933770883055,717.6164302449016,78.55509468099294,82.87006312066201,79
3058,24072,16897,305.1546394108527,1.0,1.0,32.72073111509733,0.98661603920935,0.9956651718983558,0.9806782334384858,353.16788409392666,49.51986702461091,48.013244683073935,40
3052,24072,16897,469.2510663472915,1.0,1.0,34.91638200322039,0.9506190865553089,0.9500892060660124,0.9161305147058824,534.1018002065384,59.77610078886975,64.85073385924647,61
3045,24072,16897,425.59172771338643,1.0,1.0,34.85875443674638,0.9670427573408282,0.9611683187373689,0.9615767045454545,482.0448064314128,51.6796180770391,56.45307871802606,56
3053,24072,16897,375.4452034844043,1.0,1.0,32.90597438813739,0.9360510687045914,0.9900669176076955,0.8440385883905013,424.64755301560814,46.053524296805584,49.20234953120372,50
3047,24072,16897,398.95553350491446,1.0,1.0,33.4038704566815,0.9163977179540423,0.984673881251828,0.8126373626373626,440.72622237051536,37.906033298401304,41.77068886560087,53
3048,24072,16897,690.1953382572909,1.0,1.0,30.427290325029524,0.9601004668261047,0.9602346805736637,0.9353737113402062,759.4644231866247,61.90362739400034,69.26908492933356,88
3041,24072,16897,483.3099408503372,1.0,1.0,25.141891743778903,0.9108302416259167,0.9054711113057953,0.8496156957928802,546.0222740350212,58.81849977702541,62.712333184683594,63
3054,24072,16897,252.40698902237904,1.0,1.0,29.822494859780456,0.9423158105225738,0.9381902610441767,0.8996668781725888,284.3192667596416,30.618416605894065,31.912277737262716,32
3046,24072,16897,487.8171244578025,1.0,1.0,28.66248255435071,0.9914844889387874,0.9896769896769897,0.990208788209607,545.8468339690984,52.54456426694319,58.029709511295444,61
3056,24072,16897,539.3362316888154,1.0,1.0,33.41411432848442,0.947756605381712,0.9825757575757575,0.881397890946502,600.4974946152172,60.99189438960241,61.16126292640159,69
3049,24072,16897,446.6324265598246,1.0,1.0,15.945361750102945,0.9876953846822758,0.9898899791852512,0.9791666666666666,509.35512038544965,61.83404073843711,62.72269382562473,57
3059,24072,16897,414.76768919389156,1.0,1.0,28.579614695870376,0.9409480753631879,0.9784545397106211,0.8742451690821256,458.0136177692998,35.61889286311209,43.24592857540805,52
3069,24232,17010,310.37440535781116,0.9998875899280576,1.0,33.14372052087293,0.9614530312053099,0.9965489970522683,0.9179799426934098,346.13521747248484,33.39121817201027,35.760812114673506,39
3061,24232,17010,477.53533759475334,1.0,1.0,28.148502901586593,0.9734892169299966,0.9717741935483871,0.96225,551.430983252034,73.34346848592014,73.89564565728008,60
3080,24232,17010,362.78520282186696,1.0,1.0,29.823500734760167,0.932183707107537,0.9739368165249088,0.8543317723342939,410.61307727609545,45.49181168134246,47.827874454228315,48
3071,24232,17010,349.78834923491195,1.0,1.0,30.433347199540854,0.9497011288776972,0.962031133321845,0.9010244205298014,382.51841900089477,30.345104648974008,32.73006976598266,44
3070,24232,17010,396.2454355498339,1.0,1.0,37.99152755722309,0.9786952803047976,0.9803871625063678,0.9691095132743363,442.2565603747534,41.26668723737893,46.0111248249193,47
3062,24232,17010,660.368153324751,1.0,1.0,8.204098238815504,0.9959105755842974,0.9980373928313191,0.9892996108949417,752.9541339854036,88.62897099097822,92.58598066065225,86
3075,24232,17010,447.98745514085005,0.9999032507739938,1.0,29.97537282478578,0.9599646439137024,0.9630981801842282,0.9326456310679612,506.2749741582664,56.68127852612429,58.28751901741618,56
3079,24232,17010,487.8434152962805,1.0,1.0,22.21162725533159,0.9660174662915189,0.9648075607784617,0.948300887978142,556.3556516566299,68.26835454052403,68.51223636034935,63
3067,24232,17010,374.990601553895,1.0,1.0,29.23193938754553,0.8999116053940179,0.93738628799645,0.7694270833333333,422.8699452831425,45.56901559387114,47.87934372924742,50
3072,24232,17010,388.72632831882123,0.9997852233676976,1.0,36.97849346881825,0.9693051110512899,0.9476707809567146,0.9691832255083179,436.0972296601982,44.05635201206522,47.37090134137679,52
3063,24232,17010,398.1076885313542,1.0,1.0,38.49079442430696,0.9868608351010384,0.9971774193548387,0.9794299450549451,451.4096375981853,49.95292360024632,53.30194906683088,52
3078,24232,17010,569.5879192717097,1.0,1.0,2.897909027401451,0.9941590281740994,0.9955663794180093,0.9862081005586593,665.208412980932,94.68074056383296,95.62049370922206,76
3074,24232,17010,398.07262048237385,1.0,1.0,27.239060245927803,0.986440414976747,0.9878804022108277,0.9791033434650456,452.2263186458005,51.98054724513966,54.15369816342645,53
3068,24232,17010,207.66811584440777,1.0,1.0,24.266335425538344,0.9118690274833895,0.9138239179423421,0.8252744932432432,236.19266157848335,30.036818601113332,28.52454573407556,27
3073,24232,17010,230.49215436390267,1.0,1.0,32.187307072194386,0.887673305007178,0.8921119285972742,0.8077156007751938,262.0373268448899,30.067758721480793,31.545172480987183,32
3076,24232,17010,308.85285453541536,1.0,1.0,30.648482367680664,0.969611598240005,0.9874171742185931,0.9317379568106312,347.1139956654965,35.64171169512168,38.261141130081114,37
3066,24232,17010,561.5090467562754,1.0,1.0,13.718435399420773,0.9794957492235191,0.969938470553765,0.976316823899371,653.0072890931388,89.24736350529447,91.49824233686303,77
3065,24232,17010,489.66186381134736,1.0,1.0,29.923464771262775,0.8796591281134309,0.8769700551615445,0.7865671641791044,554.2676397888281,59.408663966220146,64.60577597748008,61
3077,24232,17010,615.6117665188044,1.0,1.0,24.32394447715848,0.943897658860831,0.9636854620934263,0.8842488789237668,708.0807025590124,86.2034040603117,92.46893604020782,76
3064,24232,17010,381.6443093903424,1.0,1.0,33.34338012783609,0.94556681083542,0.9724729241877257,0.9093334257206208,428.5890973094613,42.66718187867792,46.94478791911861,46
3088,24392,17123,309.5215916154255,1.0,1.0,34.404938326143245,0.9909212829511709,0.9953384677746251,0.9895682803468208,341.59113903977254,31.604321136520483,32.06954742434698,41
3089,24392,17123,427.1308329567874,1.0,1.0,25.05086639936541,0.9823570282386804,0.9863528906082097,0.9652718321917808,493.73684728757274,63.15902149617785,66.60601433078524,58
3087,24392,17123,343.2748728013568,1.0,1.0,28.063969120021447,0.9780492797856105,0.9791011942174733,0.9665697674418605,382.5057844022375,36.34636740132077,39.23091160088051,40
3098,24392,17123,500.3067944372923,1.0,1.0,24.907493971901165,0.9818014498741691,0.9847070033349213,0.9732891061452514,570.0697222560334,66.39439172811075,69.76292781874052,63
3096,24392,17123,336.1052041469415,0.9999437949640287,1.0,32.250775304615004,0.9507646400596791,0.9753853102241292,0.8960267857142857,369.58648028745046,29.221914210763124,33.48127614050874,42
3097,24392,17123,1037.5227927356043,1.0,1.0,-14.817025273135076,0.999667398904737,0.9997223250647909,0.9993665540540541,1179.4959398540323,135.70972067764225,141.97314711842833,134
3082,24392,17123,399.93487346389406,1.0,1.0,26.02223862211931,0.9886435525252169,0.9761867582760775,0.9898500673854448,452.90242204609115,49.451322873295354,52.9675485821969,52
3100,24392,17123,486.623649349322,1.0,1.0,28.55839557180081,0.9857979273454995,0.9947729834990263,0.9733072916666666,551.612767625381,60.73367741408772,64.98911827605848,64
3092,24392,17123,435.5416304208432,1.0,1.0,17.712761316491925,0.966630478549621,0.9663268117938826,0.9351712740384616,505.72704990387126,69.27812922454159,70.18541948302774,56
3094,24392,17123,343.0168923923729,1.0,1.0,32.111832831628504,0.9458062174503896,0.9499623777276147,0.919009108040201,382.447185661686,35.89543990396934,39.43029326931289,44
3095,24392,17123,371.0957649078069,0.9999335106382978,1.0,26.8380011985647,0.9599464239844409,0.9514847344207444,0.9510030864197531,428.8683163068357,58.15882709854292,57.77255139902861,50
3090,24392,17123,375.0431832308509,1.0,1.0,26.2795803718344,0.9802359233615416,0.9820239680426098,0.9674019607843137,442.0316740506498,64.48273622969816,66.98849081979877,54
3081,24392,17123,268.406989022379,1.0,1.0,21.562028817278897,0.8879754645760743,0.9559659090909091,0.6786458333333333,310.36159311708616,43.4319061420607,41.95460409470714,36
3099,24392,17123,214.01126159491537,1.0,1.0,27.408378547503894,0.9729052969502407,0.978021978021978,0.953422619047619,242.49456775606677,29.22495924172703,28.483306161151358,27
3093,24392,17123,331.52407599983815,1.0,1.0,34.47386638825583,0.9538440747929925,0.9658925979680697,0.9097704475308642,378.54458940080985,45.03077010145723,47.02051340097149,46
3091,24392,17123,346.6148721388195,1.0,1.0,28.924859443222523,0.9730148755326615,0.976987996016145,0.9447614107883817,398.5417482632785,48.64031418668807,51.92687612445871,44
3085,24392,17123,298.55351325136115,1.0,1.0,31.78286081845014,0.9574131783850774,0.9405039405039405,0.9524639423076923,337.91915077576556,38.79845628660648,39.36563752440432,39
3086,24392,17123,361.15463941085267,1.0,1.0,25.099853150967032,0.9902487792134717,0.9930984085742124,0.9848271704180064,404.67220248775334,39.7763446153509,43.51756307690059,47
3083,24392,17123,264.63867859288484,1.0,1.0,29.986359888690714,0.9559756812969974,0.968181085870791,0.9262408088235294,303.4537927486906,37.9726712337085,38.81511415580567,37
3084,24392,17123,726.8816297583065,1.0,1.0,7.497432646852018,0.9931343679947511,0.9945855258140777,0.9846951844262295,822.064344747142,93.2740724832533,95.1827149888356,99
3104,24552,17236,512.4596114923644,1.0,1.0,38.027411145987266,0.9722785470970494,0.9715749664511406,0.95433648111332,566.778061664204,48.47767525775876,54.31845017183917,66
3103,24552,17236,245.0669896849162,0.9999314692982456,1.0,32.135974136076996,0.923949942244932,0.9287861129853401,0.8601288377192983,283.0668809195423,35.999836851939186,37.99989123462611,36
3119,24552,17236,399.5591440488187,1.0,1.0,19.208732936609522,0.9413536051212938,0.9365808823529411,0.8976371951219512,454.84808204650574,54.4334069965301,55.28893799768674,52
3109,24552,17236,373.90228979932635,0.9999443950177936,1.0,32.9849161738844,0.9396328778299,0.938736549809094,0.9025626843657817,430.55281476623685,54.975787450365424,56.65052496691027,49
3102,24552,17236,346.3568917298357,1.0,1.0,36.352341450679575,0.9840933674921718,0.9821942115890595,0.9869589793281653,391.0389135633205,42.27303275022702,44.68202183348467,44
3120,24552,17236,334.7063303064331,1.0,1.0,39.09310949225804,0.960533323401799,0.9699963675989829,0.935302734375,375.8870326400005,39.271053500351,41.180702333567325,51
3116,24552,17236,349.78834923491183,1.0,1.0,35.53887279926517,0.945238684505525,0.9426702151253049,0.9278875612745098,391.1156765020798,39.49099090075165,41.32732726716776,44
3111,24552,17236,326.2955328423772,1.0,1.0,27.55404787594932,0.9406671983973882,0.9473091766723842,0.881531762295082,381.9198946299722,54.936542681392375,55.62436178759492,46
3110,24552,17236,352.7000374803433,1.0,1.0,32.699736861010486,0.9647964003778963,0.9677030873658857,0.9444236526946108,399.3110282883485,44.41648621200755,46.61099080800501,43
3107,24552,17236,311.9874551408501,1.0,1.0,29.97412505622185,0.9625393327668791,0.9626856803327392,0.9306717519685039,350.99724555206325,36.764685616819484,39.009790411213,37
3117,24552,17236,427.0782512798315,1.0,1.0,17.636068449684217,0.9947041782908793,0.9929558137407374,0.9917045454545454,482.1882828695687,48.9150473846056,55.11003158973705,56
3112,24552,17236,355.3274544783128,1.0,1.0,34.22424891277224,0.9637036441155176,0.961348897535668,0.9500688705234159,410.99922771822486,52.00765985986776,55.67177323991188,47
3113,24552,17236,382.6148721388195,1.0,1.0,29.491804702039698,0.9740935828328996,0.9677402461377324,0.9625211148648649,430.57431444478414,45.68916345894658,47.95944230596439,47
3101,24552,17236,475.36252252729327,1.0,1.0,31.096258746536705,0.977746691132864,0.9663035351917121,0.9739697802197802,532.3943529586388,50.29774564701771,57.031830431345156,59
3108,24552,17236,359.0694740693288,1.0,1.0,34.88489799472462,0.9716211409207495,0.9715101167116864,0.963329945799458,407.6240940198902,44.33192992584169,48.55461995056113,45
3118,24552,17236,355.4714943228823,0.9999427655677655,1.0,32.2475308342025,0.9579465592823745,0.9526031880720044,0.9420431385869565,392.3566576205018,32.077744946429036,36.88516329761934,46
3106,24552,17236,400.1928538728779,1.0,1.0,37.26203591451767,0.9488488458071247,0.9347654618846565,0.9351798143851509,445.4040395612657,43.816778532581374,45.21118568838759,55
3114,24552,17236,262.2955328423773,1.0,1.0,29.730495599734045,0.9287234200119477,0.9498905223647169,0.8375384221311475,297.8386149203843,35.31462311701054,35.54308207800702,33
3105,24552,17237,373.1283485723746,0.9999441964285715,1.0,34.62148698238266,0.9418345887661072,0.952102902597952,0.8729910714285715,412.422763120587,36.44162182231841,39.29441454821226,50
3115,24552,17237,323.29238642933234,0.9999372489959839,1.0,30.780008941738537,0.8906045423598623,0.8925911012683713,0.8025072674418605,370.3402749966997,42.82183285105101,47.04788856736734,47
3127,24712,17350,593.0632220362689,1.0,1.0,15.307428208725726,0.9978398226466023,0.9978554067578516,0.997874149659864,672.3824131765176,74.72878671037265,79.31919114024848,72
3123,24712,17350,318.58858130034173,1.0,1.0,26.585946766359395,0.951325489896482,0.9661396885323266,0.8983783143939394,363.63658851244344,42.07201081815237,45.04800721210155,37
3124,24712,17350,306.0463296438958,1.0,1.0,24.742635286020374,0.986339329676747,0.9878797941225304,0.9744198312236287,350.517050907545,41.956081895473666,44.470721263649104,40
3126,24712,17350,419.7733199913492,1.0,1.0,21.88117785369376,0.9831380901668443,0.9842849659507595,0.9705269607843138,464.93991563122233,42.249893459809535,45.166595639873,52
3129,24712,17350,322.3568917298357,0.9999447879858657,1.0,31.7663265355036,0.9519479830617855,0.9833490629634624,0.8861032958199357,360.52168123839385,37.74718426283714,38.16478950855809,41
3140,24712,17350,358.5359996233856,1.0,1.0,31.432841076413442,0.9496003127293616,0.9656451612903226,0.9067708333333333,405.22281632577193,41.530225053579144,46.68681670238609,46
3134,24712,17350,398.10768853135426,1.0,1.0,37.89912783351702,0.9749940565680781,0.9624228521492162,0.9822663163716814,441.8010824056632,41.540090811463145,43.693393874308754,49
3130,24712,17350,475.14834658476275,1.0,1.0,15.120370969432878,0.9882068223724647,0.9800598991172762,0.9880118534482759,543.3737186826222,66.338058146789,68.22537209785929,64
3128,24712,17350,216.83530011441036,1.0,1.0,30.003797553944022,0.9602099311867195,0.9701525536148574,0.9368055555555556,244.84122623366997,25.508889178889575,28.005926119259712,28
3122,24712,17350,400.4771251203399,0.9999276620370371,1.0,18.517628803737054,0.925033973347361,0.9088885224274407,0.8910456730769231,442.90456107569105,37.391153933026594,42.42743595535105,50
3121,24712,17350,375.96116430237214,1.0,1.0,27.47912573574926,0.9796592824181654,0.9744381080174438,0.9715956125827815,421.36323209897967,39.60310169491104,45.402067796607334,47
3138,24712,17350,730.2654743552522,1.0,1.0,20.11237766299382,0.9803122516045604,0.983393456897624,0.9660364145658263,818.23172771468,80.19938003914123,87.96625335942748,91
3136,24712,17350,566.1953382572907,1.0,1.0,18.032763533737256,0.763121954154383,0.945847923961981,0.49933274021352314,647.8643253956876,76.00348070759492,81.66898713839664,73
3137,24712,17350,527.2924272223619,1.0,1.0,27.436188386714388,0.9689476537557978,0.966187624750499,0.9523226351351352,597.7832464577311,63.73622885305341,70.49081923536893,68
3133,24712,17350,591.4501722532298,1.0,1.0,16.87141196426455,0.972318906678829,0.9652732821603626,0.9598139632107023,671.1288511524127,76.01801834877384,79.67867889918259,77
3132,24712,17350,391.35374531679076,1.0,1.0,25.115845674915747,0.9867151668511782,0.9904528447942201,0.9801232993197279,451.0364821045739,55.02410518167443,59.682736787782964,51
3139,24712,17350,136.34563013492044,1.0,1.0,31.635036692165446,0.9439993246998081,0.9353181675228012,0.9263157894736842,155.6564761511594,19.216269024358443,19.31084601623896,20
3135,24712,17350,431.1308329567874,1.0,1.0,20.8776088509027,0.9623632591474915,0.9867472434266328,0.8908288043478261,489.6430480629763,57.76832265928317,58.51221510618875,53
3125,24712,17350,487.8434152962805,1.0,1.0,29.46431336401225,0.8823304120575846,0.894256334689432,0.7642798013245033,549.1920339177396,59.02292793218808,61.34861862145875,63
3131,24712,17350,407.79083361932464,0.999921875,1.0,20.968588329518667,0.9635580987730694,0.957359685520856,0.951953125,456.49350285673364,46.0540038561132,48.7026692374088,52
3145,24872,17463,261.2723884169441,1.0,1.0,28.131398466733938,0.9913638933437944,0.9938938938938939,0.9935770750988142,300.7288606612893,37.434708366517576,39.456472244345036,35
3153,24872,17463,504.04003681780597,1.0,1.0,31.202028151977757,0.9165617285489862,0.9141915386844393,0.8704296875,561.3478024715816,52.21164848066318,57.30776565377544,64
3158,24872,17463,420.25421276033643,0.9998378027681661,1.0,27.983758718352355,0.9508261397888491,0.9407830021640763,0.9268606085526315,477.7564282482981,54.00332323194202,57.50221548796133,55
3155,24872,17463,462.33937810186006,1.0,1.0,27.08872485342531,0.8595076006453412,0.8591837397318095,0.7284058988764045,512.6901726677759,46.27619184887326,50.35079456591551,60
3159,24872,17463,450.4708322942501,0.9999329399141631,1.0,19.21689336196445,0.9919900302509523,0.994113620807666,0.9870294401544402,504.68780685373014,49.825461839219905,54.216974559479915,57
3156,24872,17463,359.016892392373,0.9998132470119522,1.0,27.801729589329252,0.9383077042382661,0.9686851313682463,0.8578464673913043,413.37945947395787,52.29385062237713,54.362567081584736,51
3160,24872,17463,333.1634166213551,1.0,1.0,36.943042606256434,0.9872217690934667,0.9902460512239633,0.978015988372093,381.2013828160262,47.30694929200603,48.037966194670695,43
3144,24872,17463,479.7470291528712,1.0,1.0,10.917893879065664,0.9838229058701591,0.9903989098116948,0.9567169540229885,548.0325005155947,64.17820704408462,68.28547136272309,60
3147,24872,17463,702.8252396396732,0.9998683286516854,1.0,22.767328130725872,0.9839260406513302,0.992236488504031,0.9761424731182796,788.1449021664506,82.22949379016585,85.31966252677724,86
3141,24872,17463,349.38632898135853,1.0,1.0,28.078642223135564,0.994389826099334,0.9960760175425099,0.9938766891891891,397.1605528169276,45.41133575335336,47.7742238355689,44
3157,24872,17463,366.09891132085187,1.0,1.0,26.54148630006234,0.9676149032582896,0.9764069264069264,0.9270428015564203,410.9004824248091,42.45235665593599,44.80157110395732,48
3142,24872,17463,821.27735718577,1.0,1.0,13.878795797225518,0.9806519255652152,0.9845138661831585,0.9553995253164557,902.3498995024559,77.35881347502965,81.07254231668647,107
3151,24872,17463,495.60298930830163,1.0,1.0,24.819953258533037,0.9845427085281745,0.9922678947069191,0.9682821856287425,565.8238394763748,67.83127525210898,70.22085016807264,64
3152,24872,17463,331.016892392373,1.0,1.0,34.72873111219088,0.9899229183032209,0.9880360878661087,0.9893926056338028,373.2380363984941,38.581716009181605,42.22114400612106,42
3143,24872,17463,258.2955328423774,0.9997799295774648,1.0,26.860798075809086,0.9291816282944918,0.9403264195851752,0.8693245515695067,294.2197572386675,32.886336594435406,35.92422439629027,34
3149,24872,17463,358.5622904618636,1.0,1.0,31.009760292138644,0.9853088298346349,0.9834694671334111,0.9769965277777778,395.987071454814,32.137171489425285,37.424780992950176,43
3146,24872,17463,235.6944066828857,0.9999323593073594,1.0,33.611456829023346,0.9179494254685929,0.9338465239355305,0.838673523206751,269.6021255743362,31.361578337175647,33.907718891450415,32
3150,24872,17463,356.15778582389754,1.0,1.0,37.94305170329049,0.9336715073799319,0.9786802586868355,0.8658668533604889,388.9160862957394,30.387450707762525,32.75830047184168,45
3154,24872,17463,407.9699415128746,1.0,1.0,31.309236478514418,0.9613905775640027,0.9815149802148107,0.9238091626213593,467.56760215022047,54.89649095601854,59.59766063734567,54
3148,24872,17463,304.41576623288154,1.0,1.0,32.392754284499865,0.9787639660830474,0.9803715912496254,0.9751306270096463,342.0279624157439,36.91829427429352,37.61219618286234,40
3170,25032,17576,514.6587173983025,0.9999423431734318,1.0,19.298044315359387,0.9339177785614118,0.97243947858473,0.8626106948228883,574.1219438574758,53.944839688759224,59.4632264591728,63
3177,25032,17576,321.556659664406,1.0,1.0,29.632447621458244,0.8576505861743701,0.9358523725834798,0.6727209394904459,358.7097825727973,33.97968436258668,37.15312290839111,45
3165,25032,17576,467.8171244578026,1.0,1.0,25.278606053118803,0.9966670731211642,0.9983726606997559,0.9978464076246334,522.4863444404218,50.50382997392826,54.669219982618856,58
3178,25032,17576,790.6724225846016,1.0,1.0,15.421060765689498,0.9865568236051543,0.9960180752539036,0.9673897879464286,888.9758948457427,95.70520839171138,98.30347226114102,102
3179,25032,17576,502.8202708708475,1.0,1.0,26.19883934265446,0.9503591993798793,0.9558076923076924,0.8971758540372671,561.9593808401095,54.208664953892466,59.139109969261646,63
3166,25032,17576,434.7939800323696,0.9999421296296296,1.0,26.417970511398682,0.9882619439868205,0.9921039844509232,0.9819283807829181,485.81683310794335,45.034279613360624,51.02285307557373,55
3176,25032,17576,584.8753369322163,1.0,1.0,14.600874288088935,0.9738183868213135,0.9739139159225444,0.9523784129692833,658.4474101002551,70.60810975205759,73.57207316803839,71
3169,25032,17576,265.58295050288405,1.0,1.0,34.41971653903247,0.9528159497358676,0.9610986825751926,0.936938622754491,301.9036837625774,34.23109988953983,36.32073325969321,35
3163,25032,17576,427.0607376518559,1.0,1.0,33.51023973896129,0.9493404152841699,0.9664735099337748,0.8979990433673469,480.3750028862969,47.72139785166103,53.31426523444069,54
3168,25032,17576,565.5002695457731,1.0,1.0,22.47997032598766,0.9408994322459107,0.9441009463722397,0.8802083333333334,634.1464980100037,66.21934269634598,68.64622846423069,70
3161,25032,17576,224.13149498541958,1.0,1.0,26.77759143557242,0.91288540367136,0.9334880123743233,0.8277616279069767,258.0258402566479,33.591517906842334,33.89434527122822,29
3172,25032,17576,417.48275591779753,1.0,1.0,24.091117099265766,0.9366138448707256,0.9310692330948301,0.8930196360153256,475.69325931497366,54.31575509576385,58.21050339717589,51
3171,25032,17576,415.887219762734,1.0,1.0,27.55615574521721,0.9691119367310483,0.9586853373452147,0.964927370030581,465.54432614104076,45.985659567460054,49.6571063783067,53
3180,25032,17576,414.83778449882294,1.0,1.0,33.98172380429515,0.9231612126012839,0.9769130245389865,0.8370445344129555,458.9666281635357,41.44326549706889,44.12884366471259,51
3162,25032,17576,268.8703681633908,1.0,1.0,33.291761981382095,0.926965843484143,0.9259616097235603,0.8940677966101694,301.6316792656285,31.891966653356608,32.761311102237734,37
3164,25032,17576,367.55036683831617,1.0,1.0,31.556176312782505,0.9211950880666847,0.920885382423844,0.8769586894586895,413.2679712535446,42.3264066228425,45.71760441522832,48
3167,25032,17576,252.61238775440694,1.0,1.0,29.830826398467607,0.9833101308196684,0.9915026081103819,0.9685193726937269,282.67498407613124,27.843894482586496,30.06259632172432,30
3173,25032,17576,360.8528545354153,1.0,1.0,34.22085618924757,0.9785442806721486,0.9962688742494025,0.9610507246376812,399.47785193978075,34.68749610654793,38.624997404365274,45
3175,25032,17576,350.61487213881963,1.0,1.0,37.059728314236025,0.9755111908120961,0.9691193761990222,0.9691983995584988,396.957038585127,47.01324966946078,46.34216644630717,43
3174,25032,17576,571.034446813378,1.0,1.0,12.791099214174729,0.9558038353939973,0.9561379561379562,0.9123492324561403,653.1630680570753,76.69293186554543,82.12862124369701,77
3187,25192,17688,487.3362316888153,1.0,1.0,27.14454028826156,0.9129036198542286,0.9674096848578017,0.7894520997375328,551.8126508716862,59.214628774306036,64.47641918287069,62
3186,25192,17688,323.016892392373,1.0,1.0,32.591293424846754,0.9537582974979188,0.9899403239556692,0.8736749116607774,370.91418004116156,46.34593147318275,47.897287648788485,45
3196,25192,17688,506.24791993424657,0.9996553308823529,1.0,21.116278910723015,0.9524723812767407,0.9519790301441677,0.9117445054945055,574.3934729123029,66.21832946708366,68.14555297805578,65
3192,25192,17688,249.35126093237815,1.0,1.0,30.788693901088728,0.9525821802635484,0.9565610116603711,0.9219390368852459,275.36743693741903,23.274264007561325,26.016176005040872,33
3193,25192,17688,445.473978707295,1.0,1.0,25.87165487250381,0.9479767078779697,0.9492152798341723,0.8973880597014925,514.193909136713,66.32989564412668,68.71993042941781,60
3190,25192,17688,391.96116430237214,1.0,1.0,29.235582515738077,0.9778337748487002,0.9711030488192985,0.9724431818181818,430.7820087804488,34.98126671711489,38.82084447807657,50
3200,25192,17688,256.18407666237556,1.0,1.0,26.638787051172155,0.9796296403494046,0.9701618183518848,0.977734375,291.8312471812455,34.72075577830488,35.64717051886992,33
3183,25192,17688,611.5241167928681,1.0,1.0,17.19114373612913,0.8270799294796867,0.9865219172470299,0.5841247433264887,671.6553828025791,51.19689901456635,60.13126600971087,77
3198,25192,17688,395.32745447831286,1.0,1.0,30.562598725915763,0.9447561968012279,0.9417772734001085,0.9090369152046783,444.2314732885734,46.3560282153907,48.90401881026046,50
3197,25192,17688,612.1627545927229,1.0,1.0,23.544411676390972,0.9185773263391739,0.9855092985934107,0.8201587106299213,678.3537744680673,61.03652981301575,66.19101987534381,76
3199,25192,17688,296.40698902237887,1.0,1.0,31.952292023971804,0.9762676285503452,0.9879108859593575,0.957347972972973,331.9525095519352,33.81828079433423,35.54552052955615,39
3185,25192,17688,470.676231026278,1.0,1.0,23.6745200613679,0.9823380740233034,0.9932445567651633,0.9523584905660377,533.1001590181139,57.635891987753126,62.42392799183542,59
3194,25192,17688,407.81712445780266,0.9999044342507645,1.0,33.840645898912776,0.9754721385377383,0.9829635919753742,0.9531665558510638,456.5901920690084,45.40960141680836,48.773067611205576,50
3182,25192,17688,402.8377844988229,1.0,1.0,29.66525232989845,0.9169964353574849,0.9121943302315516,0.8764705882352941,446.1768143345279,41.75854475355729,43.33902983570486,52
3181,25192,17688,596.9142134228739,1.0,1.0,22.027728617006904,0.9875578582316007,0.9932183059605093,0.9726876675603218,660.2744221278898,57.54031305752345,63.360208705015594,77
3188,25192,17689,328.5822884742519,0.9998190154440154,1.0,29.625512769648736,0.975983679033268,0.9731399902104748,0.9669560185185185,367.5228408469106,38.91082855898795,38.94055237265863,36
3191,25192,17689,368.62116496490927,0.9997495993589743,1.0,32.933217937537606,0.9518474190185706,0.9604794298671849,0.9126756656804734,411.5347013864952,38.87030463237844,42.91353642158562,47
3195,25192,17689,310.95553350491446,1.0,1.0,32.68644648178406,0.9448629692167815,0.9471295790049207,0.9071333922261484,342.0567117753261,29.401767405617456,31.10117827041163,40
3189,25192,17689,334.9555335049145,1.0,1.0,41.15622312791196,0.9671303087608916,0.9546889209864655,0.969937193627451,371.9155422114733,35.19001305983805,36.960008706558696,46
3184,25192,17689,273.54788245390347,0.9998307761732852,1.0,35.58387500759471,0.9294703909307735,0.959788164295831,0.8649651759530792,302.56790439461366,27.030032911065273,29.02002194071017,36
3209,25352,17801,345.35126093237807,1.0,1.0,28.618672665378657,0.9848458828607629,0.9965058542266904,0.9625568181818182,386.95598832168355,40.65709108395809,41.6047273893054,46
3216,25352,17801,304.8966590018687,1.0,1.0,23.0752402856837,0.9265096700931634,0.938739140120294,0.8484299516908212,352.7738793000285,45.565830447239534,47.87722029815969,41
3207,25352,17801,307.7294747318662,1.0,1.0,30.115693889297777,0.9469328027844583,0.9586811602906732,0.8854952830188679,357.18988873897746,50.19062101066683,49.46041400711122,39
3210,25352,17801,420.47712512033985,1.0,1.0,22.094713247849405,0.9559376204921423,0.9863286979991785,0.8801058070866141,470.79443061505475,46.225958242071975,50.317305494714645,57
3205,25352,17801,399.96116430237214,0.9999516253869969,1.0,35.37225059614692,0.917424727302439,0.9223089564502875,0.8514058022922636,452.44114142939134,49.469965690528724,52.47997712701914,54
3214,25352,17801,544.5910656847543,1.0,1.0,16.089854448696123,0.9637755761457176,0.9779770331917571,0.910171332046332,616.9657559176364,69.56203534932251,72.37469023288169,68
3219,25352,17801,468.0225231898305,1.0,1.0,27.737548397944092,0.9706947880571687,0.981117723388071,0.9349197247706422,519.459839826443,42.65597495491825,51.43731663661219,60
3213,25352,17801,358.837784498823,1.0,1.0,30.204097441547095,0.9733447599526442,0.9937182571504946,0.9312193627450981,415.50972867718195,56.507916267538334,56.671944178358885,46
3218,25352,17801,327.8083472473002,0.9998313848920863,1.0,31.652335974603858,0.967741935483871,0.9757785467128027,0.9421106557377049,371.22650053537063,41.12722993210547,43.4181532880703,44
3215,25352,17801,568.262989970839,1.0,1.0,16.27797738619174,0.9966071834986894,0.9944375772558715,0.9970777671755725,637.3950663370615,67.69811454933301,69.132076366222,75
3206,25352,17801,647.371299737796,1.0,1.0,12.474627744342698,0.9606609307782559,0.9789564824574613,0.8866701244813278,729.4766141550335,76.65797162585574,82.10531441723717,85
3217,25352,17801,623.1483873777928,0.9998641304347826,1.0,10.213234733513376,0.9798893104778308,0.9729138451922075,0.9732730263157895,708.8485384573344,81.30022661931218,85.70015107954146,81
3208,25352,17801,576.7964644167823,1.0,1.0,28.035266914473848,0.9781376227843397,0.9876972452527414,0.9493849734042553,659.5172777555157,79.08122000809904,82.72081333873271,77
3201,25352,17801,489.7670271652593,1.0,1.0,31.87298477932434,0.99243601771045,0.9949836623866722,0.9897555096418733,553.373249982424,60.90933422574626,63.60622281716416,61
3211,25352,17801,327.00811518187044,1.0,1.0,31.915938637422133,0.9776389873350007,0.9529342980340568,0.9841138579387186,366.7933224464072,38.6778108968051,39.78520726453671,44
3212,25352,17801,774.5146775537337,1.0,1.0,9.49370588824615,0.985407803851608,0.992074592074592,0.9582136015325671,865.2892064332233,84.41179331923409,90.77452887948948,98
3202,25352,17801,362.53599962338564,0.9997916666666666,1.0,35.28964658051767,0.966608501324027,0.9733568318473979,0.9392714389534884,406.98954116332993,39.680312309916225,44.45354153994414,49
3220,25352,17801,256.1052041469416,1.0,1.0,26.962909025123114,0.9829844241608948,0.9864561628466101,0.972938829787234,293.0932749528689,32.982106208890826,36.98807080592722,32
3203,25352,17801,334.5535132513611,1.0,1.0,28.499419340378996,0.9507356198339316,0.9841269841269841,0.8639558232931727,373.36704023135553,35.72029046999146,38.81352697999431,46
3204,25352,17801,557.3036480242475,1.0,1.0,19.679040327164117,0.9814129723667405,0.9841689972033559,0.9652366863905325,629.7068954105356,68.10487107943138,72.40324738628759,73
3234,25512,17914,504.7964644167822,1.0,1.0,20.07507450736063,0.9934519018791337,0.9962765957446809,0.9880357142857142,575.012774333843,67.82446487559048,70.21630991706031,63
3226,25512,17914,517.5090467562753,1.0,1.0,35.97096255377723,0.9703432690029073,0.9779380924419092,0.9506093470483006,587.6667462363388,63.23654922009428,70.15769948006289,67
3239,25512,17914,479.13083295678723,1.0,1.0,33.00814195859603,0.979479195132826,0.9827499497083082,0.9660813737623762,549.8271789850446,69.29451904238506,70.69634602825674,66
3230,25512,17914,462.1427565803347,0.9995028409090909,1.0,18.33674157869692,0.9361371246397658,0.94305412301178,0.8653041294642857,537.3552573214944,74.56875111173923,75.21250074115942,61
3232,25512,17914,409.36003814288046,1.0,1.0,28.50039883180586,0.9566766214992615,0.9481269321694854,0.932423285198556,464.9497374007838,51.88454888685462,55.58969925790306,54
3233,25512,17914,677.6492781591684,1.0,1.0,23.170426312958625,0.9868132961783439,0.9871875,0.9768532878411911,770.6948460894367,93.06835189540222,93.0455679302682,87
3227,25512,17914,400.1840766623755,1.0,1.0,28.86031934267158,0.9489885664028143,0.9816696553098226,0.8694196428571429,452.16273567854506,51.71798852425425,51.978659016169495,55
3238,25512,17914,380.0400368178061,1.0,1.0,23.957620709476554,0.9771906140129369,0.9840484814711619,0.9529017857142857,433.8940686483752,53.031047745853456,53.854031830568964,49
3240,25512,17914,309.18093024933074,1.0,1.0,24.23727380018096,0.9827899801998436,0.9775819418676561,0.9790933098591549,354.7053585519434,44.28664245391901,45.52442830261266,37
3229,25512,17914,340.75261915729925,1.0,1.0,27.223919288949382,0.9831378956492284,0.9954727623571322,0.9617673992673993,403.1698281510034,65.12581349055611,62.41720899370408,45
3225,25512,17914,694.5146775537336,1.0,1.0,4.073530752203666,0.9987372524918857,0.9978474784747847,0.9988659274193549,799.7976292550638,105.42442755199569,105.28295170133056,90
3231,25512,17914,529.447687868817,1.0,1.0,23.669515533241633,0.9606732828840581,0.9739621714566445,0.9072813531353136,595.8221927584566,65.8117573344591,66.37450488963938,69
3236,25512,17914,413.679377439323,1.0,1.0,22.266264848208618,0.993254327195793,0.9956335055672804,0.9920422862453532,480.76487726737184,64.62824974207287,67.08549982804858,56
3235,25512,17914,452.2717263883119,1.0,1.0,22.44961835004908,0.9568290713796798,0.9519426456984273,0.9244123931623932,512.1789889798603,56.11089388732209,59.907262591548054,59
3221,25512,17914,468.25421276033643,1.0,1.0,27.665231210847516,0.9913891991426932,0.9921680755842864,0.9892086330935251,539.1753457877304,69.63169954109031,70.92113302739355,59
3223,25512,17914,398.0074531532382,1.0,1.0,28.042882615340556,0.9925137833673281,0.9924042686754552,0.9915319055944056,462.18277105777696,64.01297685680784,64.17531790453857,54
3237,25512,17914,455.13083295678734,1.0,1.0,31.684382087683097,0.9819360866711901,0.9845486193905288,0.968433887283237,522.6265575648123,65.99358691203713,67.49572460802477,58
3228,25512,17914,361.4389106583145,1.0,1.0,30.845500679119308,0.9669376214134314,0.9619835576268524,0.9483807755775577,416.9996588115106,53.341122229793804,55.560748153195895,48
3222,25512,17914,552.5998428952569,1.0,1.0,21.686828248709112,0.9952758154275763,0.9949969981989194,0.9923406862745098,617.8345312464606,61.85203252680538,65.23468835120359,70
3224,25512,17914,466.1339793698322,1.0,1.0,23.42496349493874,0.9791580023566923,0.9960903083700441,0.941173245614035,532.0663802100125,67.39860126027006,65.93240084018004,61
3253,25672,18027,524.110172915767,1.0,1.0,21.73009715330619,0.9638743962913309,0.9599868449901338,0.9442030325443787,606.7379758696818,82.69170443087145,82.62780295391437,68
3260,25672,18027,409.89351258882385,1.0,1.0,24.15981197762848,0.992288341387517,0.9895483050077252,0.9900225903614458,468.19496706762175,59.7021817181967,58.30145447879783,54
3243,25672,18027,424.04881402830847,1.0,1.0,27.524658288523348,0.9565037168043773,0.9663496708119971,0.911106418918919,484.1181693191105,57.1040329362024,60.06935529080161,55
3259,25672,18027,334.55351325136104,0.999876968503937,1.0,29.893775256687114,0.9095770454733955,0.9016868006457719,0.8550646551724138,382.4789507317158,44.88815622053192,47.92543748035459,47
3247,25672,18027,413.6706002288204,1.0,1.0,29.834792140076818,0.9346439421398971,0.987966586833343,0.8562711625282167,466.3854264039321,51.32223926266729,52.71482617511152,53
3252,25672,18027,235.03440602034846,1.0,1.0,23.16851687904067,0.970240137798322,0.989786284439104,0.9290865384615384,272.5766486450267,37.56336393701732,37.54224262467822,29
3256,25672,18027,587.7081526622139,0.9999543128654971,1.0,24.99373685223255,0.9927278084319924,0.9972406181015453,0.993046875,678.2899600416987,89.37271106922684,90.58180737948462,71
3254,25672,18027,430.13397936983233,1.0,1.0,23.873521525828533,0.9858721863150252,0.9798095675117586,0.9817341549295775,497.0749691351308,65.91148464794735,66.9409897652983,54
3248,25672,18027,563.8784833452611,1.0,1.0,9.361902952946952,0.9875316958225546,0.98462004238571,0.9825284090909091,654.7922004947842,92.87057572428431,90.91371714952295,79
3249,25672,18027,482.67623102627795,1.0,1.0,25.20037158270574,0.9887578407109175,0.9918487338812053,0.9817981020942408,565.5110198379988,84.50218321758047,82.83478881172037,61
3246,25672,18027,505.95487147628216,1.0,1.0,19.806777021375655,0.9880539024797603,0.9959564541213064,0.96954345703125,564.3527392708926,54.596801691915395,58.39786779461028,67
3257,25672,18027,388.58228847425187,1.0,1.0,20.96492473984535,0.9930530880028015,0.9950241973962238,0.9878840042372882,459.5289048076357,73.4199245000756,70.94661633338374,49
3245,25672,18027,450.881629758306,1.0,1.0,25.73474883152672,0.9749573546253212,0.9882191467459682,0.9475996376811594,517.7425270826691,64.29134598654434,66.86089732436288,56
3251,25672,18027,495.51533958236524,1.0,1.0,19.808920776843127,0.9090978283947105,0.981943764616305,0.7754774305555555,553.5066507963164,57.73696682092639,57.991311213950894,62
3242,25672,18027,434.00745315323826,1.0,1.0,12.718774104202398,0.9922182119840774,0.9931103061296968,0.9831460674157303,493.97698207469705,61.45429338218794,59.96952892145865,52
3241,25672,18027,583.0870284903341,1.0,1.0,23.77548621666818,0.9650351776106245,0.9911045218680504,0.92646875,667.2815521462126,80.54178548381759,84.19452365587841,79
3255,25672,18027,364.6825238523678,1.0,1.0,23.686398470814574,0.9942324269257895,0.9919930606525655,0.9935116525423728,411.88106704761225,44.54781479286613,47.198543195244085,46
3258,25672,18027,376.6737466418653,1.0,1.0,28.243352507737765,0.9502182547317028,0.9751896771335217,0.8921303986710963,433.3922643923248,58.82777662568898,56.7185177504593,50
3250,25672,18027,610.6324265598249,0.9997287326388888,1.0,15.270817142966916,0.9884888843194166,0.990372759176705,0.9852973090277778,686.6508121641428,71.27757840647624,76.0183856043175,76
3244,25672,18027,499.13961016728985,1.0,1.0,18.52798738506993,0.9918849988407139,0.9981356661408289,0.9795055650684932,575.6360211937201,75.74461653964477,76.49641102642985,61
3278,25832,18139,623.345008899318,1.0,1.0,17.440777548111427,0.9437721480138609,0.9524735047123107,0.8829195205479452,707.1742637463465,82.24388227054233,83.8292548470282,80
3272,25832,18139,433.87599896084834,1.0,1.0,32.9238954560914,0.9067842193458517,0.9305146225345726,0.8115808823529411,496.15188689608635,61.913831902856565,62.275887935237705,57
3274,25832,18139,315.75576557034424,1.0,1.0,28.183700508554022,0.9720740555416563,0.9704244954766875,0.9555527888446215,362.717566056684,46.442700729509696,46.96180048633979,43
3268,25832,18139,554.4533186662748,1.0,1.0,11.861280689872059,0.9809782476429674,0.9937254901960785,0.9408842165898618,646.2778521878539,88.98680028236778,91.82453352157856,75
3270,25832,18139,413.6706002288204,1.0,1.0,31.559456124449625,0.9860913650069522,0.9869979640940219,0.9740657216494846,469.84913555719316,55.76780299255874,56.1785353283725,55
3263,25832,18139,555.2710643596798,1.0,1.0,13.173652742478506,0.9988205952963664,0.9993185431967896,0.9990838762214984,634.7837754751827,81.01906667325385,79.51271111550264,70
3266,25832,18139,384.27172638831195,1.0,1.0,23.255825893201088,0.9939574866021653,0.9859918285666639,0.9957706766917294,449.5910592571696,67.22899930328633,65.31933286885757,51
3271,25832,18139,416.94050426135175,1.0,1.0,23.42787632222125,0.9906139634021038,0.9960325332275343,0.9796401515151515,469.3645181992988,47.88602090692019,52.42401393794679,52
3279,25832,18139,388.4157662328814,1.0,1.0,24.681193253625576,0.9821601723828335,0.981925968768074,0.9767788461538461,440.08875826457154,48.259488047534916,51.67299203168996,50
3273,25832,18139,764.5998428952573,1.0,1.0,2.8692938074641026,0.9720209762000808,0.9905906952430737,0.9131416349809885,890.4148500483169,127.97251072958876,125.81500715305926,107
3261,25832,18139,390.39195977881616,1.0,1.0,17.88842888836354,0.9866646549522992,0.9957381520627344,0.9652308558558559,462.1401932700544,76.87235023685709,71.74823349123807,49
3269,25832,18139,411.8083472473001,1.0,1.0,20.794108450004046,0.9866464646464648,0.9901490947816827,0.9700520833333334,484.3067035096129,73.49753439346884,72.49835626231257,56
3262,25832,18139,260.1840766623756,1.0,1.0,29.816773059936732,0.9356898395721925,0.9463078523140925,0.8846049783549783,307.1019123313348,47.12675350343882,46.9178356689592,36
3275,25832,18139,857.6230281137207,1.0,1.0,15.408161398516752,0.900906815891879,0.9904761904761905,0.754311245819398,979.5426873011522,115.37948878114723,121.91965918743163,113
3265,25832,18139,403.7820564088221,1.0,1.0,31.81206845802427,0.9721744657551032,0.970765476368345,0.9590502106741573,455.35056402645046,49.602761426442314,51.56850761762821,54
3280,25832,18139,528.7088146908458,1.0,1.0,27.44001984837313,0.9541226397605996,0.9544298921417566,0.9321415706051873,594.4448127486108,62.60399708664703,65.73599805776468,70
3267,25832,18139,331.52407599983826,1.0,1.0,21.83964165242037,0.9736070713771382,0.9786583246437262,0.9579503676470589,373.5727425935324,39.82299989054084,42.048666593693895,42
3264,25832,18139,691.148387377793,1.0,1.0,18.754926756596404,0.9900950475237618,0.9971256374594344,0.9788841391509434,775.1399177009092,78.73729548467452,83.99153032311641,90
3277,25832,18139,358.5622904618636,1.0,1.0,26.19717353836186,0.9970224341719747,0.9953357388013728,0.9990699404761905,414.1416569345974,56.36904970910043,55.57936647273361,47
3276,25832,18139,463.5503668383163,1.0,1.0,31.684764953919508,0.9694708396935752,0.9787916841077159,0.9359724162011173,514.0194923501913,47.20368826781241,50.46912551187496,63
3293,25992,18251,397.1897074598332,1.0,1.0,30.186683127208738,0.9861901695642842,0.9880625090435537,0.9778866525423728,447.60651512595064,49.37521149917593,50.41680766611725,51
3299,25992,18251,668.1890454312013,1.0,1.0,10.804238119808215,0.9085158967831611,0.9851855473524667,0.7607230392156863,749.3844120185526,75.29304988102672,81.19536658735119,87
3298,25992,18251,552.136463754245,0.9999396718146718,1.0,17.51152240081699,0.9291147815345381,0.9940397700300648,0.8140135327635327,639.5791306191867,87.66400029741153,87.44266686494103,73
3294,25992,18251,514.5885813003415,1.0,1.0,26.39618772347272,0.9934172438192851,0.9929584076612524,0.9887609649122807,580.4041602954043,63.473368492593735,65.81557899506248,70
3284,25992,18251,730.549745602714,1.0,1.0,9.47025764753638,0.9953311278470591,0.9986315590788977,0.9867711661341853,828.106370542644,96.08493740989458,97.55662493992979,94
3300,25992,18251,531.6467937747552,1.0,1.0,23.822461665226665,0.9928537579376363,0.991471096493673,0.9910493827160494,603.7667552918572,72.92994227565278,72.11996151710188,68
3286,25992,18251,284.328116506945,1.0,1.0,30.864402396584513,0.9465417874478788,0.9613816777515555,0.9138392857142857,317.96224294497046,31.701189657038142,33.63412643802542,38
3297,25992,18251,436.0400368178059,1.0,1.0,28.783380057817457,0.9716864331926652,0.9692174620942302,0.9552083333333333,501.49822875234,67.43728790180064,65.4581919345338,59
3290,25992,18251,474.3656689403381,1.0,1.0,24.351494534046818,0.9905837880002232,0.9962226763267076,0.9796057412790697,551.3501674552513,77.22674777236911,76.98449851491277,66
3281,25992,18251,378.38318256831366,1.0,1.0,23.4510494994919,0.9386947461227106,0.949385155906895,0.8598172169811321,427.8914609113554,48.762417514562415,49.508278343041596,50
3282,25992,18251,780.2854723676404,1.0,1.0,0.2751908131729425,0.9987954709708503,0.9993865030674847,0.9968867481203008,898.4176127956846,114.1982106420662,118.13214042804418,98
3289,25992,18251,490.2479199342466,1.0,1.0,21.90072461515559,0.9916733937886467,0.9901753428395988,0.9883879781420765,559.9557868026718,67.06180030263741,69.70786686842494,61
3295,25992,18251,423.7820564088221,0.9999337923728814,1.0,20.88297047722163,0.965623989500314,0.978929130337581,0.9374337923728814,481.348745912841,57.100034256028216,57.566689504018825,54
3296,25992,18251,375.05196044135346,1.0,1.0,30.523260914954005,0.9732705426482798,0.9879912663755459,0.9303296232876712,435.037745360736,57.72867737907337,59.98578491938223,50
3292,25992,18251,515.8346788788076,1.0,1.0,22.935760478870506,0.9471259181652374,0.9463052261175551,0.9087602459016394,582.1777265316204,64.26457147921839,66.34304765281225,65
3291,25992,18251,547.218482682724,1.0,1.0,18.839299784715518,0.9786403848094453,0.9794014768752429,0.9623528079710145,614.70717247681,65.9830346911285,67.48868979408567,67
3287,25992,18251,424.81397804475785,1.0,1.0,22.11588734398385,0.9959140654327047,0.9983304181904913,0.9925595238095238,478.4348347543229,53.43128506434734,53.62085670956489,51
3283,25992,18251,417.18970745983313,1.0,1.0,28.31854752952517,0.963798264956302,0.9574775672981057,0.9542224080267558,470.15039307598437,48.691028424226594,52.96068561615106,54
3285,25992,18251,498.16904741881274,1.0,1.0,27.156897008697985,0.953937877278737,0.9880650994575045,0.8988409624413145,569.6702930221226,69.75186840496454,71.5012456033097,67
3288,25992,18251,439.02566960287544,1.0,1.0,30.26914543681111,0.940541913258546,0.9364623807841752,0.9034410112359551,501.61326010779635,60.13138575738121,62.587590504920804,59
3311,26152,18364,331.78205640882214,1.0,1.0,22.330433938171776,0.9855007895330475,0.9786585365853658,0.9801655251141552,377.22231118280024,43.41038216096697,45.44025477397797,42
3310,26152,18364,380.013745979328,1.0,1.0,22.993213309165807,0.9724080929661671,0.9729258206254846,0.9514025590551181,428.9007418920569,48.58049386909297,48.88699591272863,47
3317,26152,18364,324.44205707135944,1.0,1.0,20.105980889120392,0.9867737095027953,0.988733850129199,0.9815705128205128,372.8615393224608,47.879223376652064,48.41948225110137,42
3314,26152,18364,448.98430872780506,1.0,1.0,31.729071973913534,0.9843418959502935,0.9853737187607969,0.9776988636363636,492.94619293351235,38.94282630856061,43.961884205707065,56
3309,26152,18364,371.98745514085005,1.0,1.0,33.21956014204327,0.9859647289983243,0.9867963863794301,0.9809328589108911,406.8502480498884,32.044189363557315,34.8627929090382,46
3316,26152,18364,325.41261981983655,1.0,1.0,21.799727618671042,0.9686991651918986,0.9851871801777539,0.9325105042016807,374.0142471335214,45.90244097052713,48.60162731368475,41
3301,26152,18364,290.8114936603451,1.0,1.0,29.718675891548163,0.9637561858780929,0.9741726741215871,0.9333639705882353,337.73886315458424,45.641054241358596,46.927369494239066,38
3312,26152,18364,692.8315324657632,1.0,1.0,27.966397407295222,0.9622560554011472,0.9753519768563162,0.934938063063063,774.5204440639226,77.53336739723817,81.68891159815875,85
3318,26152,18364,413.8759989608484,0.9998147233201581,1.0,25.129034985722853,0.9828314212874445,0.9847376973073352,0.9830418088737202,466.2717499058537,46.343626417507934,52.395750945005254,52
3305,26152,18364,402.84656170932544,1.0,1.0,27.448132848101665,0.9814613060450345,0.990295713303278,0.9623268950437318,460.3579673335992,59.26710843641028,57.51140562427353,51
3306,26152,18364,467.3274544783128,1.0,1.0,36.3049332393301,0.9419711955472325,0.9611025779401386,0.8901805251641138,531.7869984932993,64.43931602247928,64.45954401498618,61
3319,26152,18364,248.44205707135953,1.0,1.0,18.91652547242902,0.9972807379870576,0.9990583804143126,0.9951171875,297.6405627637163,52.7977585385351,49.19850569235676,30
3304,26152,18364,393.44768786881707,1.0,1.0,30.45182869827658,0.9913763762575292,0.9955791829882484,0.9856371866295265,448.186152440478,53.60769685749131,54.738464571660856,47
3307,26152,18364,350.964310715417,1.0,1.0,29.772636375968315,0.9463772034412911,0.9597656014015586,0.9003568339100346,390.2185457264425,35.631352516538065,39.254235011025386,46
3315,26152,18364,200.34563013492044,1.0,1.0,30.838533114472718,0.9951930901397317,0.9984823957911777,0.9986727799227799,225.29545984585602,23.1747445664033,24.949829710935532,26
3302,26152,18364,291.8735145764356,1.0,1.0,29.46457273022266,0.994958126815929,0.992566720401218,0.9957298136645962,323.357979542244,28.47669744871229,31.48446496580818,35
3320,26152,18364,404.70881469084577,1.0,1.0,25.344006766623508,0.993786139639251,0.9913824057450629,0.9926229508196721,455.71358463724977,48.00715491960555,51.00476994640371,48
3303,26152,18364,329.2072210878087,1.0,1.0,29.740265881969425,0.9905091404430055,0.9872058018609743,0.99169921875,383.44774072719906,56.61077945908547,54.2405196393903,44
3308,26152,18364,466.40073698931866,1.0,1.0,27.58020309514155,0.9771729053633034,0.9806970509383378,0.9582322006472492,526.3753620906386,56.211937651979206,59.97462510131948,58
3313,26152,18364,633.1070265027224,1.0,1.0,25.13548220786204,0.9562040421348486,0.9757422157856626,0.9139942685589519,711.0187208032402,73.36754145077582,77.91169430051728,79
3332,26312,18478,1318.5772375613708,1.0,1.0,-23.211746880320455,0.99509192398401,0.9942085603646208,0.9917582417582418,1490.3584997625464,164.67189330176438,171.7812622011764,158
3330,26312,18478,383.4802715333847,1.0,1.0,32.48918320235963,0.9126793402852279,0.9069214367721831,0.8626420454545455,442.8372855364397,56.78552100458206,59.3570140030547,51
3322,26312,18478,287.4977851613603,1.0,1.0,27.817737324967318,0.9698574466741066,0.9726046642315257,0.9498125,327.1688582843939,38.506609684550256,39.67107312303351,37
3339,26312,18478,296.43327986085694,1.0,1.0,24.48254987320784,0.9716479896058096,0.968040907638223,0.9636595022624435,335.0357026738359,37.65363421946849,38.602422812978986,39
3328,26312,18478,281.32497009390016,1.0,1.0,34.52193121837999,0.9106793701975852,0.9122054303278688,0.8651933183183184,315.45656373172676,32.44739045673987,34.13159363782657,36
3321,26312,18478,386.7589119833891,1.0,1.0,34.13881934977682,0.8674044086351443,0.866237304929403,0.770166015625,423.34371104873236,32.377198598014786,36.58479906534318,50
3327,26312,18478,471.15712379526525,1.0,1.0,26.356387235595463,0.9768133332827019,0.9858258475150092,0.9446163366336634,531.9175410046662,55.890625814100986,60.760417209400664,59
3325,26312,18478,361.2159982983111,1.0,1.0,30.245247957828685,0.9431261071972974,0.9659946949602122,0.8747446895424836,418.89380815861205,57.266714790451246,57.677809860300826,46
3324,26312,18478,247.95238709186964,1.0,1.0,29.195492706737507,0.9773943329268158,0.973028415134478,0.973146645021645,286.0576444341353,35.407886013398524,38.10525734226567,31
3335,26312,18478,311.01689239237294,1.0,1.0,32.484957637506,0.9796892626867588,0.987478468265536,0.9587877516778524,353.8310984450653,40.97130907903829,42.814206052692214,38
3333,26312,18478,618.8904069688086,1.0,1.0,22.623240393326903,0.97023918501857,0.9821028187059577,0.9327480670103093,699.2024091906408,73.9680033327475,80.31200222183169,77
3329,26312,18478,355.52407599983815,0.9999447879858657,1.0,30.073728355979085,0.9629568430061605,0.9521422060164084,0.9671367994100295,400.69360565917344,43.00429448900256,45.169529659335055,44
3323,26312,18478,410.623649349322,1.0,1.0,32.373218526725864,0.9540903833113957,0.9583499313946797,0.9155392530487805,472.97857324980566,59.78238585072497,62.3549239004833,52
3337,26312,18478,389.8759989608484,1.0,1.0,27.576958288477368,0.862728862612787,0.9731400314677455,0.6796266233766234,440.76422867468483,48.58234457075424,50.888229713836175,48
3340,26312,18478,543.7908336193245,1.0,1.0,34.95476027893577,0.9745347297530349,0.9880935506732813,0.9565941385435168,603.0613632789634,55.90579448945769,59.27052965963844,71
3331,26312,18478,298.26924200389925,0.9997935022026432,1.0,23.411583248165442,0.9964650877770338,0.9961224895605488,0.9984669811320754,334.88918673903027,34.67991710269656,36.61994473513102,35
3336,26312,18478,421.93735784830693,1.0,1.0,22.426531918880695,0.9790065613423611,0.9925426560076364,0.94427490234375,476.48540413661857,51.82206943246719,54.54804628831145,51
3334,26312,18478,411.32745447831286,1.0,1.0,29.78291200184863,0.9916228920116841,0.9940575404014784,0.9862294823232324,469.6607215188094,57.49990056074457,58.33326704049636,51
3326,26312,18478,359.3011636398347,1.0,1.0,32.45035179877881,0.9536331458669886,0.981561347584224,0.9049022911051213,408.56545767115193,46.89644104697546,49.26429403131697,47
3338,26312,18478,511.7908336193245,1.0,1.0,25.644878971004886,0.8113880620065834,0.9856480789355658,0.5940721649484536,567.7523983994054,53.942347170120975,55.96156478008065,63
3348,26472,18590,319.44520348440426,1.0,1.0,36.82199217675084,0.981154757134412,0.9878089624221315,0.9759462468193384,359.08864130101875,37.71515672492157,39.64343781661437,44
3345,26472,18590,409.8497081223704,1.0,1.0,25.923517008289988,0.9712444543797504,0.9732732351447435,0.9570656158357771,461.1562181899409,46.2097651013555,51.306510067570336,53
3349,26472,18590,468.73510552932385,1.0,1.0,21.512516222135766,0.9885605888964412,0.9905050387371119,0.9805975274725275,523.8020114135697,50.35035882636886,55.066905884245905,60
3354,26472,18590,467.2924272223618,1.0,1.0,24.440275971290525,0.9781512341811804,0.9811248073959938,0.966015625,541.3456541367707,66.82984037161307,74.05322691440873,62
3344,26472,18590,252.6912602698409,1.0,1.0,28.406196041511055,0.9850298702510968,0.9798744460856721,0.9853766025641025,286.7417614003393,32.325751695747705,34.05050113049846,33
3343,26472,18590,353.59172771338655,1.0,1.0,28.98717707331861,0.9736257357676018,0.9734008866371121,0.9530183447098977,394.51156166561196,35.87975092833803,40.919833952225346,45
3341,26472,18590,1068.989318289661,1.0,1.0,-10.601341628973938,0.9982076919596713,0.9998159847880758,0.9998681434599156,1194.8901525151955,116.10125133830289,125.90083422553542,135
3351,26472,18590,381.36003814288057,0.9999447879858657,1.0,33.19973275001331,0.8822280698656022,0.9033032132278505,0.7479822019867549,430.32375987075477,46.44558259181123,48.96372172787414,52
3356,26472,18590,704.6086201057599,1.0,1.0,4.017338137796887,0.9965267449788813,0.9943663795894581,0.997923951048951,804.2603136662178,97.72754034068684,99.65169356045793,87
3358,26472,18590,352.9580178893272,1.0,1.0,26.18543310116894,0.9526190499905376,0.9507149798694988,0.9123883928571429,393.8988871554906,35.911303899244984,40.94086926616332,45
3342,26472,18590,387.7469883598416,0.9998883928571428,1.0,35.79451789431914,0.9464438807370847,0.938321243523316,0.9267907303370787,424.1514659489585,34.35671638367511,36.40447758911672,50
3350,26472,18590,537.4652014967925,1.0,1.0,35.919170254140596,0.9592779654660424,0.9631082900557799,0.9253725669099757,588.4106127079447,46.418116816727434,50.94541121115162,70
3360,26472,18590,228.18407666237562,1.0,1.0,29.031271976758084,0.9827476601396049,0.9857409774805782,0.9728036556603774,255.49849224283847,26.721623370694232,27.314415580462818,29
3355,26472,18590,511.93487346389406,1.0,1.0,38.67598048544559,0.9620893428017017,0.9843811450081466,0.9278161641541038,568.9739380393224,53.30859686314205,57.03906457542802,67
3352,26472,18590,349.89351258882385,0.9999276620370371,1.0,23.68146663756227,0.9906143080119493,0.9958306188925081,0.9845052083333333,409.74821896029414,62.7820595572052,59.85470637147013,46
3347,26472,18590,262.6975530959306,1.0,1.0,27.833588040055435,0.9293156942605638,0.9477749972799477,0.8498831775700935,310.07275910104863,48.562809007677004,47.37520600511799,36
3353,26472,18590,281.2598027647647,1.0,1.0,24.29045415355626,0.9621149728216111,0.9780789159027501,0.9288340336134454,318.2932651560031,39.80019358685766,37.03346239123843,31
3346,26472,18590,513.2510663472916,1.0,1.0,30.372509682278423,0.9848891653842374,0.9756021465119181,0.9848539272030651,576.9246760512872,58.76041455599306,63.67360970399537,64
3357,26472,18590,669.0106403593129,1.0,1.0,11.365144741041329,0.9881254292302439,0.9907077653608416,0.9798534798534798,760.1999447885001,88.03395664378036,91.18930442918695,86
3359,26472,18590,365.2948708137451,1.0,1.0,21.96872625952146,0.9905512501507197,0.996245893946504,0.9775265957446808,409.1679617831405,41.80963645409302,43.87309096939535,43
3366,26632,18703,303.26609559085443,1.0,1.0,25.526018085623612,0.9465071449524368,0.9520621317621853,0.90859375,344.6789777267963,40.369323203912906,41.41288213594192,38
3372,26632,18703,322.04632964389583,1.0,1.0,31.50928072556781,0.9601374802035246,0.946733888645331,0.9470716059602649,366.3818206489798,41.75323650762562,44.33549100508373,40
3379,26632,18703,419.2222911244009,1.0,1.0,26.88008472966755,0.9173209352993815,0.9917739227756016,0.7927697721179625,463.44816174467405,38.58880593040946,44.22587062027296,53
3375,26632,18703,399.1872230754204,1.0,1.0,31.09585757533377,0.9778984959344865,0.9874600870827286,0.9604504364089775,446.05816524627255,44.806413256278006,46.87094217085201,54
3361,26632,18703,464.73510552932373,1.0,1.0,30.993123593826585,0.9553139643861293,0.978079376632273,0.8980023209549072,536.2655218536133,67.54562448643412,71.53041632428942,61
3367,26632,18703,477.368815353383,1.0,1.0,29.13537525578568,0.9310477657935284,0.9735788630904724,0.8588273195876288,533.5298513913004,47.49155405687556,56.161036037917036,60
3369,26632,18703,338.75891198338905,0.9998452970297029,1.0,34.070930263090716,0.8828155558247807,0.929906765479321,0.7713579136690647,372.95791579054855,31.048505710739114,34.199003807159414,41
3373,26632,18703,424.2717263883119,1.0,1.0,26.154365803639617,0.9876785948354961,0.9889571313356909,0.987590579710145,473.72516133531457,47.930152420503674,49.45343494700243,51
3374,26632,18703,375.6768930549102,1.0,1.0,33.77147880812378,0.9592277570348785,0.9862843538119145,0.9049719656992085,419.03285519905165,40.28394321621207,43.35596214414137,49
3363,26632,18703,580.1013957052645,1.0,1.0,20.690760479160794,0.9841328454996587,0.9795211285033719,0.9830698090692124,653.7780981398791,70.76505365192126,73.67670243461419,73
3365,26632,18703,657.0632220362688,1.0,1.0,12.240674089362646,0.9925654920656762,0.9876865459910344,0.992303412462908,737.7246468282623,73.74213718798975,80.66142479199323,81
3362,26632,18703,663.5153395823653,1.0,1.0,17.935151855684,0.9234182213992262,0.9279557058550494,0.8427966101694915,742.7883212767978,75.40947254164865,79.27298169443245,86
3370,26632,18703,544.2629899708389,1.0,1.0,17.329285004420687,0.9904112883140529,0.9922874566543106,0.9811011904761905,613.7088850905595,62.91884267958034,69.44589511972023,67
3377,26632,18703,543.3099408503374,1.0,1.0,19.412125675889275,0.9353571402345443,0.9658514424169001,0.8299107142857143,617.0583246696431,72.37257572895777,73.74838381930515,69
3368,26632,18703,318.26924200389925,1.0,1.0,33.87392259949036,0.9349704854632426,0.9407450401013085,0.8778710247349824,362.8649287307351,41.393530090253606,44.59568672683573,44
3371,26632,18703,368.29801722678997,1.0,1.0,33.189617465468366,0.9766622633201234,0.9873650356076269,0.9567018072289156,416.59033732669985,45.43848014986461,48.29232009990972,46
3378,26632,18703,610.4533186662746,1.0,1.0,31.402260743382193,0.9514023274344807,0.9845883043223157,0.887456938976378,680.0786977833045,61.68806867554401,69.6253791170294,77
3380,26632,18703,354.0989113208518,1.0,1.0,32.40655902617039,0.9377426450261026,0.9555591037309064,0.8860677083333334,398.28002590385455,41.52167187450381,44.18111458300253,43
3376,26632,18703,284.15778582389754,0.9998855311355311,1.0,34.71503472829046,0.911713563715254,0.9137043271611051,0.8377444727891157,324.3908972505783,37.09966714002106,40.2331114266807,38
3364,26632,18703,622.9692794842425,1.0,1.0,23.33897798164514,0.9290891283055827,0.9544491525423728,0.8564985795454545,705.9703755194845,77.25164405286242,83.00109603524162,77
3399,26792,18816,557.7933180037375,1.0,1.0,27.575051942562904,0.9599829511659049,0.9941465698899555,0.9016216592427617,633.3969908544776,72.90550927610984,75.60367285073993,67
3391,26792,18816,961.2122306496648,1.0,1.0,-13.385590018910172,0.9461987953868793,0.9677536231884057,0.8439690420560748,1104.123215786434,142.36647770515438,142.91098513676977,125
3388,26792,18816,432.94050426135175,1.0,1.0,23.16389337145455,0.9634437429732768,0.9833224329627207,0.9123322147651006,489.209447992211,50.6534155962885,56.26894373085898,54
3383,26792,18816,302.4483498974492,1.0,1.0,29.830120251238668,0.8629510186101021,0.8564787170519491,0.7560295643153527,338.9351804963105,32.98024589829174,36.48683059886116,40
3395,26792,18816,244.12271777491702,1.0,1.0,26.13271230486916,0.9891260428303188,0.9909397387273493,0.9862961065573771,279.55274247693217,33.645037053022676,35.43002470201511,31
3400,26792,18816,318.56229046186365,1.0,1.0,31.431813955896764,0.948424947008975,0.9599143411630864,0.9110267857142857,358.65955477016786,36.14589646245608,40.09726430830404,38
3386,26792,18816,342.5885813003416,1.0,1.0,22.67183634713089,0.9591478517184207,0.9734101638433769,0.9030082987551867,383.55461844590576,38.19905571834596,40.96603714556397,40
3382,26792,18816,906.8953757376345,1.0,1.0,12.112427262002887,0.8888804201374889,0.9303340113478215,0.744483418367347,1010.3399405821483,92.16684726676957,103.4445648445131,107
3394,26792,18816,278.37440535781127,1.0,1.0,31.293386562770802,0.8819970275000221,0.855396939509089,0.8214202425373134,313.9292782214737,34.5823092954937,35.554872863662446,32
3381,26792,18816,296.9755315173028,1.0,1.0,25.53060736597745,0.9832292994324432,0.9816683983969126,0.9727379707112971,337.51500988629635,40.55921755349041,40.5394783689936,35
3389,26792,18816,428.9843087278051,1.0,1.0,40.20691301020304,0.974364069344795,0.9668434379628302,0.9668399298597194,477.77516215933235,45.436280147290525,48.79085343152701,54
3385,26792,18816,417.6706002288205,1.0,1.0,30.973012082988497,0.9427531577820595,0.9416957881184477,0.9094178082191781,468.40806473670017,46.85619676181954,50.73746450787968,51
3397,26792,18816,461.242289136789,1.0,1.0,31.86030282351065,0.9436088708321283,0.95122054227553,0.8956614847715736,509.9441819206041,42.30283917572217,48.70189278381476,58
3393,26792,18816,333.8409309118679,1.0,1.0,27.46692581721896,0.9099532026120309,0.918560074801309,0.8224003232758621,380.22161531159327,45.57102659958797,46.38068439972531,43
3384,26792,18816,466.88162975830596,1.0,1.0,28.695958142169477,0.8764941293203242,0.9786182647533973,0.719104381443299,515.2699548865786,45.582487692408634,48.38832512827242,56
3392,26792,18816,391.70318389338826,1.0,1.0,29.5997633515995,0.9918446524278056,0.983678458441185,0.99462890625,435.08008056795654,41.06534501185227,43.376896674568165,46
3390,26792,18816,287.26609559085443,1.0,1.0,30.591704527818198,0.9855918133537869,0.983065198983912,0.9900568181818182,321.5278449742637,34.14262407511385,34.26174938340923,38
3387,26792,18816,554.3393781018602,1.0,1.0,31.287842635963855,0.8798381058822253,0.9845218352681039,0.7478530534351145,615.4024868568365,57.844663132463914,61.063108754975936,69
3398,26792,18816,452.45083428186183,1.0,1.0,26.619948615303162,0.9407713719607576,0.9535854852644715,0.8771626297577855,506.9750466712784,50.28631858412438,54.52421238941625,57
3396,26792,18816,349.5391460364305,1.0,1.0,30.847786034400603,0.9405742660454318,0.9021366394091269,0.9393628345498783,387.89900022378407,34.28978128103018,38.35985418735344,44
3419,26952,18929,368.64745580338734,1.0,1.0,37.99472929196102,0.9371138360424222,0.9701686121919585,0.8489309210526316,413.2591648770109,39.91756361043515,44.61170907362342,47
3416,26952,18929,299.9523870918696,1.0,1.0,35.829444272695454,0.9784465908720723,0.9650372935535428,0.9783254156769596,328.46188776590515,24.014251011053123,28.509500674035408,37
3408,26952,18929,457.93735784830676,0.9999457465277778,1.0,25.852946691319897,0.974653448774327,0.9817287078542194,0.9578402366863905,512.3743858421075,50.15554199070072,54.43702799380049,56
3420,26952,18929,334.81149366034504,1.0,1.0,34.56880623137164,0.9828231284950996,0.9754957400286511,0.9781709558823529,377.15644223353786,38.017422859789,42.34494857319266,44
3406,26952,18929,620.4596114923647,1.0,1.0,25.51789326418713,0.9415489339459296,0.9577896092146014,0.8835591491841492,690.335890998812,63.56441925967139,69.87627950644756,77
3417,26952,18929,407.05196044135346,0.9998947811447811,1.0,29.66127502994382,0.9709689678034897,0.974098779449333,0.9516973350253807,456.36789371444735,44.72389990964059,49.31593327309371,50
3413,26952,18929,402.7501755659161,1.0,1.0,31.045634712441583,0.9599166131892417,0.9650807507638586,0.9322471509971509,453.154376213838,45.606300971882476,50.404200647921634,50
3411,26952,18929,382.7676891938915,1.0,1.0,28.60279581399576,0.9569367285253543,0.9528311425682507,0.9299955197132617,428.7928411696163,41.28772796358689,46.02515197572458,48
3414,26952,18929,428.70881469084577,1.0,1.0,24.764302452115146,0.9936239928069992,0.9950315457413249,0.9919454225352112,475.6947736693837,41.97893846780626,46.985958978537525,51
3410,26952,18929,595.4238814147519,1.0,1.0,20.2398918599914,0.9290815880181267,0.9284435237526772,0.8713169642857143,674.5596657240088,74.45367646388513,79.13578430925675,75
3409,26952,18929,454.88162975830596,1.0,1.0,20.00358633965961,0.9856577421925947,0.9844982471516214,0.9743990384615384,511.4948663073818,54.919854823613406,56.613236549075594,54
3402,26952,18929,310.7852028218671,1.0,1.0,33.54815788429571,0.8806948502843498,0.8932281828485077,0.770900974025974,349.52096288352675,34.10364009248936,38.735760061659576,40
3407,26952,18929,309.3337473044026,1.0,1.0,25.375159525890485,0.9861814779957507,0.9824338830877329,0.9806490384615385,336.8142321018812,24.7207271962178,27.480484797478532,39
3401,26952,18929,534.7413983554136,1.0,1.0,24.288079822488363,0.9672718107621257,0.9858351554330259,0.9259588068181818,579.3985680014769,36.98575446909433,44.657169646062876,67
3403,26952,18929,312.13149498541964,1.0,1.0,25.978533500296624,0.9601282298495948,0.9663108356290174,0.9404920212765957,355.54519818880243,41.12055480507436,43.41370320338289,39
3404,26952,18929,616.5472612183011,1.0,1.0,31.18290420830715,0.9713464289254911,0.9796501389269362,0.9472310903732809,685.1569391186987,61.664516850596094,68.60967790039739,76
3415,26952,18929,327.7557655703442,1.0,1.0,24.712746146708866,0.9372794658022944,0.9866254452584179,0.8389849290780141,367.8063016526581,39.07580412347074,40.05053608231382,41
3405,26952,18929,556.0838820772891,1.0,1.0,25.874327487200524,0.9356319514001494,0.9508724832214765,0.8788659793814433,623.5953589144692,63.0172152557695,67.51147683717969,68
3418,26952,18929,860.5872980361075,1.0,1.0,11.943834110857672,0.9811069694992801,0.976890823544474,0.9726362179487179,968.7054980972457,102.17730009170657,108.1182000611378,105
3412,26952,18929,491.6856702654126,1.0,1.0,27.106201022164495,0.950437266004078,0.9920693471043895,0.8984696502057613,542.0371862260138,43.27727394090107,50.35151596060069,61
3432,27112,19043,497.73195911627886,1.0,1.0,27.251506624725582,0.9723049944171582,0.9802015411973918,0.952929279749478,553.3905417463264,49.737873945071065,55.65858263004738,57
3423,27112,19043,390.58858130034156,1.0,1.0,20.08378468090764,0.9102398307077357,0.9356929212362911,0.8103212151394422,429.84024510547766,34.87749570770402,39.25166380513601,45
3429,27112,19043,265.10205773389674,1.0,1.0,33.03419392528942,0.9656934901539599,0.9529380948223173,0.967919921875,291.5662391308531,25.446272095434402,26.464181396956267,34
3439,27112,19043,455.40632699374675,1.0,1.0,18.076378015807013,0.9925890965325407,0.9913523184732369,0.9923316420664207,507.57407045676524,50.5016151945276,52.1677434630184,55
3427,27112,19043,420.01374597932806,1.0,1.0,31.697097206995416,0.9889088354093246,0.9830171532432126,0.9886879539951574,462.6097892042024,36.89406483731127,42.596043224874194,50
3424,27112,19043,559.1396101672899,1.0,1.0,14.954545645621288,0.9845724078235246,0.9857235211722875,0.9734649122807018,628.5832903152208,64.4155202218956,69.44368014793041,71
3428,27112,19043,414.7413983554135,1.0,1.0,31.404775929674425,0.8917836080988542,0.9025026919437465,0.772753193430657,458.30917480262855,37.601664670822146,43.56777644721477,50
3435,27112,19043,356.9054362123712,1.0,1.0,25.779352633950197,0.9037429390958522,0.8991990623168588,0.8342363911290323,403.0079526955066,43.65377472470288,46.10251648313525,42
3425,27112,19043,368.7263283188213,1.0,1.0,19.24464118868364,0.9654295087821099,0.9599805966529227,0.9481646825396826,413.10767646493287,42.572022219167096,44.381348146111385,46
3440,27112,19043,340.7000374803433,1.0,1.0,25.799623940035797,0.9117327051165609,0.9232794943820225,0.8271087398373984,375.90469050781456,32.55697954120659,35.20465302747106,42
3433,27112,19043,442.8553389198279,1.0,1.0,34.140873005463966,0.9841137347080506,0.9916842661034847,0.9906429942418427,493.33436739644765,48.71854271492903,50.47902847661934,52
3431,27112,19043,519.6555709852578,0.9998487903225807,1.0,23.53742510288897,0.9905054182662295,0.9864500079394485,0.9907359972677595,581.9665248053897,58.966430730197324,62.310953820131544,60
3437,27112,19043,277.54788245390347,0.999876968503937,1.0,31.428897834874203,0.9501992126021468,0.9634694523583412,0.8979048295454546,321.4184914162063,44.80591344345419,43.87060896230279,36
3436,27112,19043,320.9054362123713,0.9999382411067194,1.0,26.60614294980571,0.9440179503824334,0.953772438925631,0.9030490451388888,370.49804828697955,46.63891811191216,49.592612074608105,38
3434,27112,19043,490.881629758306,1.0,1.0,19.88819550068811,0.9628380491204246,0.9665513887387874,0.9280070754716981,552.8989829567323,59.27602979763903,62.017353198426015,62
3422,27112,19043,538.9429886457644,1.0,1.0,23.97307550970624,0.9455668284075871,0.9732232425341462,0.8500386996904025,601.4571041027648,57.771173185499826,62.514115456999875,64
3421,27112,19043,366.5535132513611,1.0,1.0,35.37114416604757,0.9335833707320896,0.9339869281045752,0.8994852941176471,404.7841294722713,33.34592433136528,38.23061622091017,44
3430,27112,19043,515.852192506783,1.0,1.0,26.65589778088268,0.900486360041063,0.968875980753392,0.7657734560570071,572.9062651832966,52.58110901476968,57.05407267651313,62
3438,27112,19043,395.24858196287886,1.0,1.0,25.20614246050713,0.9740608228980321,0.9549241985881264,0.9802015472312704,441.84220063188593,43.640428003510365,46.5936186690069,48
3426,27112,19043,364.02252318983074,1.0,1.0,23.042062686861428,0.9930396808281217,0.9979537366548042,0.9874320652173914,406.8112808811849,41.68313653703117,42.788757691354114,41
3447,27272,19156,398.16027020831024,1.0,1.0,18.83441510416926,0.9880650547275988,0.9859085290482077,0.9838800904977375,457.7049660752275,60.817043800375444,59.54469586691699,51
3452,27272,19156,770.2654743552524,1.0,1.0,10.0427197222454,0.9369772998805257,0.9546063544723746,0.8415252483443708,863.8949618634288,90.1942312622648,93.62948750817652,97
3456,27272,19156,647.2009690547486,1.0,1.0,20.719625754363225,0.9417326468791036,0.9486881083368599,0.8761945718654435,742.0845840592211,89.07542250670807,94.8836150044721,82
3449,27272,19156,362.62364934932214,1.0,1.0,30.328685611441,0.992543597485155,0.9916191753268522,0.99599609375,407.809830216944,43.779271301432516,45.18618086762167,42
3457,27272,19156,494.71129907525847,1.0,1.0,12.12201136902348,0.9956746257091759,0.9900564364418167,0.9980028195488722,562.4959419665921,66.42696433699979,67.7846428913332,61
3453,27272,19156,421.21599829831104,1.0,1.0,27.221539674835075,0.9728041161337742,0.9719277288338062,0.9661735372340425,474.6461058478,51.64516132423319,53.43010754948879,50
3460,27272,19156,388.5209295867934,1.0,1.0,22.187193846088558,0.974467756492864,0.9792252510760402,0.9448910788381742,432.40589975290567,40.327455249168416,43.88497016611226,45
3441,27272,19156,532.8052416272848,1.0,1.0,33.403083141196916,0.9834194352623059,0.9887987461971052,0.9686513157894737,599.4806207085917,61.01306862195959,66.6753790813064,64
3455,27272,19156,495.1220557462848,1.0,1.0,25.46492299997722,0.9797986019154377,0.9825688073394495,0.9651785714285714,541.3444681293968,42.33361857466778,46.22241238311185,59
3445,27272,19156,695.887260555764,1.0,1.0,14.831198370100699,0.9274598618710199,0.9895388556789069,0.8097468535469108,792.4076441429049,92.28057538071188,96.52038358714128,92
3442,27272,19156,638.4796095047528,1.0,1.0,26.933392589985253,0.9427516488833783,0.9535638279314796,0.9016403256704981,712.3423946892688,71.79417777677332,73.86278518451554,78
3444,27272,19156,439.44520348440426,1.0,1.0,16.94626760207314,0.9139150943396226,0.9288494809688581,0.8174175126903553,486.8401261087657,44.09238393654198,47.39492262436131,58
3458,27272,19156,410.2867964249041,1.0,1.0,25.26665229165193,0.9809914461507677,0.9768099937883912,0.974881329113924,463.310296236795,51.03524971783584,53.02349981189057,53
3459,27272,19156,331.6506022164322,0.9999522171253823,1.0,35.75577873273757,0.9610930189890836,0.9777003098716246,0.9342562134502924,368.33667059877945,31.779102573520753,36.68606838234716,43
3451,27272,19156,568.7876872062798,1.0,1.0,18.891514920370803,0.9333490379646797,0.951180744777475,0.8363614341085271,638.1611754676155,69.56023239200353,69.3734882613357,72
3454,27272,19156,422.0813976928763,1.0,1.0,26.95525733280179,0.905211370548801,0.8970389775343336,0.8330428286852589,474.1650078364615,45.125415215377465,52.08361014358496,52
3446,27272,19156,387.2836500118594,1.0,1.0,31.099885388409422,0.9595198678863853,0.9659922230277467,0.9283967391304347,435.2012557209333,44.12640856361054,47.91760570907368,46
3443,27272,19156,580.009937537651,1.0,1.0,12.831781170556473,0.9902531886541024,0.9907551733404999,0.9856404049295775,660.3989386904512,78.58350172919992,80.38900115279999,69
3450,27272,19156,396.5822884742518,1.0,1.0,26.24870535622786,0.9768892564861572,0.9895994832041344,0.948876953125,438.10587559067693,40.53538067463746,41.523587116424956,46
3448,27272,19156,590.007493946268,1.0,1.0,26.55938300221596,0.964005466408041,0.974150714478296,0.9135727611940299,659.5823932548675,58.612348962898366,69.57489930859893,69
3477,27432,19269,413.90228979932635,1.0,1.0,22.305175232142485,0.9895531793387291,0.9873876485937954,0.9876736111111111,468.86377693088156,53.19223069733258,54.961487131555046,54
3463,27432,19269,528.7613963678018,1.0,1.0,18.969330982585028,0.9888616928313995,0.9884024724399414,0.9838169642857143,596.0192926657365,62.636844446901556,67.25789629793438,66
3471,27432,19269,398.36566894033825,1.0,1.0,30.832626522451342,0.9826805794752304,0.9749020498552041,0.979384328358209,446.4056659633591,46.55999553453105,48.03999702302068,49
3480,27432,19269,336.8966590018688,1.0,1.0,31.401811437653972,0.9353550646574135,0.9375034566672197,0.8919753086419753,386.8292157072139,49.39883505801758,49.932556705345064,44
3475,27432,19269,223.9260962533917,0.9996912055335968,1.0,36.26821462316952,0.9730844118657657,0.9760179305192379,0.9612847222222223,255.59101248090076,33.24737434126356,31.66491622750903,29
3473,27432,19269,427.81712445780255,1.0,1.0,20.478764992201228,0.991416374758729,0.9963291314586508,0.9784526209677419,485.64639238284485,57.49390188756298,57.82926792504199,53
3479,27432,19269,491.84341529628057,1.0,1.0,28.13433680162179,0.9098504685777286,0.9045712809917356,0.855163409703504,564.6225543998578,70.91870865536532,72.7791391035769,68
3464,27432,19269,355.52407599983826,1.0,1.0,34.596009645277384,0.9319129808736195,0.9470630491241643,0.878037084398977,400.2951540626588,43.90661709423073,44.77107806282049,46
3470,27432,19269,549.0719584537416,1.0,1.0,24.89668620896893,0.9687286946421422,0.98126663653257,0.9368864528795812,609.2605148500456,54.282834594455615,60.188556396303724,68
3462,27432,19269,506.1690474188126,1.0,1.0,20.844109362489853,0.9582107943810072,0.9955667385573927,0.8989762931034483,582.9259405227432,78.38533965589505,76.75689310393003,66
3478,27432,19269,507.16590100576775,1.0,1.0,27.685368375248906,0.9542743063850119,0.9467491025129637,0.9457282913165266,577.2998918024691,66.9509861950516,70.13399079670108,60
3474,27432,19269,587.3061324086602,1.0,1.0,28.60067426058774,0.9589493633293635,0.963337593573124,0.9279993718592965,669.0408350564029,79.85205397161297,81.73470264774201,70
3465,27432,19269,525.1070265027221,1.0,1.0,16.435381823216343,0.9717189933601116,0.9785325216276834,0.9346134538152611,589.1357540543449,61.54309132743388,64.0287275516226,66
3468,27432,19269,368.4508342818619,0.999948261589404,1.0,34.36350904009126,0.9777332149862477,0.9724199786983575,0.9743436754176611,413.2647740682174,41.72090967953303,44.813939786355334,46
3476,27432,19269,426.5535132513611,1.0,1.0,33.93397172659363,0.9793634247194134,0.982408734972979,0.969284188034188,470.72041108417943,40.75034674922754,44.16689783281836,53
3461,27432,19269,354.64116297729765,1.0,1.0,28.40666441933486,0.9772936360848523,0.9796845589667035,0.9550382653061225,385.75457187128745,30.92011334098477,31.113408893989842,42
3467,27432,19269,335.2748728013569,1.0,1.0,30.777907021959926,0.9521513090303612,0.9519713711702662,0.9233236754966887,382.95201151960873,43.765708077377546,47.67713871825168,44
3469,27432,19269,354.4094734067917,0.9998244382022472,1.0,40.27006970385314,0.9663931632009019,0.9642838946349417,0.95779754784689,395.05837377060817,39.97335054572463,40.64890036381641,45
3466,27432,19269,313.64430939034247,1.0,1.0,19.15960708826962,0.9833601717659689,0.9910269192422732,0.9561335403726708,358.0210478780088,42.56510773149932,44.3767384876662,39
3472,27432,19269,416.2454355498339,1.0,1.0,28.266591568867444,0.9443850892926772,0.9695216799533346,0.8728628419452887,462.4597787690885,43.07151482888157,46.21434321925438,52
3482,27592,19382,446.2128518852661,1.0,1.0,28.85314057357287,0.9951125546494682,0.9941372321945571,0.9972043504901961,491.42874953251163,38.57384647086778,45.21589764724519,53
3483,27592,19382,437.6005049238891,1.0,1.0,30.759429820123117,0.962867862756318,0.9763244256915143,0.9236878453038674,487.6238841683527,46.535068866695205,50.023379244463435,53
3485,27592,19382,543.1045421183095,0.9998483009708737,1.0,28.780572604318117,0.8947376119306929,0.941707842007942,0.7339250654450262,615.1687480083292,69.09630883502962,72.06420589001972,66
3487,27592,19382,276.3894753944035,1.0,1.0,29.89432018821932,0.926688555347092,0.9002837977296182,0.9128493788819876,309.0704898917167,31.021521745969704,32.68101449731314,35
3500,27592,19382,546.4746407359271,1.0,1.0,28.528894143901766,0.9419274430896751,0.956508975004194,0.9034555288461539,600.33814789112,52.29526073278911,53.863507155192735,68
3495,27592,19382,478.4445414557721,1.0,1.0,28.089122758789784,0.9711882310416102,0.972267813684985,0.9600421348314607,541.6388926335569,59.541526766677,63.19435117778468,58
3498,27592,19382,424.0751048667865,1.0,1.0,30.86563281504331,0.9714405174004919,0.9714271970753764,0.948342803030303,475.93832399156514,47.79482868716754,51.86321912477836,50
3496,27592,19382,610.7939800323697,1.0,1.0,22.543209873268005,0.9830448239543556,0.9970029034372951,0.9693125,694.0876046083575,82.94043686398105,83.29362457598738,82
3497,27592,19382,330.27801921440187,1.0,1.0,25.137183958965657,0.9641607442822069,0.9736500278344776,0.9183238636363636,370.32213536622703,36.81617422773756,40.04411615182503,41
3494,27592,19382,519.3712997377957,1.0,1.0,22.02663217326157,0.9779770911571238,0.994807390411786,0.9448605371900827,589.7912994213634,62.879999525350726,70.41999968356714,63
3481,27592,19382,394.3568917298356,1.0,1.0,37.1312120919436,0.962961998196127,0.952060816052128,0.9520066462167689,433.2384336256765,35.07231284376102,38.88154189584068,46
3489,27592,19382,447.84341529628057,1.0,1.0,19.316896803187785,0.9232040017720026,0.9089816433566433,0.8787322874493927,507.42761243931807,55.62629571455562,59.58419714303709,54
3488,27592,19382,306.84656170932556,1.0,1.0,29.6999905123068,0.9877389387573978,0.9872775882732553,0.9867827868852459,345.9417053514783,36.89271546322889,39.0951436421526,35
3493,27592,19382,624.6913010628708,1.0,1.0,22.30401399178078,0.9767456066461332,0.9940581244852336,0.9606203874538746,685.9756419379596,55.17651131263288,61.284340875088596,77
3490,27592,19382,251.43642627390187,1.0,1.0,28.302492730865698,0.9237964797761978,0.9470189701897019,0.8497677364864865,288.2825937255036,35.019251177402616,36.846167451601744,35
3491,27592,19382,743.6818618237361,1.0,1.0,7.391868629230309,0.9886426466912571,0.9914290636575072,0.9739759290540541,833.7070619323154,82.53780016286866,90.02520010857918,94
3499,27592,19382,308.6386785928849,1.0,1.0,22.803324295959527,0.9271725252714558,0.9245351016289463,0.8673453282828283,341.6471054581961,30.762640297966733,33.00842686531115,38
3486,27592,19382,375.016892392373,1.0,1.0,32.17801666675445,0.9487116868819605,0.9849763325787199,0.9093972156398105,412.1097307512835,33.88925753836567,37.092838358910456,47
3484,27592,19382,373.01059956628325,1.0,1.0,22.434768845215352,0.9765287066064322,0.9898121429833343,0.937246963562753,425.51845460558667,51.76178255895507,52.50785503930335,44
3492,27592,19382,461.473978707295,1.0,1.0,35.465298840289755,0.9890048825564117,0.989731729879741,0.9840300772626932,529.9541346843963,64.47023396565159,68.48015597710105,60
3519,27752,19495,367.04318323085096,1.0,1.0,22.677269784061888,0.9667892138011659,0.9763423163958034,0.9318657063197026,419.56194926146134,54.02814904591547,52.518766030610294,47
3514,27752,19495,277.3249700939,1.0,1.0,30.090817408574306,0.8861327999559596,0.8904322535352522,0.7766702586206896,327.42186339829505,50.395339956592295,50.09689330439483,41
3503,27752,19495,595.1659010057679,1.0,1.0,18.526429469584937,0.9910971068461759,0.9939543346833363,0.983136189258312,683.822516873738,87.23492380195462,88.65661586796978,77
3515,27752,19495,1356.6349109442372,0.9705016816143498,0.0,-73.38198529969358,0.8414025237918563,0.9028620988725065,0.6550588565022422,1593.74671705316,259.66770916338544,237.111806108924,200
3509,27752,19495,357.3600381428806,1.0,1.0,36.80465887363206,0.9804043637002832,0.9757727652464494,0.9783653846153846,406.1279251186613,47.65183046367099,48.767886975780634,48
3513,27752,19495,362.78520282186696,1.0,1.0,26.826019414249973,0.9522688385463007,0.9683648973059482,0.8927951388888888,421.60175388812934,60.47482659939334,58.81655106626222,49
3501,27752,19495,304.9317270508492,1.0,1.0,19.86511753373276,0.9771009322518763,0.9767963342107829,0.9591282894736842,349.9190072022114,45.7309202270431,44.98728015136204,39
3520,27752,19495,653.3513017254078,1.0,1.0,18.132776632150385,0.8845080440508986,0.8926353664906274,0.7785304588607594,761.431166143658,111.1197966273756,108.07986441825041,89
3512,27752,19495,481.3600381428805,0.9998649135446686,1.0,33.68539911837288,0.9769346280256811,0.9888020283118529,0.9486378205128205,541.6172941060339,61.13588394473011,60.25725596315336,64
3502,27752,19495,370.527222412883,1.0,1.0,38.79907625232459,0.920496047264759,0.9599665978976324,0.8480992268041238,419.1491283499036,45.93285890553037,48.621905937020244,51
3516,27752,19495,393.3951061918611,1.0,1.0,31.404973823343227,0.9433557337121198,0.9270223903576299,0.9233197773972602,437.1535543103792,41.6376721777769,43.758448118517926,48
3517,27752,19495,276.41576623288154,1.0,1.0,22.041736491950136,0.9952283849918434,0.9998043818466353,0.988530585106383,312.0761851610558,32.49062839226145,35.66041892817429,33
3508,27752,19495,359.44520348440426,1.0,1.0,29.707524911565656,0.8969704443622313,0.9219270684566314,0.7823700716845878,411.5484943181752,48.154936250656135,52.10329083377074,49
3507,27752,19495,363.74698835984157,1.0,1.0,29.89141067593467,0.9847397266116477,0.9939978290019794,0.9773848684210527,417.981454991497,50.60169994748274,54.23446663165517,52
3504,27752,19495,201.1721530388282,1.0,1.0,22.982790271549764,0.9973564737658756,0.9997460317460317,0.9949845679012346,229.30955436488125,27.95610198907957,28.13740132605304,22
3506,27752,19495,317.8935125888239,1.0,1.0,29.068300337621416,0.8945225854153412,0.9275301764159702,0.7480148565573771,364.37857524321873,44.22759398159224,46.48506265439483,42
3511,27752,19495,397.59172771338643,0.9999479166666667,1.0,31.098558685766736,0.9728266614318289,0.9680455015511893,0.9641981792717087,446.4264468341839,44.00207868119597,48.83471912079729,50
3510,27752,19495,395.96116430237214,1.0,1.0,27.210682033733615,0.928869873607438,0.9319477653117528,0.8731796116504854,448.6790074602621,49.07676473683476,52.717843157889845,52
3505,27752,19495,483.3099408503372,1.0,1.0,29.34975127730469,0.9772160068846816,0.9798699015471167,0.9573317307692307,540.2769911760283,51.700575488536145,56.96705032569076,61
3518,27752,19495,354.1252021593297,0.9996603260869565,1.0,27.664236740859312,0.9243976955307264,0.9061367753623188,0.90263671875,394.2798973075415,37.732042722317345,40.154695148211545,45
3537,27912,19609,357.89351258882385,1.0,1.0,29.447751807609468,0.9448522939333124,0.9664456233421751,0.8840144230769231,404.32541623953904,45.6478554760727,46.43190365071513,48
3521,27912,19609,495.79083361932453,1.0,1.0,35.569313869969555,0.9409564607742947,0.9568761384335155,0.903125,552.4773522740354,51.279777982065994,56.68651865471064,63
3524,27912,19609,619.0782512798316,1.0,1.0,25.551792373814774,0.9430639309851123,0.9472782119840943,0.8941572473404256,707.8357245996084,88.88620997966578,88.75747331977716,81
3533,27912,19609,292.6123877544068,1.0,1.0,30.19828563271984,0.9718466418160736,0.9726397567978382,0.9598841292134831,328.13494987648266,33.783843183113646,35.522562122075755,38
3540,27912,19609,399.5416304208432,1.0,1.0,23.616903800341255,0.9860695687989722,0.989143627781524,0.9833572796934866,446.86401145260453,46.233571547641574,47.32238103176103,46
3532,27912,19609,427.99623235135255,1.0,1.0,33.17735243981329,0.9554643438386031,0.9598019356290795,0.9177971576227391,477.66346031782604,48.250841949709965,49.66722796647329,51
3531,27912,19609,562.9955703227204,1.0,1.0,6.504513968919166,0.9987078598721167,0.999927225092788,0.9977064220183486,652.9746926263257,88.46868345540739,89.97912230360495,78
3535,27912,19609,421.1634166213551,1.0,1.0,26.5869940257564,0.8667137651806318,0.9536497229583233,0.6849743150684932,471.71550203951057,47.32812812723296,50.5520854181553,52
3534,27912,19609,326.12520215932983,1.0,1.0,31.619822975830203,0.9307886489079797,0.9304211644946585,0.8887674825174825,366.75892012865216,40.70057695398353,40.63371796932233,43
3538,27912,19609,514.9342114352619,0.9999479166666667,1.0,21.94267443534038,0.9947600432504367,0.994306049822064,0.9924899193548387,584.0741432281025,66.20989768926032,69.13993179284022,60
3536,27912,19609,347.52407599983826,1.0,1.0,21.451693993092203,0.9835250794941741,0.9720166709194522,0.9845525568181818,389.5701709492345,40.56914242409415,42.0460949493961,46
3525,27912,19609,543.3362316888154,1.0,1.0,30.248106682958323,0.9312737327848756,0.9829866694330619,0.8639443277310924,613.6071704920221,70.90640820480958,70.27093880320638,67
3530,27912,19609,361.1809302493307,1.0,1.0,31.143826783390132,0.9611639211002174,0.982910278964564,0.9190173303834809,410.3976927560805,48.32514376012462,49.216762506749724,47
3539,27912,19609,294.3218236808551,1.0,1.0,34.58054374061685,0.9804350743014324,0.97943414170233,0.9729319852941176,335.1934059565822,40.307373413590405,40.87158227572692,38
3529,27912,19609,289.12834857237476,1.0,1.0,23.7047867968941,0.9915513352121439,0.982447392041488,0.9937623517786561,315.87943705614606,25.126632725656908,26.751088483771266,34
3528,27912,19609,545.9987167357652,1.0,1.0,27.30360511058801,0.9893141438803185,0.9907895999232467,0.9819158595641646,601.5547053273662,49.58398288740073,55.555988591600496,64
3527,27912,19609,1161.238562281173,1.0,1.0,-20.977721186813525,0.9109125847014801,0.9198147060742481,0.815234375,1335.144008666436,167.85816957789643,173.90544638526436,156
3522,27912,19609,276.8966590018687,1.0,1.0,34.36111550189103,0.9090988294846161,0.9107598164201938,0.8405711206896552,323.28777261490507,44.83667041955431,46.391113613036204,40
3523,27912,19609,485.5353375947534,1.0,1.0,5.301035135890864,0.9724835857933103,0.9586712414223332,0.967867231638418,585.4906171805849,109.43291937874666,99.95527958583114,61
3526,27912,19609,252.32811650694498,1.0,1.0,27.41751415812042,0.9343736664928168,0.9377208480565371,0.884765625,287.832743792654,33.75694092856351,35.50462728570899,37
3550,28072,19722,431.5854348872966,0.9998372395833334,1.0,29.70176428784094,0.9218995814657602,0.9210829493087558,0.8636670524691358,485.22745139454497,48.96302476087196,53.64201650724798,55
3552,28072,19722,378.811493660345,1.0,1.0,43.98832062092227,0.8921637905921647,0.9639552268961894,0.7683841170825336,423.3390145813727,42.791281381541275,44.52752092102751,50
3543,28072,19722,537.9724258972874,1.0,1.0,29.879213323868715,0.9841562123279505,0.9921199308091486,0.9708727728285078,596.4996887535846,53.29089428444544,58.52726285629696,66
3548,28072,19722,237.75328118593143,0.9999252392344498,1.0,28.932943545489284,0.9754167044116314,0.9937415426251691,0.949125,286.35583488507456,51.90383054871465,48.602553699143066,35
3541,28072,19722,260.9229498403468,1.0,1.0,28.158690402568602,0.9525657411530655,0.9383426363246028,0.9313975321888412,300.5078077524506,39.127286868155785,39.58485791210384,33
3544,28072,19722,366.55351325136104,1.0,1.0,28.88029117253712,0.9183240993693671,0.9052728106373223,0.8696011178861789,404.5833567232771,34.54476520787374,38.029843471915825,50
3556,28072,19722,1132.8090092759323,0.7443066801619433,0.0,-66.32723260385697,0.6392574242515512,0.6875756200846945,0.4726847627737226,1486.5670042423585,418.88699244963766,353.7579949664264,200
3546,28072,19722,387.5328532103407,1.0,1.0,32.78516357656229,0.9848636482385805,0.9799443617778353,0.9865404211956522,438.1945027750035,45.24247434699382,50.66164956466255,49
3547,28072,19722,544.5647748462764,1.0,1.0,22.45366029916167,0.9847858942065493,0.9839724940491933,0.9745673076923077,607.1621629553491,57.896082163608355,62.59738810907225,67
3545,28072,19722,379.0606968588263,1.0,1.0,23.476840824246096,0.9620629564730474,0.9526809559679518,0.9503968253968254,418.2739481023851,34.06987686533781,39.213251243558545,46
3551,28072,19722,223.89980541491366,1.0,1.0,26.71241877927368,0.9751166511131849,0.9730470130788265,0.9670698924731183,257.654161467105,32.63153407828693,33.75435605219129,27
3558,28072,19722,402.44454145577214,1.0,1.0,24.33800306484591,0.9932700509829594,0.9891979666760802,0.9937263257575758,451.2063509624655,45.392714260039604,48.761809506693055,47
3549,28072,19722,386.79398003236946,1.0,1.0,32.765871585609474,0.9866885976377288,0.9860897396442421,0.9819208115183246,432.8890120496036,40.64254802585083,46.09503201723389,51
3553,28072,19722,362.50093157440523,1.0,1.0,29.7032807185083,0.9685596970703068,0.9652903285601743,0.9547413793103449,407.83486850386726,44.75090539419296,45.333936929461956,47
3542,28072,19722,405.0105995662832,0.9997586872586872,1.0,27.743331268610355,0.9765731637148628,0.9742165165327148,0.966626213592233,459.1826222828792,51.25803407489395,54.17202271659597,52
3557,28072,19722,477.91106700982886,1.0,1.0,26.04379186666546,0.9327114281328205,0.9681836670131514,0.8426942567567568,546.0382823914172,66.94082307238199,68.12721538158799,57
3555,28072,19722,393.41261981983644,1.0,1.0,38.723771890676524,0.9334741323510767,0.8960818543303268,0.9327161343612335,445.48997749111135,48.11603650691191,52.077357671274605,52
3554,28072,19722,430.7551035417119,1.0,1.0,19.17607439427121,0.995890126411996,0.9985380116959064,0.9935362377850163,506.96626259488653,77.56673857976139,76.21115905317426,57
3559,28072,19722,289.38632898135864,1.0,1.0,22.48506907344291,0.9304090659268759,0.9200296186597556,0.8948286802030457,329.16900063136495,39.42400747500947,39.78267165000631,37
3560,28072,19722,387.0519604413535,1.0,1.0,26.09010049404652,0.9954451656143072,0.9974545954870666,0.9986022364217252,435.23369532106216,43.022602319562736,48.18173487970848,49
3561,28232,19834,401.84970812237043,1.0,1.0,25.12571761995632,0.9468282128155056,0.9879248011569053,0.8761126160990712,455.13564582263433,50.678906550395666,53.28593770026377,50
3569,28232,19834,303.74698835984174,1.0,1.0,23.898715802158318,0.9946287882449611,0.9964057507987221,0.9908536585365854,351.5637110364346,49.97508401488926,47.81672267659282,39
3562,28232,19834,354.18656104678826,1.0,1.0,29.611891797511305,0.9667122577874456,0.9622901983579162,0.9626966059602649,400.3676460785287,42.27162754761045,46.18108503174032,46
3580,28232,19834,489.7582499547568,1.0,1.0,31.932598730780274,0.9638400269821503,0.9700168918918919,0.9337815504807693,539.5090164365482,48.37614972268668,49.750766481791125,59
3576,28232,19834,347.016892392373,0.9999329399141631,1.0,26.992343088211246,0.9354624022354278,0.9351266677469886,0.8932403433476395,392.2722292982974,43.13300535888666,45.25533690592443,46
3567,28232,19834,235.3186772678104,0.99967277486911,1.0,26.087388028456207,0.9801636861265378,0.9869169510807736,0.9589332460732984,268.3503128350233,33.797453350819346,33.03163556721289,28
3574,28232,19834,393.2685799752671,1.0,1.0,33.18948901367255,0.9394071697028572,0.9486515641855447,0.8947514836795252,438.5810583618843,44.718717579925624,45.31247838661707,50
3566,28232,19834,1573.8032963344192,0.9966397849462365,0.0,-79.14744102817902,0.9269245899396242,0.9645132937815865,0.8431899641577061,1800.800842257315,220.4963188843463,226.99754592289793,200
3578,28232,19834,339.49778516136035,1.0,1.0,26.129182915526773,0.962978169437212,0.953507928880346,0.9462448559670782,392.80291593221676,54.45769615628454,53.30513077085633,47
3577,28232,19834,428.27172638831195,1.0,1.0,32.417998121613266,0.9028830055900797,0.8983235020180068,0.8284711234177216,496.09437844128485,66.48397807945881,67.82265205297253,63
3575,28232,19834,408.04003681780597,1.0,1.0,29.012540064624677,0.9650434094647208,0.9503783721333257,0.9600749211356467,453.9349357401987,43.342348383588686,45.89489892239246,50
3564,28232,19834,505.75824995475676,0.9999547101449275,1.0,32.87214683522655,0.9080317966158127,0.9763870848023752,0.8009523266423357,573.1577848299237,64.34930231274986,67.39953487516654,67
3571,28232,19834,324.8966590018688,1.0,1.0,35.16724706839999,0.9069398981815842,0.9145185939887926,0.8366791930379747,357.6231540023745,29.589742500758582,32.72649500050571,43
3565,28232,19834,484.1539773822204,1.0,1.0,15.811980251643556,0.9708038447290948,0.9718684880759435,0.9533163265306123,550.8925791995098,65.60790272593364,66.73860181728904,59
3568,28232,19834,364.245435549834,1.0,1.0,27.574356423962318,0.9637771232469533,0.9472974890055327,0.9552238805970149,414.04617850692557,46.95111443563716,49.80074295709143,46
3570,28232,19834,584.494679541345,1.0,1.0,39.781676957904814,0.9617787522902713,0.9824271983933438,0.922802734375,647.861024157394,52.299516924072684,63.36634461604845,75
3572,28232,19834,409.33374730440255,1.0,1.0,35.51732553073163,0.936345943231045,0.9106886999713439,0.9206816825775657,452.57754247603594,38.615692757449864,43.24379517163323,55
3579,28232,19834,411.2748728013569,0.9998649135446686,1.0,39.52475359141879,0.9726250967459702,0.9709782482261254,0.9599241631799164,447.2702341502024,31.493042023268174,35.99536134884544,55
3573,28232,19834,340.24543554983404,1.0,1.0,20.84788039629441,0.9884159285557427,0.9909046214355949,0.9809546019900498,383.0203601109024,40.1623868416023,42.7749245610682,39
3563,28232,19834,471.82590166830505,0.9999457465277778,1.0,31.945493265364988,0.9742061861318869,0.9612317235268055,0.973875,534.0305903348054,60.30703299975002,62.20468866649999,62
3599,28392,19947,354.0463296438958,1.0,1.0,34.09026941114325,0.9858620281043267,0.9818937186085447,0.9838230298913043,395.5690778088049,39.03412224736335,41.522748164908876,49
3598,28392,19947,514.391959778816,1.0,1.0,28.39114185139261,0.9581069735685842,0.9654525627044711,0.9217980295566502,575.3828142486861,56.98628170480467,60.99085446986977,65
3600,28392,19947,1282.4445414557722,0.9993489583333334,0.0,-60.57205931953006,0.8967924552800488,0.894862995042763,0.8258370535714286,1504.391225241515,255.67002567861263,221.94668378574227,200
3589,28392,19947,486.21285188526616,1.0,1.0,29.760455735677617,0.9923875961097814,0.9979624291819899,0.9909806910569106,535.7102824227068,44.996145806160506,49.497430537440316,61
3586,28392,19947,254.0375524333934,1.0,1.0,30.122873337907308,0.8852175522690517,0.933789008561171,0.7659920302013423,291.08424594832195,35.320040272392916,37.0466935149286,35
3581,28392,19947,389.36003814288057,1.0,1.0,39.692655949650074,0.9774650814347533,0.9802500452980613,0.9664868551587301,433.90446738624405,38.31664386504511,44.544429243363396,50
3587,28392,19947,488.8139780447576,1.0,1.0,22.812578670713776,0.9722058314851364,0.9832301681373194,0.9278160646387833,551.7700857847086,57.68416160992594,62.956107739950625,61
3597,28392,19947,378.3218236808552,1.0,1.0,36.42736928213728,0.9825627563100776,0.9814239671842954,0.9740984107579462,424.7733843890295,44.927341062261185,46.45156070817409,57
3595,28392,19947,265.3512609323781,1.0,1.0,35.98617837942496,0.9733809318757436,0.9585377326792555,0.9782698675496688,297.94501689694266,30.14063394684672,32.59375596456446,37
3583,28392,19947,431.5328532103407,1.0,1.0,32.12700173346867,0.944206054056345,0.9908824930257876,0.8918367346938776,503.0316935548238,67.4982605167245,71.498840344483,65
3592,28392,19947,1465.8684228705251,1.0,1.0,-43.9731379597317,0.9959661724638194,0.9949858978376684,0.9941030649038461,1695.47441380732,248.40898640519322,229.60599093679565,198
3593,28392,19947,473.5654368749084,0.9999455574912892,1.0,27.717494262940583,0.9590565486811796,0.9421669481549722,0.9597138554216867,522.2916530832734,43.839324312546765,48.72621620836449,62
3594,28392,19947,505.8321944943948,1.0,1.0,32.32586135698353,0.9710620265288944,0.9644962044415106,0.9622485632183908,555.1849176431022,41.77908472306058,49.35272314870703,64
3591,28392,19947,354.1514929978078,1.0,1.0,30.929715868428893,0.9956541901291818,0.9950878808811113,0.998046875,389.9549357825571,33.45516417712382,35.8034427847492,47
3584,28392,19947,502.6499401878,0.9999136740331491,1.0,37.267902380439345,0.9673983878259133,0.9726468886868854,0.946257560483871,560.0363283645835,50.82958226517462,57.38638817678306,65
3590,28392,19947,700.5472612183014,1.0,1.0,19.06571194612973,0.9507725681230019,0.9444521306032098,0.9189369658119658,801.4858991845056,97.40795694930594,100.93863796620397,97
3585,28392,19947,436.4508342818619,1.0,1.0,32.64822340895044,0.9387409150399599,0.9739563200618477,0.8763361045130641,488.68589126324446,46.85258547207355,52.23505698138234,56
3596,28392,19947,612.1189501262697,1.0,1.0,24.43244644993699,0.9570069957123053,0.9784133837021047,0.900094696969697,696.6029626074599,80.97601872178471,84.48401248118985,78
3582,28392,19947,1239.874797282674,1.0,1.0,-17.35634999595564,0.9348883141004469,0.970250379658113,0.846940445026178,1365.6476747740003,118.15931623698943,125.77287749132644,150
3588,28392,19947,354.30431005287977,0.9999447879858657,1.0,36.67855147362051,0.9810262994978561,0.9817118953126676,0.9760833333333333,396.69220351884627,39.581840198949536,42.38789346596633,45
3615,28552,20060,404.245435549834,0.999768175074184,1.0,38.154026644742736,0.9048729670056286,0.9017959495605655,0.8478477328431373,468.4666498131485,61.831821394971385,64.22121426331425,56
3603,28552,20060,490.5973585108441,1.0,1.0,23.707957894912234,0.9856052587140699,0.9877876708996254,0.9790162454873647,550.0326117459203,54.652879852614106,59.43525323507605,62
3619,28552,20060,383.13083295678734,1.0,1.0,24.403530037057212,0.9607005298856418,0.9793880048959608,0.8925523127753304,427.067792955472,40.40543999802641,43.93695999868429,44
3614,28552,20060,360.4771251203399,0.99981689453125,1.0,29.025177179628844,0.9191019744819166,0.9323925965302277,0.8264292635658915,399.99883738400297,36.03256839549434,39.52171226366289,46
3608,28552,20060,436.40702981540846,1.0,1.0,35.25630097387148,0.9892346573906282,0.9841178721775736,0.9900891012396694,497.9567224825721,60.074539000745226,61.54969266716346,58
3602,28552,20060,625.3387160732283,1.0,1.0,22.149093519769846,0.9971324449807385,0.999430965806218,0.9932767427884616,698.929146264328,69.13564528664895,73.5904301910993,85
3604,28552,20060,292.64745580338734,0.9997859589041096,1.0,37.23086352203125,0.9777745646830396,0.9836119738320227,0.9660876396648045,333.58890880879034,37.412179508104245,40.94145300540281,43
3610,28552,20060,481.21599829831115,1.0,1.0,25.34831578605773,0.9123162156403154,0.9163642362256681,0.8418835324232082,545.3998919392053,61.025840461341076,64.18389364089406,61
3620,28552,20060,384.7613963678017,1.0,1.0,28.767418929895967,0.9473598203286712,0.9705065049892636,0.8932364206128134,432.9360171216647,46.01193113079413,48.17462075386274,46
3601,28552,20060,285.0932805233942,1.0,1.0,31.999004972243217,0.8604804844996905,0.8682163691002298,0.7367311507936508,313.9276623795925,25.25157278429736,28.83438185619823,37
3605,28552,20060,385.268579975267,1.0,1.0,30.135770606883646,0.9053743647522287,0.8939890159721873,0.8560753105590062,432.78694770921663,45.777551600924085,47.51836773394938,51
3611,28552,20060,303.069474069329,1.0,1.0,33.50733531564102,0.9909554576509884,0.9922309337134712,0.9872438524590164,347.04836398200155,41.96833486900876,43.9788899126725,41
3617,28552,20060,332.2191447113561,1.0,1.0,32.40046794097458,0.9798597494100835,0.9899057873485868,0.9734623015873016,373.8687039121486,38.474338801188814,41.64955920079253,40
3607,28552,20060,340.3806981839009,1.0,1.0,28.460226582170968,0.9659753897107741,0.967858253030774,0.94654281496063,385.30321339494185,44.13377281656139,44.92251521104092,50
3616,28552,20060,319.0694740693289,1.0,1.0,25.7115957583946,0.9780716924985862,0.9887550200803212,0.9615384615384616,361.3620291560091,40.938832630020066,42.29255508668003,42
3613,28552,20060,455.0256696028754,1.0,1.0,34.99723331121699,0.9450194481875436,0.9419611990076057,0.9103377139364304,520.6678334721414,62.463245803898516,65.64216386926567,60
3609,28552,20060,305.6618230183179,1.0,1.0,27.13150889580885,0.9655234825057659,0.982968570018101,0.9349956445993032,342.3309750864132,34.75372810214296,36.66915206809529,39
3612,28552,20060,525.465242289822,1.0,1.0,29.25053841930085,0.952225044080299,0.9520926236550341,0.932612885462555,592.7361388395738,58.90634482462662,67.27089654975107,65
3606,28552,20060,426.8202708708476,1.0,1.0,38.48188786682754,0.9318002018714023,0.9622269203664553,0.8681851669941061,474.9428625178563,42.933887470512836,48.12259164700858,54
3618,28552,20060,344.94924067882476,1.0,1.0,28.873209007340087,0.9196843800908272,0.892441488681417,0.8870398116438356,387.47497330191334,45.03859893463279,42.525732623088494,44
3635,28712,20172,391.06947406932886,1.0,1.0,34.948640595291025,0.9837749786911639,0.9802272299290691,0.9860260953608248,435.41370918502093,41.766352673537796,44.344235115691866,51
3632,28712,20172,341.5917277133865,1.0,1.0,36.06241310257547,0.943509847999881,0.9648429584599797,0.8952916666666667,380.21627552008283,36.18682171004427,38.624547806696164,46
3626,28712,20172,489.90228979932624,1.0,1.0,28.257950738768862,0.9339477508773173,0.9285783694490332,0.8999779929577465,551.6724062442144,61.905174667331735,61.77011644488781,64
3623,28712,20172,394.36566894033814,1.0,1.0,26.76682122908551,0.9852230784741766,0.9865183438927361,0.9778645833333334,444.2969506572126,46.396922575311315,49.9312817168742,52
3639,28712,20172,408.10520414694156,0.999753937007874,1.0,30.209941734792455,0.8964054799811342,0.9117413199045852,0.7961546985815603,454.1146664368694,41.264193434891574,46.00946228992769,57
3629,28712,20172,1477.2834862817447,0.9996437296416938,0.0,-63.16142191762859,0.8918478031280362,0.8637783136340278,0.8576995012468828,1717.5150242304437,247.84730692304996,240.23153794870015,200
3633,28712,20172,381.15463941085267,1.0,1.0,32.12925271544346,0.8769324864044331,0.9001034304430271,0.757717803030303,445.79751526258235,67.71431377759431,64.64287585172951,55
3630,28712,20172,355.8171244578026,1.0,1.0,24.506821630760065,0.9592041420739775,0.9599737532808399,0.9253970286885246,407.1325158433229,49.22308707828016,51.31539138552011,47
3637,28712,20172,396.44205707135944,1.0,1.0,31.02926850524031,0.9546741774223918,0.9755739644970414,0.9018790192926045,442.52772972260664,43.62850897687078,46.085672651247165,52
3625,28712,20172,464.04881402830847,1.0,1.0,27.866451685705677,0.936896162192693,0.9492595085829687,0.8836538461538461,513.9681433512899,44.12899398447151,49.919329322981,58
3640,28712,20172,251.1258641879619,0.9998798076923077,1.0,36.448188299675905,0.893701491013072,0.8994140625,0.8337552374301676,281.8563730116373,29.595763235513047,30.730508823675358,39
3631,28712,20172,436.90543621237117,1.0,1.0,29.711222852831064,0.9315871789556991,0.9585273653645976,0.8768601190476191,488.7350975805096,48.494492052207114,51.829661368138076,60
3621,28712,20172,367.9874551408501,1.0,1.0,29.999898367517684,0.9555016607792481,0.9654699917785695,0.9200367647058824,416.7849035390719,43.94617259733249,48.79744839822165,51
3628,28712,20172,418.35689172983575,0.9998349471830986,1.0,30.80639024883519,0.9457839215348748,0.9737024862262141,0.8771727071005917,476.3777560186369,54.0312964332015,58.02086428880101,55
3638,28712,20172,323.4977851613602,1.0,1.0,30.591840613354453,0.9309263580908788,0.9492653522541755,0.8661258710801394,365.066312766974,38.35279140842051,41.568527605613674,40
3634,28712,20172,247.49778516136035,1.0,1.0,22.818847192442483,0.8945988820999664,0.9120345862008117,0.8096798780487805,281.1259339531783,33.94222318772694,33.62814879181796,30
3636,28712,20172,343.06069685882653,1.0,1.0,29.870333215910765,0.9728812543864154,0.9730340988169798,0.9684103260869565,373.54875370671823,29.982085271837597,30.48805684789173,45
3627,28712,20172,566.9605022737401,1.0,1.0,31.888609093724952,0.9828860781129818,0.9972468149427769,0.964195222007722,636.1470338552397,64.02979737224906,69.18653158149938,72
3622,28712,20172,285.8058628628874,1.0,1.0,32.38139242394592,0.9522410644647553,0.9688172744471264,0.8987989323843416,328.20762573299425,41.85264430516026,42.40176287010683,39
3624,28712,20172,410.10768853135426,1.0,1.0,29.660860690869193,0.9606459334776831,0.9652955720386603,0.922147212543554,450.75631410738333,36.22293836404328,40.64862557602883,53
3648,28872,20285,455.1308329567873,1.0,1.0,28.40807881318502,0.9100449345673928,0.8873730043541365,0.8685834639498433,518.1046693116206,61.4607545322493,62.97383635483287,57
3649,28872,20285,201.85844453984342,1.0,1.0,20.46411190904086,0.9824510250569476,0.9807825885621672,0.9850961538461539,234.61923655212038,31.891188018415523,32.760792012277015,25
3642,28872,20285,285.9198034273019,1.0,1.0,26.45505977790946,0.9540195523108229,0.9608559498956158,0.9037990196078431,318.2422022631261,30.483598253736204,32.32239883582413,32
3645,28872,20285,411.30994085033734,0.9999410377358491,1.0,27.125599254099114,0.9619733537796192,0.9815551328606836,0.9216687293729373,463.425498386027,49.67333630353427,52.1155575356895,52
3654,28872,20285,456.65623301388985,0.9998621323529412,1.0,34.97331598957822,0.9766944853542792,0.9775781769793745,0.9727120535714285,516.5811635215873,55.387395761545825,59.924930507697205,60
3641,28872,20285,305.1809302493307,1.0,1.0,28.544724930797383,0.9871006767620889,0.976600081532817,0.9885752688172043,338.9172062685323,31.854414028802367,33.736276019201554,37
3657,28872,20285,401.626795762367,1.0,1.0,28.981886900527485,0.9569960695117817,0.9734344398131873,0.9200427524429967,456.4953528173668,53.80283558249922,54.868557054999464,52
3656,28872,20285,297.556659664406,1.0,1.0,34.788122904134326,0.9606547717360738,0.9507143302763741,0.9463229495268138,328.51383224352844,27.685758868683504,30.95717257912232,38
3652,28872,20285,399.6768930549102,1.0,1.0,33.823508411844394,0.9009390074330935,0.8758996728462377,0.8651590616966581,445.9975221846835,44.73094369465965,46.320629129773096,54
3646,28872,20285,431.71196110389064,1.0,1.0,32.9773791080002,0.928548627367525,0.9784407665505227,0.8564493312757202,483.6149510461907,47.854484913449646,51.90298994229976,54
3655,28872,20285,418.18656104678814,1.0,1.0,27.007837994941852,0.9340796070145956,0.9140744086264325,0.9065726401179941,469.7159340164142,50.294059454438745,51.52937296962583,53
3650,28872,20285,392.51219316932037,1.0,1.0,24.825190084320976,0.9228974563138382,0.9448214117425313,0.8220486111111112,463.0273173605419,72.7726862868316,70.51512419122105,51
3659,28872,20286,319.21351391389845,1.0,1.0,23.552464045559695,0.9743336897329218,0.9697060363527564,0.9656808035714286,370.28113269039966,52.60142816475182,51.0676187765012,41
3644,28872,20286,334.51844520238063,1.0,1.0,29.643522649143875,0.9613561810174529,0.9792098594793827,0.911154197080292,387.98075761369785,56.94346861697569,53.46231241131709,45
3653,28872,20286,466.623649349322,1.0,1.0,23.723824986584592,0.967893587814035,0.9586170462549894,0.951751893939394,520.0537524727112,49.395154685083135,53.43010312338874,56
3647,28872,20286,358.76768919389156,1.0,1.0,37.38176333556768,0.9526685451456511,0.9582764005465547,0.9225660319410319,406.44966017930426,42.27295647811861,47.6819709854124,46
3660,28872,20286,415.89980541491354,1.0,1.0,34.327925156966394,0.9223174977499007,0.9350194941517544,0.8594501201923077,463.86609555305404,44.94943520721048,47.966290138140316,56
3643,28872,20286,307.9348734638942,1.0,1.0,24.03715641358531,0.973095519004326,0.9768958956238109,0.948671875,345.32318512457056,35.08246749101444,37.38831166067627,38
3658,28872,20286,467.2836500118594,1.0,1.0,42.5043952858215,0.9329263418195772,0.929377491567004,0.8866550116550117,520.9151928462107,48.94731425152685,53.631542834351215,59
3651,28872,20286,455.3099408503373,1.0,1.0,27.436581015245974,0.9623020575853002,0.9753473536249121,0.9272547468354431,510.67321214316144,51.54490693923579,55.36327129282385,57
3679,29032,20399,317.41261981983655,1.0,1.0,25.649165764951697,0.9376055438856625,0.9704263128176172,0.8459362139917695,361.74312324464387,40.245755137210715,44.33050342480714,41
3667,29032,20399,315.4714943228823,1.0,1.0,29.7454147212976,0.9846377881696612,0.9845679012345679,0.9809553872053872,355.68482252375463,37.819992301308375,40.21332820087223,41
3673,29032,20399,254.9555335049145,1.0,1.0,31.319259682272605,0.9398182658828637,0.9480638860163162,0.8777311991869918,298.03201540621916,46.61472285195693,43.07648190130461,37
3668,29032,20399,423.9786779303475,1.0,1.0,41.66560936707347,0.8960504201680671,0.9316004508312201,0.7927947874493927,473.77582948166344,49.94572732697357,49.797151551315686,59
3676,29032,20399,386.2128518852662,1.0,1.0,23.570512272801295,0.96372179398645,0.9840378197997776,0.9128654233870968,436.5866320222761,47.81067020551458,50.37378013700973,46
3669,29032,20399,365.6793774393229,1.0,1.0,30.060528814072114,0.913781611133865,0.9195221106778395,0.8397659362549801,412.95917768452364,43.16970036780061,47.2798002452004,44
3678,29032,20399,310.1514929978078,1.0,1.0,34.974750184899044,0.9212205785146329,0.9655332542180486,0.8115837191358025,355.1294060738731,43.46686961409794,44.97791307606528,38
3677,29032,20399,316.9580178893273,1.0,1.0,23.49155226523138,0.9849843045362101,0.9890463917525774,0.9693980414746544,363.63311472403984,44.51264525206875,46.67509683471249,40
3680,29032,20399,207.48900795085777,1.0,1.0,28.525814300793513,0.9743938584130994,0.992003046458492,0.9527793141592921,232.07295828407806,24.1259254998304,24.583950333220265,26
3670,29032,20399,401.65308660084503,1.0,1.0,21.779492559342522,0.9884913450771271,0.9861264899368202,0.983739837398374,442.1499306634228,35.995266093866604,40.49684406257772,46
3663,29032,20399,387.27487280135676,1.0,1.0,31.75188510596568,0.9605527369509167,0.9728501302951337,0.9363410027472527,428.02054282067814,37.11850502898177,40.74567001932118,49
3671,29032,20399,354.02003880541787,0.9999401340996169,1.0,34.07790214991904,0.9294237930136836,0.9504164570406395,0.8792279411764706,400.36075011742435,43.261066968009644,46.340711312006405,47
3672,29032,20399,305.58295050288405,1.0,1.0,29.877457668314566,0.8958789339121158,0.896710935878813,0.8053739539748954,350.52358827470886,47.910956657737245,44.94063777182482,41
3674,29032,20399,474.37444615084064,0.9999548410404624,1.0,34.05459528329057,0.9795387112109241,0.9734071745746645,0.9745663546255506,525.3642870802544,45.73476139412012,50.989840929413404,57
3675,29032,20399,358.55351325136115,0.9998070987654321,1.0,26.94637107773542,0.9569799859470975,0.9569091203628706,0.9295355058365758,401.2968963046204,39.365074579888805,42.743383053259194,43
3666,29032,20399,392.87914537389315,1.0,1.0,42.563536666080225,0.893964714624311,0.907440896984842,0.7896513819095478,447.63101076207147,51.37779808226695,54.75186538817795,57
3662,29032,20399,348.95801788932715,1.0,1.0,23.712641757607006,0.9709691669762351,0.9628676955546762,0.9808091286307054,395.7693654266751,44.71702130602156,46.8113475373477,43
3664,29032,20399,1043.2447735212024,1.0,1.0,-35.00320136680734,0.9977116449365957,0.9946533923303835,0.9989837398373984,1327.50040896569,319.8834531667344,284.2556354444902,176
3661,29032,20399,1294.2265978645958,0.994208916083916,0.0,-63.73854236019028,0.8955013511842734,0.8907218907218907,0.836108934169279,1641.1683990533688,383.91270178315926,346.94180118877307,200
3665,29032,20399,282.29553284237727,1.0,1.0,23.871882380478514,0.986725608617147,0.9799754083962762,0.9919331395348837,315.75641094460184,30.691317153336783,33.46087810222452,34
3694,29192,20512,297.3249700939001,0.9998719262295082,1.0,31.392185384310746,0.9704214901975705,0.9621141253507951,0.9594846491228071,334.92703643167334,35.403099506659714,37.602066337773145,39
3700,29192,20512,326.785202821867,1.0,1.0,29.187596195478452,0.9881635647683793,0.9870120945574491,0.9888237847222222,364.42229571105435,33.95563933378081,37.637092889187194,40
3686,29192,20512,370.2429511654211,1.0,1.0,38.25326470028368,0.9809219782525687,0.9870048207922867,0.970670871559633,406.6934060857838,34.42568238054359,36.45045492036239,48
3682,29192,20512,350.5798040898391,1.0,1.0,30.066499009498106,0.9267558048733846,0.9570692615912993,0.8306210063897763,398.0306842351269,45.67632021793175,47.45088014528781,45
3684,29192,20512,293.53036882592806,0.9999405893536122,1.0,34.69106341391519,0.893399872716266,0.9517019319227231,0.7323667711598746,336.3349027967119,43.20680095617563,42.80453397078372,40
3685,29192,20512,421.42139703033905,1.0,1.0,28.789270259296188,0.9309761307628974,0.9455665130700659,0.8583537581699346,475.11220746416444,51.28621565073779,53.690810433825185,53
3697,29192,20512,339.016892392373,1.0,1.0,29.950640385753633,0.8975022137277422,0.8923235445646573,0.8250834923664122,382.0758235053612,39.83839666948209,43.058931112988056,45
3687,29192,20512,319.70318389338826,1.0,1.0,32.34102789696001,0.9282408519497158,0.9366856303908974,0.8659747292418772,363.69299364864,41.98471463287743,43.9898097552516,42
3688,29192,20512,371.4276898564288,0.9999479166666667,1.0,36.37243899221344,0.8761812572235154,0.9251403135281595,0.7388059701492538,412.518147737488,38.38568682158858,41.09045788105904,48
3693,29192,20512,281.06698968491617,0.999932650862069,1.0,27.767592910972574,0.9896197866477322,0.9909292268748022,0.9825634057971014,311.4419095534712,28.312379802832364,30.374919868554908,36
3689,29192,20512,402.0901341103492,1.0,1.0,36.63350224848014,0.8871432958780154,0.9357194753546709,0.7537808641975309,442.74258079851137,39.22867003224289,40.65244668816191,51
3699,29192,20512,281.63553217984,1.0,1.0,28.220326621663762,0.9156361788415357,0.90572848857853,0.8717558262711864,314.48730566628296,30.52766022966441,32.85177348644292,33
3690,29192,20512,222.26924200389936,1.0,1.0,26.853318158983406,0.99318005198703,0.9976783452933727,0.9946384803921569,246.18484494013646,21.62340440435571,23.915602936237136,28
3695,29192,20512,305.90228979932635,1.0,1.0,29.15879971796777,0.9365388486312399,0.9244232832618026,0.9014945652173914,340.7040045125157,33.45257206978391,34.80171471318927,38
3698,29192,20512,562.7589119833889,1.0,1.0,17.840186913253614,0.9124757995818168,0.9159943046986236,0.8374431818181818,636.1578351943941,74.84838481650709,73.39892321100471,78
3696,29192,20512,338.0463296438958,1.0,1.0,32.900053421911885,0.9498445882913674,0.9652227279701324,0.9069400630914827,380.89213105586134,41.01870211794824,42.845801411965475,44
3692,29192,20512,456.28050359881445,1.0,1.0,28.493256712306415,0.9220059249793062,0.9302389561389719,0.8342461340206185,514.8357790547104,51.83291318384348,58.55527545589565,55
3691,29192,20512,480.192853872878,1.0,1.0,32.38606433217245,0.9195597600781854,0.9402661714639431,0.7999894425675675,548.2178093949183,63.78743328306011,68.02495552204006,66
3683,29192,20512,214.0112615949153,1.0,1.0,24.49241273331719,0.9817527236903106,0.9886279585798816,0.9587461890243902,245.70459110563462,30.28999426607883,31.693329510719206,27
3681,29192,20512,369.3512609323781,1.0,1.0,31.349482607601193,0.9226604160562557,0.9286446886446886,0.8568709935897436,411.81974666547745,38.20272859964909,42.46848573309938,49
3714,29352,20624,266.50093157440523,1.0,1.0,23.62505597619753,0.9896709411275623,0.9806401400914486,0.9914573598130841,300.491016638904,32.23512759674812,33.990085064498736,32
3720,29352,20624,354.75891198338905,1.0,1.0,30.84488073512693,0.9372569018622179,0.9568780997128687,0.8675595238095238,397.18857146377565,37.39448922057963,42.429659480386405,47
3708,29352,20624,388.3243080652679,1.0,1.0,25.75749020946482,0.9660469816061735,0.9480626545754328,0.9640515734265734,431.416094713079,38.387679971716345,43.0917866478109,47
3706,29352,20624,329.0494760569407,1.0,1.0,29.03832072284896,0.9324899498256803,0.9446750329605937,0.8569204980842912,375.503802627965,44.931489856536345,46.45432657102421,46
3704,29352,20624,436.6562330138899,1.0,1.0,33.84505736122011,0.9474338423083194,0.9390218303946264,0.9264861995753716,481.7211570591881,38.34738606794697,45.06492404529798,54
3711,29352,20624,360.44205707135933,1.0,1.0,39.90851641475185,0.974411470720022,0.9787553400300196,0.9586358921161826,406.6981115575189,41.63408172923897,46.25605448615932,48
3719,29352,20624,437.1809302493305,1.0,1.0,35.0108331416053,0.9726487015230127,0.9685601368489353,0.9627757352941176,486.41627489560534,46.10301696941194,49.23534464627465,57
3715,29352,20624,354.3043100528797,1.0,1.0,24.47889581804388,0.9843183568677792,0.9855117619566911,0.9767992424242424,404.03009529839477,52.088677868272356,49.72578524551487,42
3709,29352,20624,386.0463296438958,0.9999445921985816,1.0,33.9953031119245,0.8601792893697096,0.8825422365245374,0.7192556634304207,446.65773601565974,59.41710955764556,60.61140637176368,56
3701,29352,20624,453.8847761713508,1.0,1.0,27.00450954261853,0.9481029514659525,0.9708297111948228,0.8890625,516.1601879632649,57.41311768787068,62.27541179191378,56
3718,29352,20624,301.83215370136537,1.0,1.0,29.068357658453834,0.9867512346563971,0.9932351490381227,0.9835648148148148,341.7006000453839,38.05266951602759,39.868446344018395,40
3713,29352,20625,243.69440668288573,1.0,1.0,31.38953820997155,0.9658248966353377,0.9669847039224595,0.9517045454545454,287.77240541464863,43.6169980976445,44.07799873176299,37
3712,29352,20625,656.3243488582979,1.0,1.0,18.665420717766818,0.8311508900505171,0.9448202207191171,0.6034593621399177,739.5876943221828,72.39501819582719,83.26334546388482,81
3705,29352,20625,355.72947473186616,1.0,1.0,24.611136391026363,0.9805552469086811,0.9703232206332149,0.9781464776632303,398.9932035500298,41.64559322724523,43.26372881816347,45
3717,29352,20625,462.76768919389144,1.0,1.0,27.807371927698114,0.9717399140857341,0.9714780600461894,0.9580634715025906,518.5296259310237,53.64290510569804,55.76193673713201,62
3716,29352,20625,1132.6825238523684,0.9956424302788844,0.0,-60.18996063482531,0.8597924333331971,0.878615946701053,0.7112176294820717,1505.5987508023682,424.3743404249978,372.9162269499994,200
3703,29352,20625,594.5798448828689,1.0,1.0,26.6159320220866,0.9613029749250984,0.970401206240986,0.9140625,656.8078179691951,55.09195962948897,62.22797308632596,72
3710,29352,20625,318.5009315744052,1.0,1.0,29.085606299680954,0.9387340219800954,0.9082960553070354,0.928125,370.06804888252407,50.3506759621782,51.56711730811877,44
3702,29352,20625,397.1546394108525,1.0,1.0,36.77382312235396,0.9033346912646221,0.9369854080052172,0.7852667095115681,441.8696068165302,42.32245110851621,44.71496740567746,54
3707,29352,20625,387.75576557034407,1.0,1.0,31.49278532021828,0.9594359759726399,0.9878730234217097,0.9133917297979798,430.8379122958623,38.37322008827711,43.08214672551805,50
3725,29512,20737,303.5503668383162,1.0,1.0,32.97806433517961,0.9613134780864058,0.9595362752430815,0.9583918539325843,346.26378612099734,40.07012892402139,42.71341928268092,40
3736,29512,20737,320.87036816339076,1.0,1.0,37.96887286106472,0.8903603237556228,0.8858304533441757,0.8222962382445141,360.75832841651305,36.58194037968312,39.88796025312207,48
3724,29512,20737,358.17778383628576,1.0,1.0,32.101197294710865,0.9479212665390969,0.9703456402199528,0.8924758953168044,401.060502639465,38.82407820476879,42.882718803179195,44
3740,29512,20737,1219.848384065108,0.9251512096774194,0.0,-47.80532010288857,0.9595081758150155,0.9592563995961276,0.9879786036036036,1532.3888945494418,346.56076572650386,312.5405104843362,200
3729,29512,20737,342.3744053578112,1.0,1.0,29.793461766933493,0.9069573972474168,0.8684872628158088,0.8851590106007067,382.5433420516447,35.503405040750295,40.168936693833516,45
3730,29512,20737,396.2191447113559,1.0,1.0,36.11365762802995,0.9809893471307758,0.987243764676017,0.9710899758454107,448.0482134353917,49.993603086053255,51.82906872403548,54
3728,29512,20737,299.5240759998383,1.0,1.0,37.36990025908704,0.9408047669228862,0.929655612244898,0.9082532051282052,342.4079958546073,44.07587978215335,42.883919854768884,43
3735,29512,20737,387.0168923923729,0.9998046875,1.0,38.363914314898814,0.9704306657253208,0.963882618510158,0.9666691004672897,436.166408380974,45.224273982901195,49.14951598860081,51
3737,29512,20737,290.3568917298358,1.0,1.0,26.405099759334256,0.9669150833314988,0.9714626391096979,0.9521644467213115,330.3569277216197,40.50005398767579,40.00003599178386,36
3738,29512,20737,1302.5646111161611,1.0,1.0,-24.185855224340596,0.9159958856668335,0.9222185636410201,0.8500330687830688,1500.9358822991264,207.55690677444886,198.3712711829659,160
3733,29512,20737,336.8966590018688,1.0,1.0,35.07498991535297,0.9375874475314813,0.9261546723952739,0.9123068820224719,391.4755884511267,54.118394173886756,54.578929449257814,44
3726,29512,20737,431.61172572577465,1.0,1.0,25.679897668045214,0.9515274193130712,0.9319316542771552,0.941507711038961,476.7352424725669,39.18527512018802,45.123516746792006,56
3722,29512,20737,338.96431071541696,1.0,1.0,26.701415842458648,0.9414103328025946,0.9429085765719429,0.891375,376.21625232711335,32.62791241754434,37.25194161169622,42
3727,29512,20737,444.013745979328,1.0,1.0,32.95559889284032,0.9375745805938369,0.9712332236009116,0.8647450110864745,487.8536435210066,41.00984631251748,43.8398975416783,57
3731,29512,20737,425.13712578287715,1.0,1.0,34.23744778173143,0.9709498651997495,0.9695726821823731,0.9554044117647059,480.3660380729423,55.09336843509759,55.22891229006505,56
3739,29512,20737,381.8146400733898,1.0,1.0,37.05905399860925,0.9609373908914433,0.9805714285714285,0.9342752659574468,423.8695463448326,39.832359407163835,42.05490627144256,51
3723,29512,20737,267.6418250059298,1.0,1.0,30.46563846066716,0.9450050046001881,0.971430289907374,0.8629324776785714,302.4542181777125,33.46858975767409,34.812393171782716,40
3734,29512,20737,476.0225231898305,1.0,1.0,36.53767148392917,0.8740916564258818,0.9600947391085911,0.7109678988326849,531.1927452893916,51.25533314934118,55.170222099560796,61
3732,29512,20737,266.52722241288325,0.9996899801587301,1.0,31.366647422908397,0.9854927414160431,0.9825689384197742,0.9897219581749049,305.98136252378816,38.93121016635735,39.45414011090489,32
3721,29512,20737,345.8409309118679,1.0,1.0,27.89499443519023,0.979579116495531,0.9678751399776035,0.9791666666666666,386.284579359537,38.16547267150348,40.443648447668984,42
3750,29672,20849,261.43013344781207,1.0,1.0,29.695912255608725,0.9327377487758122,0.9479190185895988,0.8609572784810127,290.1639432650993,30.350714725930796,28.733809817287195,32
3758,29672,20849,430.3568917298356,0.9997033227848101,1.0,33.3598462650534,0.9407601411417162,0.9372981700753499,0.9121243606138107,475.8032339526943,40.41951333428749,45.44634222285834,54
3757,29672,20849,204.60361054390432,1.0,1.0,32.55886467932115,0.9823773303854704,0.9931151560878997,0.9639475108225108,238.83858319537788,34.85245897721026,34.234972651473505,35
3752,29672,20849,312.82656369693734,1.0,1.0,32.98966010469884,0.970488178261609,0.9869628198937711,0.9385642414860681,360.2061505828834,45.5693803289188,47.379586885945834,41
3744,29672,20849,274.29553284237727,1.0,1.0,27.634501670991703,0.9631104918264523,0.9626110731373889,0.9404334291187739,317.24389584477797,42.67254450360108,42.948363002400704,38
3748,29672,20849,571.1045421183094,1.0,1.0,34.14885253938589,0.985399367604511,0.9950781205288158,0.9758739406779661,635.0142613053097,56.11457878049969,63.90971918699979,73
3753,29672,20849,448.19285387287795,1.0,1.0,30.60216729562148,0.977620838638923,0.9716470710644054,0.9709302325581395,491.95124327005647,39.38758409576736,43.75838939717822,57
3755,29672,20849,363.0957649078069,1.0,1.0,23.761041461638523,0.9727780019486462,0.9706531619270224,0.9580471611721612,407.01483080733203,42.628598849287464,43.91906589952496,42
3743,29672,20849,321.3600381428806,1.0,1.0,35.71277895445058,0.987675220961373,0.9838027237868571,0.991770038167939,367.7793509223393,44.87896916918784,46.41931277945856,41
3751,29672,20849,326.78520282186713,0.999941697761194,1.0,28.797551817147838,0.9243981176765574,0.9270246734397678,0.8630480410447762,377.51728189337666,51.34811860726443,50.73207907150961,46
3747,29672,20849,409.3600381428806,1.0,1.0,31.700403902069333,0.9676781194542229,0.9643642762868456,0.9525561286407767,444.6724743410843,30.468654297305406,35.3124361982036,48
3742,29672,20849,349.34252451490505,1.0,1.0,36.55057530504856,0.9453898095284455,0.9938120592891063,0.8891882183908046,389.64851899019095,37.20899171292837,40.30599447528558,43
3760,29672,20849,284.71755110831884,1.0,1.0,33.337622125108155,0.919007494952661,0.8962122162297755,0.8850635593220338,318.55349374020506,31.253913947829453,33.8359426318863,40
3746,29672,20849,287.4189126459263,1.0,1.0,35.001128635630714,0.9390999524682556,0.9424409127954361,0.8896994773519163,341.71650699119897,54.44639151790882,54.29759434527253,43
3759,29672,20849,194.20788311644077,1.0,1.0,34.31955767492522,0.9782276217863798,0.9706660056189059,0.9800583657587548,209.3088784915191,14.401493062617462,15.100995375078305,33
3749,29672,20849,270.7764256113645,1.0,1.0,33.347872177297155,0.9196481536408126,0.9532952069716776,0.834666955017301,305.13249161485845,32.03409900524081,34.356066003493865,36
3741,29672,20849,306.55351325136115,1.0,1.0,30.313563101078575,0.8691975906026829,0.9020691609977324,0.7131157063197026,359.1795736085493,53.439090535782015,52.626060357188,43
3745,29672,20849,285.58295050288405,1.0,1.0,33.759041890275284,0.9008148498782795,0.9006877022653722,0.825876798561151,329.160805884628,42.8667830726157,43.577855381743774,41
3756,29672,20849,323.0606968588264,1.0,1.0,32.423035518340576,0.9741535472692109,0.980514660398367,0.9579207920792079,365.9160665452605,43.28305452965101,42.85536968643398,43
3754,29672,20849,416.04003681780614,0.99984375,1.0,31.09049006717187,0.9824244061532196,0.9858944697365475,0.991004873853211,465.1867292478308,48.22003864503685,49.14669243002457,52
3779,29832,20962,444.5559976357737,0.9996725299401198,1.0,33.56634378658078,0.96879817147717,0.9771051610399689,0.9504206730769231,497.7493794147075,53.54007266840024,53.19338177893347,56
3771,29832,20962,285.86722175034595,1.0,1.0,27.750286464281352,0.9804402545973419,0.9729380463702014,0.9803099593495935,320.4414759263371,33.11138126398674,34.574254175991165,36
3766,29832,20962,265.0669896849162,0.9995959051724138,1.0,33.40715800964507,0.8840566053898474,0.895515852163251,0.7800480769230769,293.77479313600156,25.811705176627925,28.707803451085276,36
3764,29832,20962,256.30182566846696,1.0,1.0,28.06641698502043,0.8547194342948471,0.9534136546184739,0.6399689885496184,290.312399207415,31.515860308421896,34.01057353894793,37
3763,29832,20962,1575.5165814955742,1.0,1.0,-48.762062087267196,0.9822236508743005,0.9879498386503819,0.9655790441176471,1802.7528695253063,221.60443204459935,227.23628802973326,200
3768,29832,20962,308.8440773249128,1.0,1.0,31.885399744335615,0.9201152645481471,0.9434645485340497,0.8263572080291971,351.6502544132109,41.709265632446986,42.80617708829797,41
3765,29832,20962,436.59487412643136,1.0,1.0,36.81415598315031,0.9643062770083454,0.9524523556157493,0.9610130560928434,491.624652656692,51.79466779539083,55.02977853026052,62
3770,29832,20962,334.5009315744052,0.9999468537414966,1.0,35.834224473595526,0.9482823614252466,0.9523511755877939,0.9141300432276657,378.1953245515035,40.791589465647675,43.694392977098445,49
3767,29832,20962,306.1514929978078,1.0,1.0,35.118250359669894,0.9388614887099527,0.9397037037037037,0.883087588028169,345.3618368259268,39.31551574217847,39.21034382811896,40
3769,29832,20962,451.52407599983826,0.9999473905723906,1.0,27.516159243401034,0.9726307985677218,0.9866380061581362,0.9583467223650386,514.0377721055837,60.020544158618094,62.51369610574539,59
3780,29832,20962,185.09328052339424,0.999898538961039,1.0,24.682991298383754,0.974438577805978,0.9718175759306865,0.9753757911392406,214.26187858069872,30.252897085956732,29.168598057304486,24
3773,29832,20962,391.5240759998381,1.0,1.0,27.06731088403449,0.8835829109816903,0.9293098497176223,0.7434593023255814,443.2706490812546,49.119859622124515,51.74657308141633,50
3774,29832,20962,330.2955328423772,1.0,1.0,28.35836271013114,0.9594310423304507,0.9462922573609597,0.9446711753731343,381.3737063153213,51.117260209415846,51.07817347294387,44
3775,29832,20962,180.55102886694834,1.0,1.0,24.365070810463003,0.8867563636363636,0.9275025799793601,0.7243951612903226,216.3859431616241,38.75237144201355,35.83491429467569,28
3777,29832,20962,328.8528545354153,1.0,1.0,31.60351396211762,0.9521191567531287,0.9608191755564336,0.910377358490566,378.25322692869884,47.850558589925015,49.40037239328332,45
3778,29832,20962,505.4827559177974,1.0,1.0,35.30237608857911,0.9817610285236182,0.9784586566764785,0.9768455615942029,562.9155619375726,50.149209029662444,57.43280601977496,60
3762,29832,20962,312.41576623288154,1.0,1.0,29.509349400198015,0.940820267452956,0.9727801426944062,0.8588798415492958,363.57760443554133,51.24275730398973,51.161838202659794,42
3776,29832,20962,390.7939800323695,1.0,1.0,31.339624392258,0.9701196951489469,0.9594675262655206,0.9617355510752689,441.25487682064625,44.94134518241469,50.46089678827644,50
3772,29832,20962,297.3249700939001,1.0,1.0,33.68850552000553,0.988432499826834,0.9778158324900755,0.991921439628483,330.6312716799117,31.20945237901738,33.306301586011585,39
3761,29832,20962,546.1690474188127,1.0,1.0,35.1889123225207,0.9626575106448018,0.9703698118897727,0.9232353855721394,620.6398131622498,68.20614861515507,74.4707657434367,70
3788,29992,21075,421.9937479669399,1.0,1.0,31.12803059226529,0.9067845752391998,0.9279752828825937,0.7981211656441718,480.7901376205295,60.44458448038432,58.79638965358951,56
3787,29992,21075,415.26609559085426,1.0,1.0,33.604124220002106,0.8546177456251082,0.9518157002233435,0.6642384572072072,462.92297764125703,45.23532307560397,47.65688205040264,59
3784,29992,21075,327.41891264592635,1.0,1.0,19.38285477242996,0.971274399916702,0.9700893976104937,0.9528996394230769,377.40278815724974,50.975813266985,49.98387551132332,42
3794,29992,21075,382.3393781018602,1.0,1.0,39.631103090601286,0.9319491504464176,0.9368482039397451,0.894523975791434,447.79823700199233,65.18828835019787,65.45885890013189,53
3800,29992,21075,341.41261981983655,1.0,1.0,29.732294284465944,0.9199126239942568,0.9307534334488512,0.859375,386.743740480803,42.49668099144951,45.33112066096634,44
3798,29992,21075,230.71506672390603,1.0,1.0,31.110553290078645,0.9398660531878985,0.9454514796391535,0.8842329545454546,269.603534455516,38.082701597414896,38.888467731609914,39
3782,29992,21075,353.18093024933063,1.0,1.0,25.590591324537296,0.986690319511615,0.9823170731707317,0.9858977754237288,396.58800977514534,42.61061928872186,43.40707952581459,43
3786,29992,21075,1487.0619387720344,0.6723328754578755,0.0,-88.09858795383258,0.6131011067998218,0.6485773085182533,0.5132211538461539,1788.8337272613217,316.15768273393036,301.7717884892872,200
3791,29992,21075,361.61801855186445,1.0,1.0,32.416690021283365,0.9347881362269851,0.9688521019385755,0.874330919395466,416.0238086917241,55.3586852097893,54.4057901398595,45
3781,29992,21075,318.811493660345,0.9997829861111112,1.0,34.32058198963585,0.96051037049513,0.955879958756173,0.937809405940594,352.03462106905243,31.83469111306088,33.22312740870725,40
3795,29992,21075,316.380698183901,1.0,1.0,35.109654825001186,0.9424418189464329,0.9717085985652217,0.875582298136646,380.9990505419165,66.92752853702332,64.61835235801553,47
3785,29992,21075,1268.47712512034,0.9367971453287197,0.0,-57.40043633887786,0.8864733527286677,0.8856262833675564,0.8432426948051948,1509.1990743252732,277.8329238073982,240.72194920493286,200
3783,29992,21075,499.13961016728985,1.0,1.0,39.3038227633113,0.9549472297387467,0.9835805347487474,0.9129650919732442,563.1072899805678,57.70151971991619,63.96767981327747,64
3790,29992,21075,288.71755110831884,1.0,1.0,31.343312436596314,0.9845874658797861,0.9786573828804965,0.9846491228070176,328.43959456284637,36.333065181791156,39.72204345452743,39
3789,29992,21075,283.31867726781036,0.9999412593984962,1.0,35.17543240110079,0.9691733956843659,0.9714741544352266,0.9461745689655172,319.4278790017418,33.91380260089716,36.10920173393143,37
3799,29992,21075,383.52407599983815,1.0,1.0,26.373583142412762,0.8920295453337749,0.9707486605203456,0.707358870967742,433.6867316568797,46.743983485562104,50.1626556570414,51
3792,29992,21075,269.3249700939001,1.0,1.0,30.99993129761291,0.9564131506233625,0.9461395001864976,0.939622641509434,312.06130052851574,41.60449565192353,42.73633043461567,35
3793,29992,21075,517.4564650793195,1.0,1.0,36.056691249603126,0.9945055604568396,0.992459218220991,0.9958500445632799,570.0734406515114,44.42546335828753,52.61697557219167,66
3796,29992,21075,476.9492406788245,1.0,1.0,29.639080075363818,0.9351893403293176,0.9205800556217719,0.906437125748503,521.8809587941792,42.64757717303157,44.931718115354364,61
3797,29992,21075,478.2391427237441,1.0,1.0,29.546868792910566,0.9793643042721406,0.9833021139951833,0.9657635041551247,541.4490154424631,62.56480907807807,63.209872718718714,60
3804,30152,21188,223.92609625339162,0.9999004777070064,1.0,22.687192659492062,0.9351863029846825,0.9401836684040705,0.8793789808917197,258.4416142223206,33.7732769533934,34.515517968928926,28
3811,30152,21188,317.8146400733899,1.0,1.0,40.61220742042248,0.8969546864529143,0.9403111866225521,0.7774449481865285,362.04278191840183,43.842212767517815,44.22814184501187,47
3802,30152,21188,295.4101354354238,1.0,1.0,32.566381276908785,0.9424378020404511,0.9680696661828737,0.8876410590277778,335.15409569849174,40.115940394601864,39.74396026306788,40
3805,30152,21188,1280.4345217740656,1.0,1.0,-27.012489637557437,0.9733657574314671,0.9667555340119567,0.9707236842105263,1469.9633851686601,181.54329509189347,189.52886339459587,169
3808,30152,21188,435.0694740693288,1.0,1.0,26.887092154817,0.9683867420672322,0.9616637706342311,0.958967776203966,496.22254616808925,57.97960814814031,61.1530720987602,55
3813,30152,21188,245.09328052339424,1.0,1.0,30.82255438050102,0.9701934433974645,0.9681045751633987,0.9518451365187713,273.1548150732741,26.34230182481986,28.061534549879905,30
3814,30152,21188,279.4977851613604,0.999932650862069,1.0,29.524283345518274,0.964160529115984,0.965952172645086,0.9369352409638554,320.6398432459011,39.96308712681102,41.14205808454067,35
3817,30152,21188,243.92609625339168,1.0,1.0,26.759699308183173,0.9110556596912198,0.9284995885526196,0.8382978723404255,278.0787826819726,32.47902964287126,34.15268642858084,32
3809,30152,21188,310.26924200389914,1.0,1.0,35.53954523706451,0.9164680499735178,0.9166517697533071,0.8581977739726028,355.1921639489035,43.38438291750627,44.92292194500416,42
3818,30152,21188,434.71510751693563,1.0,1.0,38.188287426104516,0.8967295113505194,0.9519119997027017,0.7790586890243902,494.63546311781187,55.38053340131401,59.92035560087597,56
3815,30152,21188,325.04069884643826,0.9997577519379846,1.0,32.70050571525122,0.9253893710128983,0.9420843672456576,0.8490104166666667,369.7150362979161,45.261506177216816,44.674337451477854,47
3806,30152,21188,474.9079205967838,1.0,1.0,29.56794300915072,0.9214310069511261,0.9791739499575488,0.8288456498951782,523.6119157245563,46.805992691658155,48.70399512777205,56
3816,30152,21188,459.90858262541616,1.0,1.0,31.78921258839544,0.8796491098561743,0.9556163550691594,0.7298626077586207,517.8781779405116,58.454392972643,57.9695953150953,58
3819,30152,21188,401.26857997526713,1.0,1.0,27.338860787222295,0.9490644129104063,0.9671762589928058,0.8863784843205574,455.472864823798,57.306427272796086,54.20428484853069,48
3801,30152,21188,537.3036480242475,1.0,1.0,30.055957965680456,0.969978231002315,0.9585693125381197,0.9677989130434783,610.6708351297577,70.30078065826524,73.36718710551017,64
3820,30152,21188,420.44205707135933,1.0,1.0,34.37559195018171,0.959361164387245,0.9827912130891077,0.9173162583518931,465.30287976483487,40.291234040212856,44.86082269347523,54
3803,30152,21188,481.9022897993262,1.0,1.0,31.78402769142682,0.9843031562755881,0.9856076498999854,0.9822408536585366,527.6002795178163,40.046984577734264,45.69798971848951,57
3810,30152,21188,339.49778516136024,1.0,1.0,30.60532614983384,0.9127197819347053,0.9141136548296134,0.84765625,385.0514216026585,42.08045466194731,45.55363644129818,44
3807,30152,21188,318.04632964389583,1.0,1.0,30.585892609096987,0.9403371095030159,0.9479905437352246,0.896238425925926,363.4893879318675,43.4145874319574,45.443058287971596,41
3812,30152,21188,262.75013477288655,1.0,1.0,32.86157374807974,0.9855853572960118,0.9822001282873637,0.9807731331168831,287.5594393855629,22.21395691901436,24.80930461267624,33
3828,30312,21301,348.0312596073036,1.0,1.0,27.326735276884254,0.9773185573817299,0.980440097799511,0.9650366512345679,403.3332058924326,58.20291942769346,55.30194628512894,44
3829,30312,21301,394.74139835541354,1.0,1.0,28.738958878474424,0.9908356190026614,0.9915050261928359,0.9914161392405063,441.8852927831188,45.96584164155766,47.143894427705106,49
3833,30312,21301,282.2955328423772,1.0,1.0,36.94688510886523,0.9744192584926187,0.9711920745616893,0.9711093304843305,324.8875363226723,40.63800522044252,42.59200348029502,40
3826,30312,21301,409.9285806378043,1.0,1.0,32.108774146722574,0.8870750388072941,0.9121457328496831,0.7803410664819944,467.2068549427615,53.66741145743539,57.27827430495693,54
3839,30312,21301,254.99060155389503,1.0,1.0,28.976735744120717,0.9880871116200205,0.9936888608393815,0.9843087923728814,291.7491158360041,37.13777142316343,36.75851428210894,31
3822,30312,21301,225.04069884643826,1.0,1.0,24.639735688370383,0.9813867537962988,0.9834274952919021,0.9746509308510638,263.1932044699448,37.728758435259856,38.15250562350656,32
3830,30312,21301,462.30431005287966,1.0,1.0,23.877464692864315,0.9919641188562887,0.9952965469771711,0.9899553571428571,523.0506294303001,61.119479066130424,60.746319377420264,60
3831,30312,21301,284.84407732491286,1.0,1.0,30.143017322196275,0.9696464430774263,0.9618448898294535,0.9567587209302325,328.7675370384081,45.63518957024267,43.923459713495085,36
3834,30312,21301,1274.6023680727005,0.7386363636363636,0.0,-67.65764551240727,0.6765692932105657,0.7285296574770259,0.569847972972973,1563.6255230372262,309.0347324467896,289.02315496452655,200
3840,30312,21301,333.582950502884,1.0,1.0,33.48241592547122,0.8798107221439967,0.9528868114941308,0.7581192263279446,378.0426251924606,43.43951203436497,44.45967468957664,44
3836,30312,21301,327.34496810628826,1.0,1.0,29.10383050398496,0.9355770465146133,0.9582839918182797,0.8475568181818182,357.0779532265632,28.849477680412367,29.732985120274904,36
3837,30312,21301,528.7701735783043,0.9998656876790831,1.0,27.935448212985584,0.9670423883996453,0.9699559281952058,0.9496527777777778,581.6584182696499,44.83236703701825,52.88824469134552,60
3838,30312,21301,306.06384327187135,1.0,1.0,34.91959348182253,0.9617939721023598,0.9562261218675128,0.9534339689265536,350.36818687148497,43.20651539942028,44.304343599613496,43
3825,30312,21301,1164.922949840347,0.936714824120603,0.0,-74.45979318431128,0.8947861417935865,0.9387396033269354,0.8297738693467337,1527.5009593360787,427.6170142435965,362.5780094957321,200
3821,30312,21301,445.6968910672985,1.0,1.0,23.77076341586373,0.9484776439911038,0.9548258043007168,0.8891074640287769,525.7099221203739,81.01954657961303,80.01303105307534,60
3823,30312,21301,289.1721530388281,1.0,1.0,26.355670908213707,0.8832790153377081,0.872338119750745,0.805203744493392,336.7640164363227,48.88779509624186,47.59186339749456,38
3832,30312,21301,450.0813976928763,1.0,1.0,32.12008813647421,0.9719154066826503,0.9544126851658669,0.9724945533769063,500.77538465512214,43.04098044336841,50.6939869622456,54
3827,30312,21301,220.30182566846702,1.0,1.0,28.91591809182833,0.974662377927703,0.9710765934654526,0.9665904471544715,247.89114795010164,24.133983422451863,27.589322281634576,28
3835,30312,21301,385.5654368749086,1.0,1.0,30.8131492073169,0.9879501920240996,0.9732156444985542,0.9937789351851852,425.7201004248653,33.231995324934864,40.154663549956574,48
3824,30312,21301,403.6768930549103,1.0,1.0,28.953552127047356,0.8967253316382732,0.971900826446281,0.7477331606217616,444.3550782253069,36.26727775559477,40.67818517039652,50
3844,30472,21413,434.62364934932214,1.0,1.0,35.36083471209244,0.9208521992752932,0.9905296175654482,0.8321649239543726,500.7076149291016,63.87594836966888,66.08396557977926,56
3843,30472,21413,364.89665900186867,0.9998991935483871,1.0,34.6098012697692,0.9343880909634948,0.9182383627608347,0.9125452898550724,414.4728364578867,46.614266184026654,49.57617745601776,52
3850,30472,21413,358.9555335049145,1.0,1.0,34.00321162666669,0.9543491740112494,0.9608278996245802,0.9234660574412533,420.42506300559126,63.704294251014915,61.46952950067658,50
3842,30472,21413,322.4746407359272,1.0,1.0,36.066706063901435,0.9499114520736688,0.952834582327787,0.9083086993243243,368.33550039693205,47.041289491507115,45.86085966100472,42
3845,30472,21413,345.7883492349119,1.0,1.0,32.74929816449084,0.9868208759331555,0.9908060279275542,0.9819878472222222,384.9825842068563,36.29135245791625,39.19423497194416,43
3841,30472,21413,279.6506022164323,1.0,1.0,34.339225660403734,0.9070645088970631,0.9290588882773803,0.8140726461038961,305.98218556257257,22.24737501921036,26.331583346140235,35
3853,30472,21413,259.92609625339173,1.0,1.0,30.29851481008482,0.9248861690535491,0.9427975171232876,0.8357967342342343,304.305445619288,43.31902404884434,44.3793493658962,36
3847,30472,21413,679.056929210179,1.0,1.0,12.14726190813437,0.9751665272716412,0.9776554404145078,0.9523413009404389,758.8220701150117,72.39771135724831,79.7651409048323,83
3855,30472,21413,319.04318323085096,1.0,1.0,30.06877708846836,0.9656306452359997,0.9607927386003545,0.9521812080536913,368.31326464902236,48.40512212725686,49.27008141817121,40
3860,30472,21413,331.2135139138984,0.9998951342281879,1.0,34.16547863490813,0.953715095103197,0.9607942973523421,0.9177989130434783,368.06470313179256,32.77678382684104,36.851189217894024,42
3852,30472,21413,455.2748728013568,1.0,1.0,36.87601229349321,0.9222497786172181,0.9510889110889111,0.8555490654205608,501.01707298152786,42.36330027025624,45.74220018017081,55
3849,30472,21413,411.94365067439657,1.0,1.0,36.192466272273336,0.8553953894182134,0.9096349110354267,0.6713795731707317,461.96576286943315,46.53316829255449,50.02211219503633,50
3856,30472,21413,382.27801921440175,0.9999099423631124,1.0,39.33195551565314,0.9829385682091646,0.9902662317163001,0.9798960612691466,421.40198142696926,33.935943318851116,39.1239622125674,47
3859,30472,21413,234.7501347728866,1.0,1.0,21.137139726775683,0.9971759091458258,0.9985244519392917,0.9954312865497076,261.7231837264278,26.959573430311742,26.973048953541163,28
3851,30472,21413,269.2986792554222,1.0,1.0,31.362330517475183,0.9786706495913559,0.9601363132033602,0.9838798415492958,304.4022059139457,33.15528998778527,35.103526658523506,37
3846,30472,21413,297.3775517708561,1.0,1.0,27.282254754804516,0.9864113462212268,0.9824911980207441,0.9856350806451613,345.77260521345045,47.84258016389134,48.39505344259421,39
3848,30472,21413,484.45961149236433,0.9998259052924791,1.0,35.173776070940626,0.9564733719982804,0.9515846056217104,0.9406100119904077,550.8826744778534,62.13459447823283,66.42306298548853,60
3854,30472,21413,437.4126198198364,1.0,1.0,37.949866318683654,0.939496174918575,0.9720340534602709,0.8810267857142857,478.76925115912616,36.534947008934196,41.35663133928946,56
3857,30472,21413,420.70003748034327,1.0,1.0,29.4796723358402,0.9441894887024723,0.9680376253779335,0.8774723101265823,465.53488391687927,39.50226965480368,44.83484643653578,53
3858,30472,21413,381.8759989608484,1.0,1.0,27.115163154028775,0.9870824628843524,0.993664620867155,0.9770096801346801,434.277090180701,50.10163682977854,52.40109121985236,47
3868,30632,21526,356.27172638831206,1.0,1.0,24.58519741565167,0.9447533078271959,0.9466533180778032,0.8993844696969697,410.50954328505725,55.10672534511774,54.23781689674514,46
3871,30632,21526,316.24543554983404,1.0,1.0,27.361658160627645,0.9766380847592668,0.9817596566523605,0.9538125,354.54982039769965,37.206577271798196,38.30438484786546,36
3879,30632,21526,243.64182500592977,1.0,1.0,28.914558142458763,0.9696815190906067,0.970432333940699,0.9554245283018868,279.20197036582124,35.340218039837154,35.560145359891436,32
3880,30632,21526,1129.3249700939002,0.7836696194225722,0.0,-51.6469711356304,0.6686535236423865,0.6337239508168331,0.6421280760626398,1456.1339175249273,384.46342114653817,326.8089474310267,200
3869,30632,21526,513.2510663472916,1.0,1.0,15.186633846234113,0.9717370550529619,0.9903525315537501,0.9437779017857143,579.5928107183187,61.26261655654041,66.34174437102693,62
3867,30632,21526,282.9818243433925,1.0,1.0,31.241084720161293,0.9145825457626038,0.9193419154959671,0.842745983935743,316.2041670580645,31.833514072008114,33.22234271467207,35
3875,30632,21526,275.69440668288576,1.0,1.0,34.31921851804168,0.8874782680685488,0.8893767705382436,0.7908608490566038,312.27221984036555,35.36671973621962,36.57781315747974,38
3872,30632,21526,382.10768853135426,1.0,1.0,38.575251102241225,0.9646537849918569,0.9436288595162218,0.9631109022556391,423.7227023641404,35.42252074917897,41.61501383278599,44
3878,30632,21526,825.8283860527185,1.0,1.0,6.677256158587674,0.9825752017608218,0.9785243938940437,0.9747522865853658,934.4903117851778,107.49288859868946,108.6619257324597,111
3877,30632,21526,282.5009315744052,1.0,1.0,27.356069311056654,0.9776246625941185,0.9723397056335645,0.9731971153846154,318.1995413456743,33.29791465690361,35.69860977126907,36
3864,30632,21526,464.93172705084913,1.0,1.0,40.37124695965603,0.9173333333333332,0.932498461761193,0.8422214673913043,518.7076873551812,49.163940456497684,53.77596030433179,60
3876,30632,21526,427.7382519423687,0.9997246696035242,1.0,17.756147892425616,0.9746566549841063,0.9763361638361638,0.9584939427312775,488.2779950115124,57.059614603715545,60.53974306914368,56
3874,30632,21526,368.4771251203399,1.0,1.0,21.469979430152094,0.9565143893368303,0.9736356293988693,0.890403891509434,423.23369169821177,53.63484986680759,54.756566577871695,47
3861,30632,21526,303.9260962533916,1.0,1.0,30.128020411496422,0.9882772582666537,0.9819213045019497,0.9883700284090909,330.35503857734767,22.39341348593402,26.428942323956008,37
3866,30632,21526,352.44205707135944,1.0,1.0,31.888415271082618,0.9805363110277937,0.9708274894810659,0.9794770077720207,386.57680856590406,30.20212724181682,34.13475149454453,43
3870,30632,21526,474.03759322642276,1.0,1.0,28.02682978468419,0.9257257005056958,0.9108868472413957,0.9047697368421053,527.8355595740852,44.69694952149301,53.797966347662,59
3862,30632,21526,461.4038834023636,0.9999473905723906,1.0,27.017869640548906,0.968783387254533,0.9634324275031917,0.9719948083067093,512.7399851060563,47.754152555538646,51.336101703692414,54
3865,30632,21526,237.8058628628874,0.9998094512195121,1.0,23.68702252691483,0.950444390084801,0.9692246835443038,0.8756669207317073,276.7324808596853,40.38992699519679,38.92661799679785,30
3873,30632,21526,458.5359996233855,1.0,1.0,26.985730753921743,0.939246781056203,0.9664043583535109,0.8625,514.8195234211231,54.42528569660596,56.28352379773728,59
3863,30632,21526,407.19600028592293,1.0,1.0,27.308629638300335,0.9322341200353318,0.9291723733124633,0.8900408878504673,456.41183030332365,45.32374502610101,49.21583001740067,55
3893,30792,21640,239.23980475237641,0.9999276620370371,1.0,27.152116802947546,0.9197673623769593,0.9463516009852216,0.8258101851851852,273.68756599154887,32.92164185875872,34.44776123917247,31
3889,30792,21640,373.8497081223703,1.0,1.0,32.47549655919418,0.9881398861210521,0.9892237653431684,0.9827949438202247,411.57735569805453,34.84147136352597,37.727647575683974,45
3898,30792,21640,607.3450088993179,1.0,1.0,21.102892910444154,0.9818370400598517,0.9805812973883741,0.9739730878186968,684.9428231103134,71.39672131649229,77.59781421099488,73
3885,30792,21640,489.8497081223704,1.0,1.0,23.984804696518708,0.9569668540847043,0.9799084435401831,0.89015625,535.5221132427976,40.7586076806405,45.67240512042699,61
3881,30792,21640,370.9643107154169,1.0,1.0,28.92955515810169,0.8545269290931791,0.8490696071674707,0.7371288314176245,418.2020697284375,46.10663851953065,47.23775901302041,47
3883,30792,21640,274.06384327187135,0.9999266431924883,1.0,27.304943905912765,0.9330457943310607,0.9459521619135235,0.8798469387755102,299.79302137636364,23.59376715673842,25.729178104492277,34
3882,30792,21640,412.3894753944034,1.0,1.0,24.65330531371496,0.9675334949816328,0.9593006914385295,0.9551041666666666,466.32424014185096,50.90214712117115,53.93476474744743,52
3897,30792,21640,509.60050492388893,1.0,1.0,29.57106572270354,0.9336899352620511,0.9653662014872161,0.8700298210735586,563.9848477915822,45.57651430153932,54.38434286769289,62
3899,30792,21640,419.7645427808466,1.0,1.0,28.965103162316456,0.9465243361867253,0.9291065742648436,0.9339005235602095,466.18956488680766,41.88753315894127,46.42502210596082,50
3895,30792,21640,277.78834923491195,1.0,1.0,28.188729090352926,0.9695357190368499,0.981887183025703,0.9434600515463918,313.1068893930629,32.72781023722624,35.31854015815082,34
3888,30792,21640,355.069474069329,1.0,1.0,30.21295959220134,0.9610353498718505,0.9507153376814643,0.9427416134185304,394.9993355570367,36.64479223156134,39.929861487707555,41
3886,30792,21640,432.29801722678985,1.0,1.0,28.70300490479182,0.9066055161802254,0.962172306609583,0.8008563701923077,468.8895008781696,35.38722547706926,36.591483651379505,52
3892,30792,21640,373.42139703033905,0.9998432274247492,1.0,27.77688805464056,0.9865498357064623,0.9810832659660469,0.9906517094017094,412.58429435155756,38.49434598182753,39.16289732121834,42
3887,30792,21640,478.36566894033814,1.0,1.0,26.43353249305833,0.9728938230472867,0.9861963898250312,0.9315213022508039,524.4402852723573,39.8619244980281,46.07461633201873,56
3891,30792,21640,483.5854348872967,1.0,1.0,27.026081912558578,0.9484061533154383,0.9911235692595188,0.8576484806629834,536.6588803668049,48.86016821926174,53.07344547950783,58
3890,30792,21640,351.67689305491024,1.0,1.0,34.89498442804614,0.9087172000461023,0.9421476326920453,0.8191481370192307,400.57953173190685,47.103958015494854,48.902638676996546,47
3894,30792,21640,364.7876872062798,1.0,1.0,26.671231987477707,0.9585460964614833,0.9387151865475565,0.9562879554655871,402.04013852293724,34.12867697498596,37.25245131665729,42
3884,30792,21640,345.87599896084834,0.9998416385135135,1.0,33.05938334061824,0.97662538071066,0.9750030336124257,0.9667514534883721,393.34321364688236,45.700822029050705,47.46721468603379,42
3900,30792,21640,365.63553217983997,1.0,1.0,30.221642754555734,0.970855152477312,0.9745823511325202,0.9501777694610778,405.5327972174309,37.34589755638629,39.89726503759086,43
3896,30792,21640,367.9786779303475,1.0,1.0,28.82617155765418,0.9769162655725345,0.9904300956990431,0.9477826286764706,408.13157249688817,36.9793418498106,40.152894566540404,46
3918,30952,21753,460.4771251203399,0.9998295454545455,1.0,28.47868896270226,0.9463147141364208,0.9561472200469852,0.8952759197324415,523.8310824032156,60.53093592431319,63.35395728287546,60
3911,30952,21753,430.1076885313543,1.0,1.0,17.902024773995734,0.9912332712180246,0.9943064182194618,0.9805045871559633,480.5989326483264,47.23686617545788,50.49124411697189,52
3903,30952,21753,538.5973585108443,1.0,1.0,29.618518603769367,0.9538089737354086,0.9867276278409091,0.9005574003795066,589.2181075009805,47.43112348520431,50.62074899013621,64
3916,30952,21753,512.4333206538864,1.0,1.0,22.03912396951552,0.9152859738814085,0.9265614275909403,0.8284920302013423,581.1087468103326,64.01313923466876,68.67542615644585,63
3920,30952,21753,390.3043100528797,1.0,1.0,32.30699353746867,0.9663130572170185,0.9499182561307902,0.9618797110552764,438.51974211017887,43.07314808594827,48.215432057298834,49
3910,30952,21753,600.0575912388111,1.0,1.0,22.651742817901933,0.9857329007552388,0.9887791741472173,0.9771857606679035,660.2189484619563,50.492035834717285,60.161357223144854,70
3912,30952,21753,399.7382519423687,1.0,1.0,18.81159710300564,0.9775839056209769,0.978956687551076,0.9600082599118943,446.70266312610346,41.94661677560175,46.96441118373449,48
3904,30952,21753,286.8114936603451,1.0,1.0,25.84387009101005,0.9810635302665637,0.9800290486564996,0.9727643280632411,320.859100479323,30.8214102284669,34.04760681897793,35
3908,30952,21753,525.1984846703356,1.0,1.0,17.820580256571738,0.9849847947288394,0.9884820562560621,0.9741104014598541,590.0432991206588,58.26722167548417,64.84481445032279,67
3915,30952,21753,308.9492406788247,1.0,1.0,29.711336781709118,0.9527225042932875,0.9707098061573546,0.9101686507936508,339.9460747184605,26.995251059453587,30.996834039635715,36
3919,30952,21753,514.7025218647561,1.0,1.0,30.499495357189545,0.9696716649516225,0.9523941707147814,0.964478679906542,565.8366988010963,45.20126540451014,51.13417693634009,63
3902,30952,21753,458.1865610467882,1.0,1.0,26.250390792562968,0.9613797545139331,0.9819059107358263,0.9164402173913043,509.3771382867346,47.53586585991922,51.19057723994616,53
3905,30952,21753,720.1014364982948,1.0,1.0,17.483839569545747,0.9349855691188385,0.9823675815893714,0.8207196029776674,808.3418081775912,79.86055751894438,88.2403716792963,90
3907,30952,21753,315.9523870918696,1.0,1.0,25.397736648714552,0.9616089914226561,0.9678467952794856,0.9264179515418502,353.7112794270188,36.38833850272373,37.758892335149135,39
3909,30952,21753,370.5097087849077,1.0,1.0,30.79194265867835,0.9708661137300305,0.9467329002674818,0.9741787305122495,413.137185848243,36.94121559500283,42.627477063335206,45
3906,30952,21753,305.84093091186793,1.0,1.0,20.109661690761374,0.9796754403324758,0.9810701665825341,0.9754340277777778,348.8128039155599,38.957809505537895,42.97187300369192,37
3901,30952,21753,674.191529815614,1.0,1.0,9.815132691596034,0.966945900707428,0.9713541666666666,0.936471394984326,758.4200704828509,82.84281100085485,84.22854066723656,79
3913,30952,21753,342.5009315744051,1.0,1.0,34.04417570052639,0.9313764467646348,0.934551305340738,0.8949562823834197,383.79445330770693,38.69028259995259,41.2935217333017,45
3914,30952,21753,367.4452034844042,1.0,1.0,32.994748174691864,0.959222651242006,0.9567310952865378,0.9430400743099787,398.5678485597688,25.683967613046548,31.12264507536436,44
3917,30952,21753,461.7056682778009,1.0,1.0,26.1974464913969,0.9566186107470511,0.9764977949876305,0.9095084798994975,513.8664664602304,48.24119727364376,52.16079818242916,53
3931,31112,21866,347.2398047523764,1.0,1.0,38.165357068360244,0.9628451606011212,0.9445230333968879,0.9583439409368636,392.87717722881683,42.956058714660664,45.63737247644044,45
3939,31112,21866,357.69689106729845,0.9999210858585859,1.0,23.141716335503165,0.9635930373853898,0.968385460693153,0.9206912878787878,398.43604314807834,39.35872812116966,40.73915208077976,44
3925,31112,21866,298.70633030643313,1.0,1.0,30.375052999402165,0.9154244704903743,0.9223295730555405,0.8505306603773585,333.42418426763,33.3267809417952,34.71785396119679,37
3927,31112,21866,334.35689172983575,0.9997479838709677,1.0,30.080952185508153,0.9012650700792711,0.9077069006402656,0.8201694139194139,369.7985663221921,34.41251188853446,35.441674592356314,40
3923,31112,21866,365.36003814288057,0.999941697761194,1.0,31.676336235156743,0.8858885815304011,0.9008572952130932,0.803814052795031,421.3565815278149,54.74481507740124,55.99654338493414,49
3930,31112,21866,410.3306008913577,1.0,1.0,28.317532358234114,0.9684483662119445,0.9607342572331632,0.9692021704180064,451.9442254940606,36.9204369040542,41.6136246027028,48
3921,31112,21866,580.2542127603366,1.0,1.0,31.3975289615653,0.9565886531281305,0.9702169966283393,0.9153784648187633,651.9719443568907,64.0765973948306,71.71773159655373,74
3936,31112,21866,701.3912977501842,1.0,1.0,5.816483383680762,0.9794551950599947,0.9904939919893191,0.9509002483443708,788.4223045707859,81.04651023090146,87.03100682060105,90
3922,31112,21866,510.8816297583059,1.0,1.0,19.78564421510547,0.996881457824535,0.9975203684024088,0.9967410714285714,573.9604590099256,57.86824387742883,63.078829251619226,61
3926,31112,21866,664.7701735783046,1.0,1.0,6.768628993189501,0.9553524308991358,0.9646452145214521,0.8922732067510548,756.6075154638071,86.75601282825329,91.83734188550221,91
3940,31112,21866,370.5798040898391,1.0,1.0,34.524590544153654,0.9337229139972958,0.9383059020861726,0.890625,413.8673203257997,38.681274353940765,43.28751623596052,45
3929,31112,21866,444.7000374803433,1.0,1.0,30.452154562434806,0.8776053920010174,0.8944502461584365,0.7828435945273632,500.46010248491376,49.14009750685555,55.760065004570365,58
3932,31112,21866,259.4714943228824,0.9999190414507773,1.0,26.09251385825651,0.9515485597756819,0.9523279352226721,0.9136150881057269,287.34574988079913,25.31138333687506,27.874255557916698,32
3924,31112,21866,341.5917277133865,1.0,1.0,25.61920907966495,0.9044681491079898,0.9325728648073855,0.7661221590909091,379.7395192414898,35.47168729215478,38.147791528103184,40
3935,31112,21866,411.9348734638942,1.0,1.0,28.504077023228007,0.8938193874023884,0.9320709673918941,0.7884181701030928,467.58821795093246,55.7300167305575,55.6533444870383,52
3938,31112,21866,352.47712512033996,1.0,1.0,30.935165542831815,0.9740041505978039,0.961585433551682,0.9715299079754601,386.94810228243284,29.95646574313924,34.47097716209282,40
3933,31112,21866,429.3688153533831,1.0,1.0,34.924341809238165,0.958752409894455,0.9379937184733987,0.9521875,482.20546266509274,47.75497096756416,52.83664731170945,54
3928,31112,21866,618.6587173983028,1.0,1.0,20.255529279578862,0.9859536140980734,0.9778023350790371,0.9855352722772277,686.0999186235124,60.66180183781441,67.44120122520964,77
3937,31112,21866,404.192853872878,1.0,1.0,28.810266877007805,0.9191189617665464,0.9550369685767098,0.8144223186119873,455.9046022259397,46.81762252959231,51.71174835306153,50
3934,31112,21866,632.2980580198198,1.0,1.0,18.652622834284603,0.9960589480745446,0.9976564788594864,0.9972169211195929,698.1852759417694,57.580826882923766,65.88721792194914,76
3958,31272,21978,302.78520282186713,1.0,1.0,29.866379774591664,0.8864104595879555,0.9518094534711965,0.7489324534161491,334.4227855420173,27.95637408022526,31.637582720150164,37
3949,31272,21978,596.2542127603365,1.0,1.0,22.106098090258552,0.974783185582142,0.9731234755396014,0.9601802600472813,670.5741208784444,67.97986217716085,74.31990811810728,79
3956,31272,21978,638.2391835167741,1.0,1.0,16.879687793428726,0.965957618094461,0.9791205696584463,0.9164379222972973,709.8069462728827,66.1016441341624,71.56776275610827,78
3952,31272,21978,486.802757242872,1.0,1.0,38.75216647187507,0.9039284304416016,0.9489768261282017,0.7922353927203065,535.0780487080635,40.91293719778681,48.2752914651912,62
3943,31272,21978,326.5272224128832,1.0,1.0,27.017789224612955,0.940556910327326,0.9126471432672983,0.9226452464788732,361.76898789006384,34.86264821577094,35.241765477180614,40
3960,31272,21978,411.13083295678746,1.0,1.0,26.090783322246324,0.9691014060431365,0.9896714182169606,0.9295687689969605,462.96904103760716,48.50731212122949,51.83820808081965,51
3941,31272,21978,392.95801788932715,1.0,1.0,31.19593769649169,0.9853623633658883,0.9868572084481175,0.9750702247191011,438.14739169484267,40.034060708272946,45.189373805515295,51
3957,31272,21978,232.87036816339082,1.0,1.0,25.79045545772986,0.996075059119806,0.9965589965589966,0.9972146739130435,259.24634880535456,25.31397096294548,26.375980641963658,26
3945,31272,21978,400.5034159588179,1.0,1.0,17.499178152866634,0.9008696925659312,0.8849551937397451,0.8382161458333334,450.3788372960695,48.56313200587733,49.875421337251545,50
3953,31272,21978,499.74702915287116,1.0,1.0,30.876303859488246,0.948017048424495,0.9041874376869392,0.9575483706720977,551.5285576030269,43.92229267523304,51.78152845015536,61
3942,31272,21978,355.47149432288234,1.0,1.0,35.704734713974105,0.9732314779156915,0.9821275225418634,0.953125,397.7034858667369,38.59798731578186,42.231991543854576,45
3947,31272,21978,601.0807356642443,1.0,1.0,12.295566007181797,0.9406548239069846,0.9966271155815214,0.8545735677083334,672.2980406592848,66.32595749256043,71.21730499504031,72
3950,31272,21978,523.9787187233771,0.9999533582089553,1.0,25.5546441983531,0.9607511308145672,0.9812100146088358,0.9144473522167488,581.8648515360281,50.82919921897597,57.886132812650615,66
3944,31272,21978,365.6793774393231,1.0,1.0,25.040016768350277,0.9876950665801822,0.986321094312455,0.9889246323529411,402.5167071902665,34.25599462641515,36.837329750943425,44
3948,31272,21978,417.6443093903424,1.0,1.0,33.23806428301016,0.9222417624464688,0.9200208188757807,0.8748017131979695,460.82651211699874,39.273304089984265,43.18220272665617,55
3959,31272,21978,345.3863289813586,1.0,1.0,32.861771247917225,0.955136566662714,0.9607535321821036,0.9212258902077152,383.6014510010663,33.32268302956136,38.215122019707565,41
3955,31272,21978,416.26294917780933,1.0,1.0,25.777239693258295,0.9926805752334565,0.9990898270671428,0.9897365196078431,463.5461210368996,44.67475778863498,47.28317185909,54
3951,31272,21978,532.1276865437425,1.0,1.0,25.693046931808574,0.939846628482698,0.9640559756235187,0.8848343685300207,586.6794245749339,50.32760704678689,54.55173803119124,62
3954,31272,21978,361.87599896084845,1.0,1.0,18.866088280999772,0.9665604218794928,0.9805026858544996,0.9184229651162791,409.2313100846489,43.28296668570047,47.35531112380031,45
3946,31272,21978,456.3330852757703,1.0,1.0,25.652982312603957,0.9623483776863246,0.9666174749376623,0.9294181034482759,509.9028378370463,50.354628841913524,53.56975256127568,57
3970,31432,22091,436.7263283188213,1.0,1.0,27.66953831907713,0.9898947625045712,0.9874575173976372,0.9921875,488.23402947541115,48.7615517348846,51.5077011565897,57
3963,31432,22091,259.7469883598417,1.0,1.0,30.045059449917467,0.9920938712841728,0.9895172656800564,0.9979285037878788,290.80482944648185,28.586761629960154,31.057841086640103,33
3969,31432,22091,394.8903661757789,1.0,1.0,27.421028129650054,0.9767324009546127,0.9858101839218468,0.950828853046595,452.5864299255992,55.79409562473041,57.696063749820276,53
3961,31432,22091,234.9555335049145,1.0,1.0,31.343193210564735,0.9854072985126254,0.9806149732620321,0.9814723320158103,265.06209572773844,26.409843334235923,30.106562222823946,31
3976,31432,22091,176.60361054390438,1.0,1.0,32.240260195260404,0.9310157295850067,0.9753989361702128,0.8338130482456141,199.267971069382,21.99654078821652,22.664360525477672,27
3971,31432,22091,346.3043100528797,1.0,1.0,33.87553194324683,0.9772998948550958,0.9657116289882025,0.9837690443213296,383.3435405209539,31.55884570211106,37.039230468074024,44
3974,31432,22091,355.98745514085005,1.0,1.0,35.66547296471946,0.9821507956803116,0.9744968202976464,0.9797630407124682,398.7069203064242,37.82919774836095,42.71946516557396,48
3977,31432,22091,527.6205029362771,1.0,1.0,36.87572539097891,0.9795375510228262,0.974703557312253,0.9720915841584158,590.3941537443374,58.16047621208968,62.77365080805979,66
3980,31432,22091,327.47149432288234,1.0,1.0,23.367922328817265,0.9903537875487339,0.9921190893169878,0.9832682291666667,364.55036273892364,35.36830262406197,37.0788684160413,41
3975,31432,22091,549.9987167357654,1.0,1.0,31.17297294027957,0.971926662634948,0.9829013827937402,0.9442991631799164,632.3314368264947,77.74908013609365,82.33272009072907,71
3962,31432,22091,355.5065623718628,1.0,1.0,27.988676934628696,0.9300740137763838,0.9428695794112846,0.8568474264705882,402.5486735620698,42.81316678531024,47.04211119020682,45
3968,31432,22091,289.58295050288405,1.0,1.0,35.79227640193087,0.9238062374708336,0.9348410210479176,0.8600077881619937,330.315845956203,38.59934317997828,40.73289545331883,43
3978,31432,22091,1064.5773197054264,0.6863178453947368,0.0,-63.656110253394914,0.577133762676734,0.585386607473178,0.4878419452887538,1423.393970505934,426.4749762007598,358.8166508005081,200
3979,31432,22091,462.6499401877999,1.0,1.0,21.657371524246606,0.9973909242411824,0.9978093546477206,0.995829417293233,521.8940917410866,55.86622732992949,59.244151553286336,61
3964,31432,22091,300.4157662328814,1.0,1.0,36.22892911657392,0.9436195943257465,0.9503846425294658,0.9064949059561128,332.94063348965597,28.537300885161613,32.5248672567744,39
3967,31432,22091,580.3769305352537,1.0,1.0,17.861977739758835,0.9812498006570342,0.9916188598063822,0.953515625,661.6650168090201,76.18212941064918,81.28808627376613,73
3966,31432,22091,609.2510663472918,1.0,1.0,22.167855248531286,0.9649153389730163,0.9917498730749704,0.9094580314009661,687.3401018299511,75.8835532239891,78.08903548265937,83
3965,31432,22091,286.12520215932983,1.0,1.0,27.19434520816011,0.9835457823371083,0.972059413890004,0.9878771551724138,320.6029721533093,32.21665499096899,34.47776999397932,37
3972,31432,22091,269.1809302493307,1.0,1.0,25.628976894993894,0.9984582031273075,0.9991351974632459,0.9978425732217573,306.16433355106545,36.72510495260211,36.98340330173474,33
3973,31432,22091,305.5654368749085,1.0,1.0,33.36305256498446,0.9742749054224462,0.9586063132817153,0.9736979166666667,338.1430970247649,29.366490224784535,32.57766014985634,39
3992,31592,22204,335.8998054149136,1.0,1.0,27.787197135469306,0.9246257889990985,0.934159938485198,0.8372282608695653,383.65832712281383,46.88778256185006,47.75852170790001,43
3982,31592,22204,343.67689305491024,1.0,1.0,34.00644355244876,0.9424886553618342,0.9699137386913528,0.8670594262295082,381.2604334834005,33.875310642735236,37.58354042849015,45
3991,31592,22204,361.04947605694065,1.0,1.0,27.722674001308345,0.913957224380185,0.9236922295581513,0.8205457089552238,413.0688753339054,51.02909891544678,52.01939927696449,48
3998,31592,22204,413.8497081223703,1.0,1.0,33.34764941018518,0.9753728185373256,0.9802753141167775,0.9664369335347432,460.8617642757471,42.768084230064666,47.012056153376435,53
3994,31592,22204,352.4157662328814,1.0,1.0,26.785373919449903,0.9718048941349913,0.9773445008924894,0.9449404761904762,399.6310959984789,44.57299464839609,47.215329765597374,49
3990,31592,22204,307.44520348440426,1.0,1.0,30.24488688497409,0.9641591158504016,0.9677657150516017,0.9456296125461254,349.7556369371888,40.21565017917646,42.3104334527843,41
3983,31592,22204,607.3187180608398,1.0,1.0,22.81288291191734,0.9801741492305951,0.9788799563973294,0.9732469512195122,686.6040514738387,76.17800011949764,79.28533341299845,81
3984,31592,22204,512.5034159588179,1.0,1.0,27.255771441217842,0.9260986321024516,0.9505073330674819,0.8532563606194691,573.3131795211597,53.714645343512395,60.80976356234158,65
3989,31592,22204,372.2103675008535,1.0,1.0,22.34779898751422,0.988823434473854,0.9955357142857143,0.975830078125,412.23192329654665,40.53233369353965,40.02155579569308,44
4000,31592,22204,299.6681158444078,0.9996924212598425,1.0,31.071953648512327,0.8874482414165337,0.9464953731049419,0.7328076018808778,343.171466785093,44.255026411027785,43.503350940685195,39
3981,31592,22204,371.7908336193247,1.0,1.0,29.657324201940423,0.980857909518464,0.9772787740116,0.975625,422.56197663992106,50.65671453089429,50.77114302059617,46
3988,31592,22204,354.53599962338564,1.0,1.0,33.17433416556617,0.9103148143435218,0.9335293843065864,0.8213956489675516,402.0577243186833,45.032587042946155,47.52172469529744,45
3987,31592,22204,272.4683479098375,1.0,1.0,26.501371085549017,0.9846065224086602,0.9935388447765842,0.965668004587156,312.08038005057057,38.41804821109971,39.612032140733135,33
3986,31592,22204,370.5622904618636,1.0,1.0,32.288313387873046,0.9486496719867642,0.97556142668428,0.9095350404312669,416.7792541811282,43.07544557889647,46.216963719264314,49
3996,31592,22204,275.49778516136035,1.0,1.0,27.234589528788604,0.962949494085182,0.9672655673147921,0.9273065476190476,318.20430689422113,44.55978259929106,42.70652173286069,34
3993,31592,22204,484.7876872062797,1.0,1.0,17.593975834014046,0.9813036999040421,0.9829700705344093,0.9658304498269896,559.2002214944849,76.36880143230745,74.412534288205,62
3999,31592,22204,479.27487280135676,1.0,1.0,37.99561821197673,0.9631535366066054,0.9643714065824619,0.9429671968190855,529.3743873180499,45.899271775039125,50.09951451669276,62
3985,31592,22204,520.1753402449025,1.0,1.0,35.105912909050986,0.9808016023523897,0.981847600748344,0.971875,574.8133470035716,51.957010138003085,54.63800675866869,66
3995,31592,22204,397.10205773389663,1.0,1.0,29.022835893573642,0.9286119488872655,0.932133399165133,0.8591409176029963,443.52945925120883,43.39110227596797,46.42740151731197,53
3997,31592,22204,337.7883492349119,0.9998875899280576,1.0,29.821984493306843,0.9875597008200412,0.9903100775193798,0.9891042284866469,378.07042101031607,38.6731076631062,40.282071775404134,44
